id,date,index_name,close_value
1,2022-01-03,NIFTY50,17492.79
2,2022-01-04,NIFTY50,17689.64
3,2022-01-05,NIFTY50,17835.05
4,2022-01-06,NIFTY50,17878.51
5,2022-01-07,NIFTY50,17759.15
6,2022-01-10,NIFTY50,18124.84
7,2022-01-11,NIFTY50,18256.96
8,2022-01-12,NIFTY50,18162.54
9,2022-01-13,NIFTY50,18179.05
10,2022-01-14,NIFTY50,17971.75
11,2022-01-17,NIFTY50,17998.26
12,2022-01-18,NIFTY50,17938.46
13,2022-01-19,NIFTY50,18301.33
14,2022-01-20,NIFTY50,18424.66
15,2022-01-21,NIFTY50,18055.59
16,2022-01-24,NIFTY50,18338.54
17,2022-01-25,NIFTY50,18408.04
18,2022-01-26,NIFTY50,18650.54
19,2022-01-27,NIFTY50,18701.92
20,2022-01-28,NIFTY50,18734.13
21,2022-01-31,NIFTY50,18615.38
22,2022-02-01,NIFTY50,18724.17
23,2022-02-02,NIFTY50,18900.9
24,2022-02-03,NIFTY50,18640.35
25,2022-02-04,NIFTY50,18524.44
26,2022-02-07,NIFTY50,18347.28
27,2022-02-08,NIFTY50,18626.31
28,2022-02-09,NIFTY50,18807.0
29,2022-02-10,NIFTY50,18760.65
30,2022-02-11,NIFTY50,18935.65
31,2022-02-14,NIFTY50,18733.59
32,2022-02-15,NIFTY50,18789.33
33,2022-02-16,NIFTY50,18942.63
34,2022-02-17,NIFTY50,18867.92
35,2022-02-18,NIFTY50,18875.61
36,2022-02-21,NIFTY50,18962.56
37,2022-02-22,NIFTY50,19151.71
38,2022-02-23,NIFTY50,18922.93
39,2022-02-24,NIFTY50,18905.49
40,2022-02-25,NIFTY50,18772.62
41,2022-02-28,NIFTY50,18865.93
42,2022-03-01,NIFTY50,18827.48
43,2022-03-02,NIFTY50,18962.53
44,2022-03-03,NIFTY50,18764.05
45,2022-03-04,NIFTY50,18700.26
46,2022-03-07,NIFTY50,19018.69
47,2022-03-08,NIFTY50,18996.04
48,2022-03-09,NIFTY50,19174.22
49,2022-03-10,NIFTY50,19018.0
50,2022-03-11,NIFTY50,18796.74
51,2022-03-14,NIFTY50,19023.35
52,2022-03-15,NIFTY50,19158.43
53,2022-03-16,NIFTY50,19102.14
54,2022-03-17,NIFTY50,19368.71
55,2022-03-18,NIFTY50,19279.61
56,2022-03-21,NIFTY50,19153.99
57,2022-03-22,NIFTY50,19165.54
58,2022-03-23,NIFTY50,19132.24
59,2022-03-24,NIFTY50,18960.4
60,2022-03-25,NIFTY50,18951.21
61,2022-03-28,NIFTY50,18999.44
62,2022-03-29,NIFTY50,19138.12
63,2022-03-30,NIFTY50,19568.64
64,2022-03-31,NIFTY50,19775.28
65,2022-04-01,NIFTY50,19613.8
66,2022-04-04,NIFTY50,20065.6
67,2022-04-05,NIFTY50,20083.52
68,2022-04-06,NIFTY50,20147.77
69,2022-04-07,NIFTY50,20045.55
70,2022-04-08,NIFTY50,20053.65
71,2022-04-11,NIFTY50,20059.1
72,2022-04-12,NIFTY50,20180.83
73,2022-04-13,NIFTY50,20341.13
74,2022-04-14,NIFTY50,20287.69
75,2022-04-15,NIFTY50,20496.5
76,2022-04-18,NIFTY50,20414.87
77,2022-04-19,NIFTY50,20612.2
78,2022-04-20,NIFTY50,20511.28
79,2022-04-21,NIFTY50,20331.45
80,2022-04-22,NIFTY50,20291.62
81,2022-04-25,NIFTY50,20260.33
82,2022-04-26,NIFTY50,20107.17
83,2022-04-27,NIFTY50,20054.36
84,2022-04-28,NIFTY50,19975.05
85,2022-04-29,NIFTY50,19985.01
86,2022-05-02,NIFTY50,20084.37
87,2022-05-03,NIFTY50,20080.44
88,2022-05-04,NIFTY50,19936.88
89,2022-05-05,NIFTY50,19887.01
90,2022-05-06,NIFTY50,20058.65
91,2022-05-09,NIFTY50,19959.55
92,2022-05-10,NIFTY50,19812.47
93,2022-05-11,NIFTY50,19573.89
94,2022-05-12,NIFTY50,19473.78
95,2022-05-13,NIFTY50,19615.18
96,2022-05-16,NIFTY50,19507.43
97,2022-05-17,NIFTY50,19510.92
98,2022-05-18,NIFTY50,19442.05
99,2022-05-19,NIFTY50,19363.97
100,2022-05-20,NIFTY50,19582.7
101,2022-05-23,NIFTY50,19568.13
102,2022-05-24,NIFTY50,19377.34
103,2022-05-25,NIFTY50,19145.6
104,2022-05-26,NIFTY50,18989.49
105,2022-05-27,NIFTY50,18816.95
106,2022-05-30,NIFTY50,18959.16
107,2022-05-31,NIFTY50,18935.9
108,2022-06-01,NIFTY50,18955.11
109,2022-06-02,NIFTY50,18925.23
110,2022-06-03,NIFTY50,18902.99
111,2022-06-06,NIFTY50,19058.44
112,2022-06-07,NIFTY50,19226.83
113,2022-06-08,NIFTY50,19519.86
114,2022-06-09,NIFTY50,19389.21
115,2022-06-10,NIFTY50,19336.46
116,2022-06-13,NIFTY50,19376.58
117,2022-06-14,NIFTY50,19637.19
118,2022-06-15,NIFTY50,19535.11
119,2022-06-16,NIFTY50,19696.35
120,2022-06-17,NIFTY50,19607.58
121,2022-06-20,NIFTY50,19773.96
122,2022-06-21,NIFTY50,19798.47
123,2022-06-22,NIFTY50,19639.48
124,2022-06-23,NIFTY50,19629.85
125,2022-06-24,NIFTY50,19738.19
126,2022-06-27,NIFTY50,19287.24
127,2022-06-28,NIFTY50,19440.76
128,2022-06-29,NIFTY50,19217.98
129,2022-06-30,NIFTY50,19192.78
130,2022-07-01,NIFTY50,19184.78
131,2022-07-04,NIFTY50,18769.89
132,2022-07-05,NIFTY50,18684.56
133,2022-07-06,NIFTY50,18757.53
134,2022-07-07,NIFTY50,19054.96
135,2022-07-08,NIFTY50,19192.88
136,2022-07-11,NIFTY50,19344.92
137,2022-07-12,NIFTY50,19015.04
138,2022-07-13,NIFTY50,18977.21
139,2022-07-14,NIFTY50,19271.29
140,2022-07-15,NIFTY50,19438.74
141,2022-07-18,NIFTY50,19366.57
142,2022-07-19,NIFTY50,19393.94
143,2022-07-20,NIFTY50,19559.49
144,2022-07-21,NIFTY50,19722.34
145,2022-07-22,NIFTY50,19711.32
146,2022-07-25,NIFTY50,19681.21
147,2022-07-26,NIFTY50,19761.96
148,2022-07-27,NIFTY50,19929.86
149,2022-07-28,NIFTY50,19875.39
150,2022-07-29,NIFTY50,19585.87
151,2022-08-01,NIFTY50,19582.35
152,2022-08-02,NIFTY50,19390.08
153,2022-08-03,NIFTY50,19708.9
154,2022-08-04,NIFTY50,19564.96
155,2022-08-05,NIFTY50,19555.4
156,2022-08-08,NIFTY50,19451.25
157,2022-08-09,NIFTY50,19378.13
158,2022-08-10,NIFTY50,19520.25
159,2022-08-11,NIFTY50,19698.67
160,2022-08-12,NIFTY50,19814.19
161,2022-08-15,NIFTY50,19981.4
162,2022-08-16,NIFTY50,19904.95
163,2022-08-17,NIFTY50,19736.49
164,2022-08-18,NIFTY50,19625.12
165,2022-08-19,NIFTY50,19703.9
166,2022-08-22,NIFTY50,19910.72
167,2022-08-23,NIFTY50,19719.82
168,2022-08-24,NIFTY50,19671.88
169,2022-08-25,NIFTY50,19637.3
170,2022-08-26,NIFTY50,19522.67
171,2022-08-29,NIFTY50,19627.67
172,2022-08-30,NIFTY50,19798.26
173,2022-08-31,NIFTY50,20209.61
174,2022-09-01,NIFTY50,20548.9
175,2022-09-02,NIFTY50,20692.13
176,2022-09-05,NIFTY50,20624.2
177,2022-09-06,NIFTY50,20753.83
178,2022-09-07,NIFTY50,20433.94
179,2022-09-08,NIFTY50,20554.69
180,2022-09-09,NIFTY50,20626.15
181,2022-09-12,NIFTY50,20648.98
182,2022-09-13,NIFTY50,20527.01
183,2022-09-14,NIFTY50,20670.74
184,2022-09-15,NIFTY50,20513.65
185,2022-09-16,NIFTY50,20701.55
186,2022-09-19,NIFTY50,20813.58
187,2022-09-20,NIFTY50,20896.86
188,2022-09-21,NIFTY50,20739.02
189,2022-09-22,NIFTY50,20638.36
190,2022-09-23,NIFTY50,20398.27
191,2022-09-26,NIFTY50,20548.89
192,2022-09-27,NIFTY50,20564.79
193,2022-09-28,NIFTY50,20484.23
194,2022-09-29,NIFTY50,20471.11
195,2022-09-30,NIFTY50,20657.7
196,2022-10-03,NIFTY50,20475.58
197,2022-10-04,NIFTY50,20411.92
198,2022-10-05,NIFTY50,20159.15
199,2022-10-06,NIFTY50,19995.72
200,2022-10-07,NIFTY50,19964.19
201,2022-10-10,NIFTY50,20151.84
202,2022-10-11,NIFTY50,20267.68
203,2022-10-12,NIFTY50,20442.32
204,2022-10-13,NIFTY50,20563.45
205,2022-10-14,NIFTY50,20412.01
206,2022-10-17,NIFTY50,20707.13
207,2022-10-18,NIFTY50,20843.26
208,2022-10-19,NIFTY50,21162.28
209,2022-10-20,NIFTY50,21464.58
210,2022-10-21,NIFTY50,21458.74
211,2022-10-24,NIFTY50,21383.16
212,2022-10-25,NIFTY50,21005.4
213,2022-10-26,NIFTY50,21044.03
214,2022-10-27,NIFTY50,21047.28
215,2022-10-28,NIFTY50,20947.39
216,2022-10-31,NIFTY50,20871.91
217,2022-11-01,NIFTY50,20970.82
218,2022-11-02,NIFTY50,20659.57
219,2022-11-03,NIFTY50,20887.35
220,2022-11-04,NIFTY50,21047.55
221,2022-11-07,NIFTY50,20996.17
222,2022-11-08,NIFTY50,20993.09
223,2022-11-09,NIFTY50,21057.78
224,2022-11-10,NIFTY50,21208.88
225,2022-11-11,NIFTY50,21574.46
226,2022-11-14,NIFTY50,21491.94
227,2022-11-15,NIFTY50,21743.69
228,2022-11-16,NIFTY50,21714.61
229,2022-11-17,NIFTY50,21654.27
230,2022-11-18,NIFTY50,21618.86
231,2022-11-21,NIFTY50,21821.82
232,2022-11-22,NIFTY50,21730.17
233,2022-11-23,NIFTY50,21759.53
234,2022-11-24,NIFTY50,21678.62
235,2022-11-25,NIFTY50,21612.98
236,2022-11-28,NIFTY50,21863.78
237,2022-11-29,NIFTY50,21872.29
238,2022-11-30,NIFTY50,21763.67
239,2022-12-01,NIFTY50,21696.78
240,2022-12-02,NIFTY50,21756.82
241,2022-12-05,NIFTY50,21757.88
242,2022-12-06,NIFTY50,21768.68
243,2022-12-07,NIFTY50,21725.81
244,2022-12-08,NIFTY50,21922.79
245,2022-12-09,NIFTY50,22037.03
246,2022-12-12,NIFTY50,22007.01
247,2022-12-13,NIFTY50,22040.93
248,2022-12-14,NIFTY50,21904.8
249,2022-12-15,NIFTY50,21902.0
250,2022-12-16,NIFTY50,21788.91
251,2022-12-19,NIFTY50,21834.23
252,2022-12-20,NIFTY50,21826.13
253,2022-12-21,NIFTY50,21793.49
254,2022-12-22,NIFTY50,21829.4
255,2022-12-23,NIFTY50,21893.27
256,2022-12-26,NIFTY50,22100.16
257,2022-12-27,NIFTY50,22252.11
258,2022-12-28,NIFTY50,22436.78
259,2022-12-29,NIFTY50,22382.85
260,2022-12-30,NIFTY50,22446.34
261,2023-01-02,NIFTY50,22778.36
262,2023-01-03,NIFTY50,22771.14
263,2023-01-04,NIFTY50,22806.13
264,2023-01-05,NIFTY50,22843.67
265,2023-01-06,NIFTY50,22835.1
266,2023-01-09,NIFTY50,23088.26
267,2023-01-10,NIFTY50,23015.77
268,2023-01-11,NIFTY50,23231.29
269,2023-01-12,NIFTY50,23389.28
270,2023-01-13,NIFTY50,23388.78
271,2023-01-16,NIFTY50,23321.28
272,2023-01-17,NIFTY50,23326.14
273,2023-01-18,NIFTY50,23559.85
274,2023-01-19,NIFTY50,23779.86
275,2023-01-20,NIFTY50,23947.55
276,2023-01-23,NIFTY50,23942.01
277,2023-01-24,NIFTY50,23961.96
278,2023-01-25,NIFTY50,24096.65
279,2023-01-26,NIFTY50,24061.41
280,2023-01-27,NIFTY50,24238.56
281,2023-01-30,NIFTY50,24280.25
282,2023-01-31,NIFTY50,24494.37
283,2023-02-01,NIFTY50,24223.82
284,2023-02-02,NIFTY50,24115.15
285,2023-02-03,NIFTY50,24060.94
286,2023-02-06,NIFTY50,24153.86
287,2023-02-07,NIFTY50,24091.1
288,2023-02-08,NIFTY50,24536.77
289,2023-02-09,NIFTY50,24304.68
290,2023-02-10,NIFTY50,24520.15
291,2023-02-13,NIFTY50,24780.22
292,2023-02-14,NIFTY50,24893.39
293,2023-02-15,NIFTY50,24840.97
294,2023-02-16,NIFTY50,24848.9
295,2023-02-17,NIFTY50,25027.64
296,2023-02-20,NIFTY50,24713.9
297,2023-02-21,NIFTY50,24597.57
298,2023-02-22,NIFTY50,24501.18
299,2023-02-23,NIFTY50,24622.43
300,2023-02-24,NIFTY50,24854.82
301,2023-02-27,NIFTY50,25273.35
302,2023-02-28,NIFTY50,24902.29
303,2023-03-01,NIFTY50,24705.34
304,2023-03-02,NIFTY50,24647.95
305,2023-03-03,NIFTY50,24772.26
306,2023-03-06,NIFTY50,24939.69
307,2023-03-07,NIFTY50,24711.86
308,2023-03-08,NIFTY50,24799.95
309,2023-03-09,NIFTY50,24297.03
310,2023-03-10,NIFTY50,24366.79
311,2023-03-13,NIFTY50,24373.18
312,2023-03-14,NIFTY50,24364.9
313,2023-03-15,NIFTY50,24298.41
314,2023-03-16,NIFTY50,24292.13
315,2023-03-17,NIFTY50,24367.8
316,2023-03-20,NIFTY50,24713.22
317,2023-03-21,NIFTY50,24466.13
318,2023-03-22,NIFTY50,24423.14
319,2023-03-23,NIFTY50,24543.24
320,2023-03-24,NIFTY50,24542.81
321,2023-03-27,NIFTY50,24579.47
322,2023-03-28,NIFTY50,24473.33
323,2023-03-29,NIFTY50,24651.04
324,2023-03-30,NIFTY50,24227.91
325,2023-03-31,NIFTY50,24043.2
326,2023-04-03,NIFTY50,24442.96
327,2023-04-04,NIFTY50,24209.74
328,2023-04-05,NIFTY50,24048.92
329,2023-04-06,NIFTY50,23905.67
330,2023-04-07,NIFTY50,23811.3
331,2023-04-10,NIFTY50,23818.88
332,2023-04-11,NIFTY50,24041.73
333,2023-04-12,NIFTY50,24147.4
334,2023-04-13,NIFTY50,24112.24
335,2023-04-14,NIFTY50,24471.76
336,2023-04-17,NIFTY50,24399.9
337,2023-04-18,NIFTY50,24423.04
338,2023-04-19,NIFTY50,24458.55
339,2023-04-20,NIFTY50,24640.52
340,2023-04-21,NIFTY50,24420.96
341,2023-04-24,NIFTY50,24228.6
342,2023-04-25,NIFTY50,24428.0
343,2023-04-26,NIFTY50,24799.47
344,2023-04-27,NIFTY50,24737.41
345,2023-04-28,NIFTY50,24494.8
346,2023-05-01,NIFTY50,24268.79
347,2023-05-02,NIFTY50,24487.26
348,2023-05-03,NIFTY50,24162.88
349,2023-05-04,NIFTY50,24187.03
350,2023-05-05,NIFTY50,24163.65
351,2023-05-08,NIFTY50,24041.81
352,2023-05-09,NIFTY50,23884.78
353,2023-05-10,NIFTY50,24032.77
354,2023-05-11,NIFTY50,24197.78
355,2023-05-12,NIFTY50,24441.85
356,2023-05-15,NIFTY50,24550.67
357,2023-05-16,NIFTY50,24563.89
358,2023-05-17,NIFTY50,24608.47
359,2023-05-18,NIFTY50,24820.77
360,2023-05-19,NIFTY50,24487.77
361,2023-05-22,NIFTY50,24588.67
362,2023-05-23,NIFTY50,24484.16
363,2023-05-24,NIFTY50,24571.39
364,2023-05-25,NIFTY50,24376.5
365,2023-05-26,NIFTY50,24558.48
366,2023-05-29,NIFTY50,24688.69
367,2023-05-30,NIFTY50,24558.17
368,2023-05-31,NIFTY50,24476.07
369,2023-06-01,NIFTY50,24375.89
370,2023-06-02,NIFTY50,24398.93
371,2023-06-05,NIFTY50,24819.7
372,2023-06-06,NIFTY50,24464.63
373,2023-06-07,NIFTY50,24541.65
374,2023-06-08,NIFTY50,24640.11
375,2023-06-09,NIFTY50,24544.89
376,2023-06-12,NIFTY50,24222.32
377,2023-06-13,NIFTY50,24194.0
378,2023-06-14,NIFTY50,23965.37
379,2023-06-15,NIFTY50,24086.29
380,2023-06-16,NIFTY50,23826.58
381,2023-06-19,NIFTY50,23828.16
382,2023-06-20,NIFTY50,23689.49
383,2023-06-21,NIFTY50,23918.57
384,2023-06-22,NIFTY50,24239.58
385,2023-06-23,NIFTY50,24179.92
386,2023-06-26,NIFTY50,23984.1
387,2023-06-27,NIFTY50,24326.44
388,2023-06-28,NIFTY50,24310.87
389,2023-06-29,NIFTY50,24385.1
390,2023-06-30,NIFTY50,24372.49
391,2023-07-03,NIFTY50,24343.08
392,2023-07-04,NIFTY50,24256.57
393,2023-07-05,NIFTY50,23895.6
394,2023-07-06,NIFTY50,24255.54
395,2023-07-07,NIFTY50,24306.47
396,2023-07-10,NIFTY50,24301.82
397,2023-07-11,NIFTY50,24498.9
398,2023-07-12,NIFTY50,24398.52
399,2023-07-13,NIFTY50,24484.15
400,2023-07-14,NIFTY50,24341.92
401,2023-07-17,NIFTY50,24284.8
402,2023-07-18,NIFTY50,24412.93
403,2023-07-19,NIFTY50,24479.6
404,2023-07-20,NIFTY50,24425.95
405,2023-07-21,NIFTY50,24584.3
406,2023-07-24,NIFTY50,24439.96
407,2023-07-25,NIFTY50,24269.21
408,2023-07-26,NIFTY50,24190.93
409,2023-07-27,NIFTY50,24156.83
410,2023-07-28,NIFTY50,24102.63
411,2023-07-31,NIFTY50,24029.95
412,2023-08-01,NIFTY50,24219.97
413,2023-08-02,NIFTY50,24531.73
414,2023-08-03,NIFTY50,24517.19
415,2023-08-04,NIFTY50,24648.05
416,2023-08-07,NIFTY50,24511.78
417,2023-08-08,NIFTY50,24504.44
418,2023-08-09,NIFTY50,24609.34
419,2023-08-10,NIFTY50,24452.05
420,2023-08-11,NIFTY50,24614.4
421,2023-08-14,NIFTY50,24479.93
422,2023-08-15,NIFTY50,24697.29
423,2023-08-16,NIFTY50,24881.56
424,2023-08-17,NIFTY50,25121.88
425,2023-08-18,NIFTY50,25345.46
426,2023-08-21,NIFTY50,25762.06
427,2023-08-22,NIFTY50,25881.66
428,2023-08-23,NIFTY50,25589.02
429,2023-08-24,NIFTY50,25628.24
430,2023-08-25,NIFTY50,25544.53
431,2023-08-28,NIFTY50,25272.65
432,2023-08-29,NIFTY50,25550.86
433,2023-08-30,NIFTY50,25499.01
434,2023-08-31,NIFTY50,25201.62
435,2023-09-01,NIFTY50,25080.84
436,2023-09-04,NIFTY50,25562.58
437,2023-09-05,NIFTY50,25862.75
438,2023-09-06,NIFTY50,26030.1
439,2023-09-07,NIFTY50,26177.37
440,2023-09-08,NIFTY50,25996.8
441,2023-09-11,NIFTY50,25801.55
442,2023-09-12,NIFTY50,25932.07
443,2023-09-13,NIFTY50,26284.12
444,2023-09-14,NIFTY50,26078.66
445,2023-09-15,NIFTY50,26070.46
446,2023-09-18,NIFTY50,26132.96
447,2023-09-19,NIFTY50,26042.52
448,2023-09-20,NIFTY50,26017.43
449,2023-09-21,NIFTY50,25811.49
450,2023-09-22,NIFTY50,25889.16
451,2023-09-25,NIFTY50,25938.06
452,2023-09-26,NIFTY50,26081.71
453,2023-09-27,NIFTY50,26050.54
454,2023-09-28,NIFTY50,26215.53
455,2023-09-29,NIFTY50,26300.87
456,2023-10-02,NIFTY50,26580.95
457,2023-10-03,NIFTY50,26535.97
458,2023-10-04,NIFTY50,26754.38
459,2023-10-05,NIFTY50,26718.02
460,2023-10-06,NIFTY50,26871.56
461,2023-10-09,NIFTY50,27178.46
462,2023-10-10,NIFTY50,27454.29
463,2023-10-11,NIFTY50,27421.55
464,2023-10-12,NIFTY50,27316.77
465,2023-10-13,NIFTY50,27547.99
466,2023-10-16,NIFTY50,27458.95
467,2023-10-17,NIFTY50,27695.63
468,2023-10-18,NIFTY50,27438.97
469,2023-10-19,NIFTY50,27558.75
470,2023-10-20,NIFTY50,27488.86
471,2023-10-23,NIFTY50,27129.29
472,2023-10-24,NIFTY50,26970.7
473,2023-10-25,NIFTY50,26898.16
474,2023-10-26,NIFTY50,27338.5
475,2023-10-27,NIFTY50,26688.69
476,2023-10-30,NIFTY50,26628.7
477,2023-10-31,NIFTY50,26565.37
478,2023-11-01,NIFTY50,26367.72
479,2023-11-02,NIFTY50,26296.57
480,2023-11-03,NIFTY50,26277.25
481,2023-11-06,NIFTY50,26145.92
482,2023-11-07,NIFTY50,26235.04
483,2023-11-08,NIFTY50,26589.74
484,2023-11-09,NIFTY50,26591.61
485,2023-11-10,NIFTY50,26455.11
486,2023-11-13,NIFTY50,26443.9
487,2023-11-14,NIFTY50,26381.22
488,2023-11-15,NIFTY50,26631.91
489,2023-11-16,NIFTY50,26543.49
490,2023-11-17,NIFTY50,26662.35
491,2023-11-20,NIFTY50,26738.23
492,2023-11-21,NIFTY50,26774.36
493,2023-11-22,NIFTY50,26539.03
494,2023-11-23,NIFTY50,26418.44
495,2023-11-24,NIFTY50,26389.86
496,2023-11-27,NIFTY50,26146.25
497,2023-11-28,NIFTY50,25949.67
498,2023-11-29,NIFTY50,25860.22
499,2023-11-30,NIFTY50,25945.06
500,2023-12-01,NIFTY50,26258.49
501,2023-12-04,NIFTY50,26328.55
502,2023-12-05,NIFTY50,26368.49
503,2023-12-06,NIFTY50,26396.12
504,2023-12-07,NIFTY50,26335.04
505,2023-12-08,NIFTY50,26327.03
506,2023-12-11,NIFTY50,26461.37
507,2023-12-12,NIFTY50,26679.91
508,2023-12-13,NIFTY50,26164.46
509,2023-12-14,NIFTY50,26332.05
510,2023-12-15,NIFTY50,26281.12
511,2023-12-18,NIFTY50,26400.34
512,2023-12-19,NIFTY50,26490.99
513,2023-12-20,NIFTY50,26475.03
514,2023-12-21,NIFTY50,26601.9
515,2023-12-22,NIFTY50,26676.81
516,2023-12-25,NIFTY50,26681.28
517,2023-12-26,NIFTY50,26670.1
518,2023-12-27,NIFTY50,26467.95
519,2023-12-28,NIFTY50,26483.66
520,2023-12-29,NIFTY50,26067.8
521,2024-01-01,NIFTY50,26141.77
522,2024-01-02,NIFTY50,26315.16
523,2024-01-03,NIFTY50,26017.19
524,2024-01-04,NIFTY50,25970.63
525,2024-01-05,NIFTY50,26286.8
526,2024-01-08,NIFTY50,26773.66
527,2024-01-09,NIFTY50,26765.23
528,2024-01-10,NIFTY50,26791.68
529,2024-01-11,NIFTY50,26788.79
530,2024-01-12,NIFTY50,26834.61
531,2024-01-15,NIFTY50,27120.42
532,2024-01-16,NIFTY50,27134.09
533,2024-01-17,NIFTY50,26843.83
534,2024-01-18,NIFTY50,26913.23
535,2024-01-19,NIFTY50,26841.32
536,2024-01-22,NIFTY50,26608.94
537,2024-01-23,NIFTY50,26378.65
538,2024-01-24,NIFTY50,26367.44
539,2024-01-25,NIFTY50,26515.75
540,2024-01-26,NIFTY50,26652.74
541,2024-01-29,NIFTY50,26930.04
542,2024-01-30,NIFTY50,26776.38
543,2024-01-31,NIFTY50,26708.12
544,2024-02-01,NIFTY50,26860.26
545,2024-02-02,NIFTY50,27032.14
546,2024-02-05,NIFTY50,26929.88
547,2024-02-06,NIFTY50,26791.56
548,2024-02-07,NIFTY50,26907.95
549,2024-02-08,NIFTY50,27115.31
550,2024-02-09,NIFTY50,27075.51
551,2024-02-12,NIFTY50,27190.52
552,2024-02-13,NIFTY50,27204.1
553,2024-02-14,NIFTY50,27072.21
554,2024-02-15,NIFTY50,27248.68
555,2024-02-16,NIFTY50,27210.95
556,2024-02-19,NIFTY50,26888.11
557,2024-02-20,NIFTY50,26756.34
558,2024-02-21,NIFTY50,26280.57
559,2024-02-22,NIFTY50,26881.8
560,2024-02-23,NIFTY50,27182.27
561,2024-02-26,NIFTY50,26902.93
562,2024-02-27,NIFTY50,26786.05
563,2024-02-28,NIFTY50,26848.24
564,2024-02-29,NIFTY50,27215.19
565,2024-03-01,NIFTY50,27390.12
566,2024-03-04,NIFTY50,27452.76
567,2024-03-05,NIFTY50,27333.8
568,2024-03-06,NIFTY50,27454.14
569,2024-03-07,NIFTY50,27565.91
570,2024-03-08,NIFTY50,27586.79
571,2024-03-11,NIFTY50,27581.92
572,2024-03-12,NIFTY50,27494.21
573,2024-03-13,NIFTY50,27798.72
574,2024-03-14,NIFTY50,27429.35
575,2024-03-15,NIFTY50,27511.84
576,2024-03-18,NIFTY50,27528.73
577,2024-03-19,NIFTY50,27101.41
578,2024-03-20,NIFTY50,27030.46
579,2024-03-21,NIFTY50,26818.59
580,2024-03-22,NIFTY50,26605.43
581,2024-03-25,NIFTY50,26447.91
582,2024-03-26,NIFTY50,26731.68
583,2024-03-27,NIFTY50,26731.44
584,2024-03-28,NIFTY50,26907.86
585,2024-03-29,NIFTY50,26656.93
586,2024-04-01,NIFTY50,26534.7
587,2024-04-02,NIFTY50,26455.04
588,2024-04-03,NIFTY50,26502.3
589,2024-04-04,NIFTY50,26630.64
590,2024-04-05,NIFTY50,26702.49
591,2024-04-08,NIFTY50,26539.12
592,2024-04-09,NIFTY50,26713.2
593,2024-04-10,NIFTY50,26592.91
594,2024-04-11,NIFTY50,26663.65
595,2024-04-12,NIFTY50,26377.86
596,2024-04-15,NIFTY50,26335.16
597,2024-04-16,NIFTY50,26459.58
598,2024-04-17,NIFTY50,26494.47
599,2024-04-18,NIFTY50,26330.15
600,2024-04-19,NIFTY50,26459.88
601,2024-04-22,NIFTY50,26304.4
602,2024-04-23,NIFTY50,25943.01
603,2024-04-24,NIFTY50,26175.88
604,2024-04-25,NIFTY50,25974.02
605,2024-04-26,NIFTY50,26154.9
606,2024-04-29,NIFTY50,26116.62
607,2024-04-30,NIFTY50,26267.55
608,2024-05-01,NIFTY50,26111.64
609,2024-05-02,NIFTY50,26307.62
610,2024-05-03,NIFTY50,26202.91
611,2024-05-06,NIFTY50,26156.68
612,2024-05-07,NIFTY50,25711.25
613,2024-05-08,NIFTY50,25384.42
614,2024-05-09,NIFTY50,25554.67
615,2024-05-10,NIFTY50,25427.66
616,2024-05-13,NIFTY50,25034.38
617,2024-05-14,NIFTY50,24918.63
618,2024-05-15,NIFTY50,25040.63
619,2024-05-16,NIFTY50,24808.29
620,2024-05-17,NIFTY50,25031.62
621,2024-05-20,NIFTY50,24930.84
622,2024-05-21,NIFTY50,24864.19
623,2024-05-22,NIFTY50,24718.66
624,2024-05-23,NIFTY50,24352.62
625,2024-05-24,NIFTY50,24302.31
626,2024-05-27,NIFTY50,24294.5
627,2024-05-28,NIFTY50,24377.48
628,2024-05-29,NIFTY50,24232.85
629,2024-05-30,NIFTY50,23918.07
630,2024-05-31,NIFTY50,24263.56
631,2024-06-03,NIFTY50,24306.96
632,2024-06-04,NIFTY50,24298.76
633,2024-06-05,NIFTY50,24515.94
634,2024-06-06,NIFTY50,24327.82
635,2024-06-07,NIFTY50,24108.83
636,2024-06-10,NIFTY50,24240.59
637,2024-06-11,NIFTY50,24606.36
638,2024-06-12,NIFTY50,24329.59
639,2024-06-13,NIFTY50,24328.14
640,2024-06-14,NIFTY50,24400.26
641,2024-06-17,NIFTY50,24493.03
642,2024-06-18,NIFTY50,24433.08
643,2024-06-19,NIFTY50,24251.6
644,2024-06-20,NIFTY50,23845.04
645,2024-06-21,NIFTY50,24242.12
646,2024-06-24,NIFTY50,24562.63
647,2024-06-25,NIFTY50,24429.47
648,2024-06-26,NIFTY50,24432.48
649,2024-06-27,NIFTY50,24309.96
650,2024-06-28,NIFTY50,24249.42
651,2024-07-01,NIFTY50,24219.76
652,2024-07-02,NIFTY50,23978.71
653,2024-07-03,NIFTY50,23963.28
654,2024-07-04,NIFTY50,23984.4
655,2024-07-05,NIFTY50,23663.37
656,2024-07-08,NIFTY50,23523.06
657,2024-07-09,NIFTY50,23252.67
658,2024-07-10,NIFTY50,23052.9
659,2024-07-11,NIFTY50,23007.05
660,2024-07-12,NIFTY50,22976.94
661,2024-07-15,NIFTY50,22948.31
662,2024-07-16,NIFTY50,23344.22
663,2024-07-17,NIFTY50,23403.7
664,2024-07-18,NIFTY50,23477.72
665,2024-07-19,NIFTY50,23500.87
666,2024-07-22,NIFTY50,23225.61
667,2024-07-23,NIFTY50,23202.96
668,2024-07-24,NIFTY50,23204.79
669,2024-07-25,NIFTY50,23346.45
670,2024-07-26,NIFTY50,23136.57
671,2024-07-29,NIFTY50,23030.51
672,2024-07-30,NIFTY50,22827.69
673,2024-07-31,NIFTY50,22704.38
674,2024-08-01,NIFTY50,22650.66
675,2024-08-02,NIFTY50,22431.03
676,2024-08-05,NIFTY50,22584.78
677,2024-08-06,NIFTY50,22404.45
678,2024-08-07,NIFTY50,22532.78
679,2024-08-08,NIFTY50,22452.13
680,2024-08-09,NIFTY50,22367.52
681,2024-08-12,NIFTY50,22526.84
682,2024-08-13,NIFTY50,22647.1
683,2024-08-14,NIFTY50,22735.91
684,2024-08-15,NIFTY50,22420.47
685,2024-08-16,NIFTY50,22650.74
686,2024-08-19,NIFTY50,22929.48
687,2024-08-20,NIFTY50,22884.85
688,2024-08-21,NIFTY50,22709.62
689,2024-08-22,NIFTY50,22490.05
690,2024-08-23,NIFTY50,22439.05
691,2024-08-26,NIFTY50,22243.53
692,2024-08-27,NIFTY50,22207.46
693,2024-08-28,NIFTY50,22110.53
694,2024-08-29,NIFTY50,21873.88
695,2024-08-30,NIFTY50,21757.43
696,2024-09-02,NIFTY50,21776.98
697,2024-09-03,NIFTY50,21618.96
698,2024-09-04,NIFTY50,21560.82
699,2024-09-05,NIFTY50,21723.49
700,2024-09-06,NIFTY50,21594.36
701,2024-09-09,NIFTY50,21435.0
702,2024-09-10,NIFTY50,21460.45
703,2024-09-11,NIFTY50,21670.03
704,2024-09-12,NIFTY50,21751.37
705,2024-09-13,NIFTY50,21636.51
706,2024-09-16,NIFTY50,21521.66
707,2024-09-17,NIFTY50,21440.2
708,2024-09-18,NIFTY50,21386.9
709,2024-09-19,NIFTY50,21833.13
710,2024-09-20,NIFTY50,21860.06
711,2024-09-23,NIFTY50,22193.05
712,2024-09-24,NIFTY50,22353.15
713,2024-09-25,NIFTY50,21904.89
714,2024-09-26,NIFTY50,21823.42
715,2024-09-27,NIFTY50,21820.83
716,2024-09-30,NIFTY50,21860.32
717,2024-10-01,NIFTY50,21882.13
718,2024-10-02,NIFTY50,21585.33
719,2024-10-03,NIFTY50,21285.85
720,2024-10-04,NIFTY50,21287.69
721,2024-10-07,NIFTY50,21226.63
722,2024-10-08,NIFTY50,21458.83
723,2024-10-09,NIFTY50,21469.47
724,2024-10-10,NIFTY50,21614.9
725,2024-10-11,NIFTY50,21740.08
726,2024-10-14,NIFTY50,21737.68
727,2024-10-15,NIFTY50,21945.12
728,2024-10-16,NIFTY50,21871.8
729,2024-10-17,NIFTY50,21872.35
730,2024-10-18,NIFTY50,21894.68
731,2024-10-21,NIFTY50,21753.58
732,2024-10-22,NIFTY50,21557.84
733,2024-10-23,NIFTY50,21341.42
734,2024-10-24,NIFTY50,21169.13
735,2024-10-25,NIFTY50,21155.33
736,2024-10-28,NIFTY50,21218.4
737,2024-10-29,NIFTY50,21010.6
738,2024-10-30,NIFTY50,21029.77
739,2024-10-31,NIFTY50,20995.61
740,2024-11-01,NIFTY50,21165.71
741,2024-11-04,NIFTY50,21088.33
742,2024-11-05,NIFTY50,21373.95
743,2024-11-06,NIFTY50,21517.91
744,2024-11-07,NIFTY50,21469.52
745,2024-11-08,NIFTY50,21383.49
746,2024-11-11,NIFTY50,21549.43
747,2024-11-12,NIFTY50,21500.74
748,2024-11-13,NIFTY50,21517.68
749,2024-11-14,NIFTY50,21438.01
750,2024-11-15,NIFTY50,21350.68
751,2024-11-18,NIFTY50,21147.94
752,2024-11-19,NIFTY50,21396.52
753,2024-11-20,NIFTY50,21337.55
754,2024-11-21,NIFTY50,21371.25
755,2024-11-22,NIFTY50,21467.6
756,2024-11-25,NIFTY50,21717.8
757,2024-11-26,NIFTY50,21628.92
758,2024-11-27,NIFTY50,21234.91
759,2024-11-28,NIFTY50,21260.85
760,2024-11-29,NIFTY50,21358.1
761,2024-12-02,NIFTY50,21273.83
762,2024-12-03,NIFTY50,21379.73
763,2024-12-04,NIFTY50,21390.01
764,2024-12-05,NIFTY50,21338.71
765,2024-12-06,NIFTY50,21582.0
766,2024-12-09,NIFTY50,21535.65
767,2024-12-10,NIFTY50,21840.26
768,2024-12-11,NIFTY50,21856.57
769,2024-12-12,NIFTY50,21718.53
770,2024-12-13,NIFTY50,21392.39
771,2024-12-16,NIFTY50,21612.32
772,2024-12-17,NIFTY50,21792.31
773,2024-12-18,NIFTY50,21945.2
774,2024-12-19,NIFTY50,22187.83
775,2024-12-20,NIFTY50,22527.48
776,2024-12-23,NIFTY50,22146.78
777,2024-12-24,NIFTY50,21838.5
778,2024-12-25,NIFTY50,21798.66
779,2024-12-26,NIFTY50,21984.51
780,2024-12-27,NIFTY50,22047.05
781,2024-12-30,NIFTY50,22110.15
782,2024-12-31,NIFTY50,22040.14
783,2025-01-01,NIFTY50,21898.36
784,2025-01-02,NIFTY50,21891.34
785,2025-01-03,NIFTY50,21856.17
786,2025-01-06,NIFTY50,21786.26
787,2025-01-07,NIFTY50,21909.21
788,2025-01-08,NIFTY50,21917.86
789,2025-01-09,NIFTY50,22007.87
790,2025-01-10,NIFTY50,21998.22
791,2025-01-13,NIFTY50,22132.75
792,2025-01-14,NIFTY50,21943.93
793,2025-01-15,NIFTY50,21701.58
794,2025-01-16,NIFTY50,21652.11
795,2025-01-17,NIFTY50,21798.48
796,2025-01-20,NIFTY50,21744.26
797,2025-01-21,NIFTY50,22120.01
798,2025-01-22,NIFTY50,21946.64
799,2025-01-23,NIFTY50,21922.3
800,2025-01-24,NIFTY50,21605.35
801,2025-01-27,NIFTY50,21878.84
802,2025-01-28,NIFTY50,21867.68
803,2025-01-29,NIFTY50,21460.36
804,2025-01-30,NIFTY50,21415.14
805,2025-01-31,NIFTY50,20978.61
806,2025-02-03,NIFTY50,21199.23
807,2025-02-04,NIFTY50,21051.69
808,2025-02-05,NIFTY50,21068.72
809,2025-02-06,NIFTY50,20951.31
810,2025-02-07,NIFTY50,20926.99
811,2025-02-10,NIFTY50,21075.16
812,2025-02-11,NIFTY50,21015.32
813,2025-02-12,NIFTY50,21121.5
814,2025-02-13,NIFTY50,20650.3
815,2025-02-14,NIFTY50,20445.87
816,2025-02-17,NIFTY50,20464.36
817,2025-02-18,NIFTY50,20353.97
818,2025-02-19,NIFTY50,20560.37
819,2025-02-20,NIFTY50,20711.63
820,2025-02-21,NIFTY50,20954.15
821,2025-02-24,NIFTY50,20981.05
822,2025-02-25,NIFTY50,20863.63
823,2025-02-26,NIFTY50,20978.52
824,2025-02-27,NIFTY50,20808.01
825,2025-02-28,NIFTY50,20768.48
826,2025-03-03,NIFTY50,20847.94
827,2025-03-04,NIFTY50,20737.75
828,2025-03-05,NIFTY50,21157.49
829,2025-03-06,NIFTY50,21292.87
830,2025-03-07,NIFTY50,21143.25
831,2025-03-10,NIFTY50,21319.95
832,2025-03-11,NIFTY50,21617.26
833,2025-03-12,NIFTY50,21362.09
834,2025-03-13,NIFTY50,21597.43
835,2025-03-14,NIFTY50,21385.56
836,2025-03-17,NIFTY50,21394.22
837,2025-03-18,NIFTY50,21435.1
838,2025-03-19,NIFTY50,21329.91
839,2025-03-20,NIFTY50,21224.67
840,2025-03-21,NIFTY50,21086.44
841,2025-03-24,NIFTY50,21003.35
842,2025-03-25,NIFTY50,20842.98
843,2025-03-26,NIFTY50,21043.85
844,2025-03-27,NIFTY50,20801.86
845,2025-03-28,NIFTY50,21120.45
846,2025-03-31,NIFTY50,21107.42
847,2025-04-01,NIFTY50,20758.3
848,2025-04-02,NIFTY50,20900.04
849,2025-04-03,NIFTY50,20843.6
850,2025-04-04,NIFTY50,20650.82
851,2025-04-07,NIFTY50,20602.99
852,2025-04-08,NIFTY50,20482.53
853,2025-04-09,NIFTY50,20709.48
854,2025-04-10,NIFTY50,20587.3
855,2025-04-11,NIFTY50,20374.92
856,2025-04-14,NIFTY50,20266.64
857,2025-04-15,NIFTY50,20112.15
858,2025-04-16,NIFTY50,20300.03
859,2025-04-17,NIFTY50,20343.18
860,2025-04-18,NIFTY50,20109.89
861,2025-04-21,NIFTY50,19946.22
862,2025-04-22,NIFTY50,19883.09
863,2025-04-23,NIFTY50,19594.65
864,2025-04-24,NIFTY50,19426.95
865,2025-04-25,NIFTY50,19487.87
866,2025-04-28,NIFTY50,19789.04
867,2025-04-29,NIFTY50,19502.75
868,2025-04-30,NIFTY50,19952.62
869,2025-05-01,NIFTY50,20023.5
870,2025-05-02,NIFTY50,19847.79
871,2025-05-05,NIFTY50,20107.16
872,2025-05-06,NIFTY50,20185.78
873,2025-05-07,NIFTY50,20335.79
874,2025-05-08,NIFTY50,20483.46
875,2025-05-09,NIFTY50,20674.47
876,2025-05-12,NIFTY50,20473.51
877,2025-05-13,NIFTY50,20619.09
878,2025-05-14,NIFTY50,20637.93
879,2025-05-15,NIFTY50,20746.22
880,2025-05-16,NIFTY50,20641.62
881,2025-05-19,NIFTY50,20542.34
882,2025-05-20,NIFTY50,20454.84
883,2025-05-21,NIFTY50,20587.5
884,2025-05-22,NIFTY50,20583.11
885,2025-05-23,NIFTY50,20502.19
886,2025-05-26,NIFTY50,20455.39
887,2025-05-27,NIFTY50,20675.83
888,2025-05-28,NIFTY50,20769.54
889,2025-05-29,NIFTY50,20857.58
890,2025-05-30,NIFTY50,20913.08
891,2025-06-02,NIFTY50,21107.5
892,2025-06-03,NIFTY50,20935.42
893,2025-06-04,NIFTY50,21097.91
894,2025-06-05,NIFTY50,21121.17
895,2025-06-06,NIFTY50,20970.41
896,2025-06-09,NIFTY50,20977.09
897,2025-06-10,NIFTY50,20939.94
898,2025-06-11,NIFTY50,21008.55
899,2025-06-12,NIFTY50,21174.14
900,2025-06-13,NIFTY50,20989.16
901,2025-06-16,NIFTY50,21296.6
902,2025-06-17,NIFTY50,21015.5
903,2025-06-18,NIFTY50,20898.4
904,2025-06-19,NIFTY50,21248.57
905,2025-06-20,NIFTY50,21001.73
906,2025-06-23,NIFTY50,20910.16
907,2025-06-24,NIFTY50,20787.22
908,2025-06-25,NIFTY50,20389.07
909,2025-06-26,NIFTY50,20380.39
910,2025-06-27,NIFTY50,20464.36
911,2025-06-30,NIFTY50,20548.17
912,2025-07-01,NIFTY50,20458.04
913,2025-07-02,NIFTY50,20138.08
914,2025-07-03,NIFTY50,20032.04
915,2025-07-04,NIFTY50,19892.88
916,2025-07-07,NIFTY50,19942.66
917,2025-07-08,NIFTY50,19857.84
918,2025-07-09,NIFTY50,19930.69
919,2025-07-10,NIFTY50,19624.86
920,2025-07-11,NIFTY50,19732.14
921,2025-07-14,NIFTY50,19820.07
922,2025-07-15,NIFTY50,19646.82
923,2025-07-16,NIFTY50,19535.62
924,2025-07-17,NIFTY50,19487.91
925,2025-07-18,NIFTY50,19665.12
926,2025-07-21,NIFTY50,19621.67
927,2025-07-22,NIFTY50,19679.59
928,2025-07-23,NIFTY50,19683.16
929,2025-07-24,NIFTY50,19834.61
930,2025-07-25,NIFTY50,19866.08
931,2025-07-28,NIFTY50,19669.27
932,2025-07-29,NIFTY50,19631.76
933,2025-07-30,NIFTY50,19798.35
934,2025-07-31,NIFTY50,19856.06
935,2025-08-01,NIFTY50,19663.19
936,2025-08-04,NIFTY50,19956.72
937,2025-08-05,NIFTY50,19863.21
938,2025-08-06,NIFTY50,20020.43
939,2025-08-07,NIFTY50,20259.68
940,2025-08-08,NIFTY50,20442.73
941,2025-08-11,NIFTY50,20302.52
942,2025-08-12,NIFTY50,20492.23
943,2025-08-13,NIFTY50,20540.34
944,2025-08-14,NIFTY50,20327.49
945,2025-08-15,NIFTY50,20321.95
946,2025-08-18,NIFTY50,20165.11
947,2025-08-19,NIFTY50,20238.79
948,2025-08-20,NIFTY50,20379.02
949,2025-08-21,NIFTY50,20577.01
950,2025-08-22,NIFTY50,20573.44
951,2025-08-25,NIFTY50,20428.68
952,2025-08-26,NIFTY50,20237.5
953,2025-08-27,NIFTY50,20359.35
954,2025-08-28,NIFTY50,20531.62
955,2025-08-29,NIFTY50,20633.24
956,2025-09-01,NIFTY50,20498.69
957,2025-09-02,NIFTY50,20400.89
958,2025-09-03,NIFTY50,20314.81
959,2025-09-04,NIFTY50,20075.62
960,2025-09-05,NIFTY50,20167.91
961,2025-09-08,NIFTY50,20153.66
962,2025-09-09,NIFTY50,20400.72
963,2025-09-10,NIFTY50,20248.26
964,2025-09-11,NIFTY50,20233.43
965,2025-09-12,NIFTY50,20037.29
966,2025-09-15,NIFTY50,19984.15
967,2025-09-16,NIFTY50,20123.23
968,2025-09-17,NIFTY50,20141.99
969,2025-09-18,NIFTY50,19992.62
970,2025-09-19,NIFTY50,19758.05
971,2025-09-22,NIFTY50,19713.28
972,2025-09-23,NIFTY50,19755.9
973,2025-09-24,NIFTY50,19898.51
974,2025-09-25,NIFTY50,19786.63
975,2025-09-26,NIFTY50,19671.28
976,2025-09-29,NIFTY50,20025.86
977,2025-09-30,NIFTY50,20031.45
978,2025-10-01,NIFTY50,20198.11
979,2025-10-02,NIFTY50,19999.37
980,2025-10-03,NIFTY50,20061.7
981,2025-10-06,NIFTY50,20192.97
982,2025-10-07,NIFTY50,20212.15
983,2025-10-08,NIFTY50,19935.59
984,2025-10-09,NIFTY50,19797.34
985,2025-10-10,NIFTY50,19866.46
986,2025-10-13,NIFTY50,19617.49
987,2025-10-14,NIFTY50,20038.2
988,2025-10-15,NIFTY50,20235.74
989,2025-10-16,NIFTY50,19997.05
990,2025-10-17,NIFTY50,20049.63
991,2025-10-20,NIFTY50,20071.64
992,2025-10-21,NIFTY50,20261.08
993,2025-10-22,NIFTY50,19860.45
994,2025-10-23,NIFTY50,19897.55
995,2025-10-24,NIFTY50,19712.01
996,2025-10-27,NIFTY50,19792.4
997,2025-10-28,NIFTY50,19626.23
998,2025-10-29,NIFTY50,19856.98
999,2025-10-30,NIFTY50,19916.8
1000,2025-10-31,NIFTY50,19634.35
1001,2025-11-03,NIFTY50,19237.47
1002,2025-11-04,NIFTY50,19325.33
1003,2025-11-05,NIFTY50,19224.82
1004,2025-11-06,NIFTY50,19324.55
1005,2025-11-07,NIFTY50,19229.58
1006,2025-11-10,NIFTY50,19429.29
1007,2025-11-11,NIFTY50,19599.87
1008,2025-11-12,NIFTY50,19678.69
1009,2025-11-13,NIFTY50,19543.62
1010,2025-11-14,NIFTY50,19459.3
1011,2025-11-17,NIFTY50,19427.32
1012,2025-11-18,NIFTY50,19270.2
1013,2025-11-19,NIFTY50,19384.09
1014,2025-11-20,NIFTY50,19341.65
1015,2025-11-21,NIFTY50,19322.07
1016,2025-11-24,NIFTY50,19249.08
1017,2025-11-25,NIFTY50,19255.41
1018,2025-11-26,NIFTY50,19292.28
1019,2025-11-27,NIFTY50,19215.07
1020,2025-11-28,NIFTY50,19187.01
1021,2025-12-01,NIFTY50,19123.08
1022,2025-12-02,NIFTY50,19059.76
1023,2025-12-03,NIFTY50,19072.05
1024,2025-12-04,NIFTY50,18685.61
1025,2025-12-05,NIFTY50,18910.47
1026,2025-12-08,NIFTY50,19038.06
1027,2025-12-09,NIFTY50,19072.17
1028,2025-12-10,NIFTY50,19212.55
1029,2025-12-11,NIFTY50,19009.32
1030,2025-12-12,NIFTY50,18748.29
1031,2025-12-15,NIFTY50,18469.26
1032,2025-12-16,NIFTY50,18543.66
1033,2025-12-17,NIFTY50,18573.96
1034,2025-12-18,NIFTY50,18637.62
1035,2025-12-19,NIFTY50,18789.93
1036,2025-12-22,NIFTY50,18436.93
1037,2025-12-23,NIFTY50,18265.14
1038,2025-12-24,NIFTY50,18176.35
1039,2025-12-25,NIFTY50,18284.4
1040,2025-12-26,NIFTY50,18315.42
1041,2025-12-29,NIFTY50,18723.63
1042,2025-12-30,NIFTY50,18565.61
1043,2025-12-31,NIFTY50,18654.07
1044,2026-01-01,NIFTY50,18808.75
1045,2026-01-02,NIFTY50,19044.78
1046,2026-01-05,NIFTY50,19021.88
1047,2026-01-06,NIFTY50,18829.06
1048,2026-01-07,NIFTY50,18939.51
1049,2026-01-08,NIFTY50,18993.86
1050,2026-01-09,NIFTY50,19092.69
1051,2026-01-12,NIFTY50,19314.22
1052,2026-01-13,NIFTY50,19285.86
1053,2026-01-14,NIFTY50,19131.63
1054,2026-01-15,NIFTY50,19229.77
1055,2026-01-16,NIFTY50,19287.53
1056,2026-01-19,NIFTY50,19246.63
1057,2026-01-20,NIFTY50,19097.0
1058,2026-01-21,NIFTY50,19159.69
1059,2026-01-22,NIFTY50,19303.74
1060,2026-01-23,NIFTY50,19062.89
1061,2026-01-26,NIFTY50,19078.82
1062,2026-01-27,NIFTY50,19180.35
1063,2026-01-28,NIFTY50,19474.49
1064,2026-01-29,NIFTY50,19494.43
1065,2026-01-30,NIFTY50,19753.64
1066,2026-02-02,NIFTY50,19899.21
1067,2026-02-03,NIFTY50,20049.2
1068,2026-02-04,NIFTY50,19926.84
1069,2026-02-05,NIFTY50,20344.88
1070,2026-02-06,NIFTY50,20364.99
1071,2026-02-09,NIFTY50,20408.68
1072,2026-02-10,NIFTY50,20421.69
1073,2026-02-11,NIFTY50,20639.95
1074,2026-02-12,NIFTY50,20983.66
1075,2026-02-13,NIFTY50,21107.37
1076,2026-02-16,NIFTY50,21051.16
1077,2026-02-17,NIFTY50,21356.16
1078,2026-02-18,NIFTY50,21146.71
1079,2026-02-19,NIFTY50,21036.59
1080,2026-02-20,NIFTY50,20808.75
1081,2026-02-23,NIFTY50,20756.19
1082,2026-02-24,NIFTY50,20937.54
1083,2026-02-25,NIFTY50,20909.28
1084,2026-02-26,NIFTY50,20929.33
1085,2026-02-27,NIFTY50,21001.87
1086,2026-03-02,NIFTY50,20972.58
1087,2026-03-03,NIFTY50,20791.56
1088,2026-03-04,NIFTY50,20521.62
1089,2026-03-05,NIFTY50,20752.23
1090,2026-03-06,NIFTY50,20654.41
1091,2026-03-09,NIFTY50,20548.58
1092,2026-03-10,NIFTY50,20308.33
1093,2026-03-11,NIFTY50,20295.16
1094,2026-03-12,NIFTY50,20395.24
1095,2026-03-13,NIFTY50,20344.18
1096,2026-03-16,NIFTY50,20412.45
1097,2026-03-17,NIFTY50,20094.33
1098,2026-03-18,NIFTY50,20131.99
1099,2026-03-19,NIFTY50,20074.22
1100,2026-03-20,NIFTY50,19848.33
1101,2026-03-23,NIFTY50,19596.33
1102,2026-03-24,NIFTY50,19468.16
1103,2026-03-25,NIFTY50,19284.67
1104,2026-03-26,NIFTY50,19348.8
1105,2026-03-27,NIFTY50,19427.12
1106,2026-03-30,NIFTY50,19463.75
1107,2026-03-31,NIFTY50,19533.12
1108,2026-04-01,NIFTY50,19292.7
1109,2026-04-02,NIFTY50,19382.35
1110,2026-04-03,NIFTY50,19497.75
1111,2026-04-06,NIFTY50,19550.84
1112,2026-04-07,NIFTY50,19544.45
1113,2026-04-08,NIFTY50,19435.22
1114,2026-04-09,NIFTY50,19498.48
1115,2026-04-10,NIFTY50,19446.79
1116,2026-04-13,NIFTY50,19603.64
1117,2026-04-14,NIFTY50,19657.57
1118,2026-04-15,NIFTY50,19639.87
1119,2026-04-16,NIFTY50,19594.15
1120,2026-04-17,NIFTY50,19578.04
1121,2026-04-20,NIFTY50,19562.71
1122,2026-04-21,NIFTY50,19559.56
1123,2026-04-22,NIFTY50,19362.93
1124,2026-04-23,NIFTY50,19410.04
1125,2026-04-24,NIFTY50,19446.39
1126,2026-04-27,NIFTY50,19268.82
1127,2026-04-28,NIFTY50,19314.38
1128,2026-04-29,NIFTY50,19321.75
1129,2026-04-30,NIFTY50,19199.98
1130,2026-05-01,NIFTY50,19304.74
1131,2026-05-04,NIFTY50,19526.9
1132,2026-05-05,NIFTY50,19444.78
1133,2026-05-06,NIFTY50,19470.77
1134,2026-05-07,NIFTY50,19680.29
1135,2026-05-08,NIFTY50,19339.3
1136,2026-05-11,NIFTY50,19650.77
1137,2026-05-12,NIFTY50,19673.07
1138,2026-05-13,NIFTY50,19804.92
1139,2026-05-14,NIFTY50,19540.09
1140,2026-05-15,NIFTY50,19332.08
1141,2026-05-18,NIFTY50,19189.06
1142,2026-05-19,NIFTY50,19032.79
1143,2026-05-20,NIFTY50,18681.88
1144,2026-05-21,NIFTY50,18509.36
1145,2026-05-22,NIFTY50,18392.58
1146,2026-05-25,NIFTY50,18186.57
1147,2026-05-26,NIFTY50,18418.36
1148,2026-05-27,NIFTY50,18523.57
1149,2026-05-28,NIFTY50,18421.08
1150,2026-05-29,NIFTY50,18517.65
1151,2022-01-03,NIFTY100,17778.24
1152,2022-01-04,NIFTY100,17537.52
1153,2022-01-05,NIFTY100,17607.73
1154,2022-01-06,NIFTY100,17556.05
1155,2022-01-07,NIFTY100,17664.02
1156,2022-01-10,NIFTY100,17516.51
1157,2022-01-11,NIFTY100,17603.08
1158,2022-01-12,NIFTY100,17763.76
1159,2022-01-13,NIFTY100,17830.3
1160,2022-01-14,NIFTY100,17578.93
1161,2022-01-17,NIFTY100,17945.01
1162,2022-01-18,NIFTY100,18041.24
1163,2022-01-19,NIFTY100,18014.52
1164,2022-01-20,NIFTY100,18115.34
1165,2022-01-21,NIFTY100,18440.19
1166,2022-01-24,NIFTY100,18236.66
1167,2022-01-25,NIFTY100,18409.39
1168,2022-01-26,NIFTY100,18393.08
1169,2022-01-27,NIFTY100,18354.08
1170,2022-01-28,NIFTY100,18324.13
1171,2022-01-31,NIFTY100,18021.52
1172,2022-02-01,NIFTY100,18101.19
1173,2022-02-02,NIFTY100,17753.35
1174,2022-02-03,NIFTY100,17685.95
1175,2022-02-04,NIFTY100,17621.67
1176,2022-02-07,NIFTY100,17574.94
1177,2022-02-08,NIFTY100,17275.41
1178,2022-02-09,NIFTY100,17410.12
1179,2022-02-10,NIFTY100,17157.83
1180,2022-02-11,NIFTY100,17036.29
1181,2022-02-14,NIFTY100,16968.48
1182,2022-02-15,NIFTY100,16932.91
1183,2022-02-16,NIFTY100,16993.92
1184,2022-02-17,NIFTY100,17004.75
1185,2022-02-18,NIFTY100,17284.03
1186,2022-02-21,NIFTY100,17341.61
1187,2022-02-22,NIFTY100,17389.05
1188,2022-02-23,NIFTY100,17315.49
1189,2022-02-24,NIFTY100,17366.81
1190,2022-02-25,NIFTY100,17305.72
1191,2022-02-28,NIFTY100,17246.14
1192,2022-03-01,NIFTY100,17708.25
1193,2022-03-02,NIFTY100,17941.93
1194,2022-03-03,NIFTY100,17823.22
1195,2022-03-04,NIFTY100,17926.74
1196,2022-03-07,NIFTY100,17975.01
1197,2022-03-08,NIFTY100,17886.24
1198,2022-03-09,NIFTY100,18202.81
1199,2022-03-10,NIFTY100,18181.6
1200,2022-03-11,NIFTY100,18397.76
1201,2022-03-14,NIFTY100,18307.51
1202,2022-03-15,NIFTY100,18481.95
1203,2022-03-16,NIFTY100,18694.14
1204,2022-03-17,NIFTY100,18555.09
1205,2022-03-18,NIFTY100,18514.06
1206,2022-03-21,NIFTY100,18509.77
1207,2022-03-22,NIFTY100,18768.1
1208,2022-03-23,NIFTY100,19017.38
1209,2022-03-24,NIFTY100,18964.88
1210,2022-03-25,NIFTY100,18914.38
1211,2022-03-28,NIFTY100,18961.42
1212,2022-03-29,NIFTY100,18727.88
1213,2022-03-30,NIFTY100,18933.02
1214,2022-03-31,NIFTY100,18808.63
1215,2022-04-01,NIFTY100,18832.6
1216,2022-04-04,NIFTY100,19059.05
1217,2022-04-05,NIFTY100,19137.78
1218,2022-04-06,NIFTY100,19084.64
1219,2022-04-07,NIFTY100,18934.49
1220,2022-04-08,NIFTY100,18934.99
1221,2022-04-11,NIFTY100,18899.18
1222,2022-04-12,NIFTY100,19319.0
1223,2022-04-13,NIFTY100,19201.15
1224,2022-04-14,NIFTY100,19126.79
1225,2022-04-15,NIFTY100,18979.48
1226,2022-04-18,NIFTY100,18948.25
1227,2022-04-19,NIFTY100,19038.49
1228,2022-04-20,NIFTY100,18900.52
1229,2022-04-21,NIFTY100,18964.24
1230,2022-04-22,NIFTY100,18785.85
1231,2022-04-25,NIFTY100,18938.86
1232,2022-04-26,NIFTY100,18877.06
1233,2022-04-27,NIFTY100,18835.56
1234,2022-04-28,NIFTY100,19062.91
1235,2022-04-29,NIFTY100,19003.96
1236,2022-05-02,NIFTY100,19074.95
1237,2022-05-03,NIFTY100,19194.71
1238,2022-05-04,NIFTY100,19409.57
1239,2022-05-05,NIFTY100,19471.08
1240,2022-05-06,NIFTY100,19429.86
1241,2022-05-09,NIFTY100,19356.19
1242,2022-05-10,NIFTY100,19415.4
1243,2022-05-11,NIFTY100,19304.29
1244,2022-05-12,NIFTY100,19399.12
1245,2022-05-13,NIFTY100,19440.34
1246,2022-05-16,NIFTY100,19264.63
1247,2022-05-17,NIFTY100,19080.87
1248,2022-05-18,NIFTY100,19102.89
1249,2022-05-19,NIFTY100,19067.09
1250,2022-05-20,NIFTY100,19204.03
1251,2022-05-23,NIFTY100,19069.38
1252,2022-05-24,NIFTY100,19193.13
1253,2022-05-25,NIFTY100,19322.17
1254,2022-05-26,NIFTY100,19145.13
1255,2022-05-27,NIFTY100,19119.34
1256,2022-05-30,NIFTY100,19343.66
1257,2022-05-31,NIFTY100,19416.48
1258,2022-06-01,NIFTY100,19410.05
1259,2022-06-02,NIFTY100,19556.26
1260,2022-06-03,NIFTY100,19487.0
1261,2022-06-06,NIFTY100,19444.01
1262,2022-06-07,NIFTY100,19480.14
1263,2022-06-08,NIFTY100,19717.53
1264,2022-06-09,NIFTY100,19578.72
1265,2022-06-10,NIFTY100,19663.7
1266,2022-06-13,NIFTY100,19608.79
1267,2022-06-14,NIFTY100,19818.79
1268,2022-06-15,NIFTY100,19952.95
1269,2022-06-16,NIFTY100,19949.96
1270,2022-06-17,NIFTY100,20057.29
1271,2022-06-20,NIFTY100,19972.35
1272,2022-06-21,NIFTY100,19878.43
1273,2022-06-22,NIFTY100,20303.14
1274,2022-06-23,NIFTY100,20250.89
1275,2022-06-24,NIFTY100,20290.1
1276,2022-06-27,NIFTY100,20234.6
1277,2022-06-28,NIFTY100,20032.29
1278,2022-06-29,NIFTY100,19875.01
1279,2022-06-30,NIFTY100,19939.67
1280,2022-07-01,NIFTY100,19719.91
1281,2022-07-04,NIFTY100,19614.71
1282,2022-07-05,NIFTY100,19729.15
1283,2022-07-06,NIFTY100,19775.18
1284,2022-07-07,NIFTY100,19717.89
1285,2022-07-08,NIFTY100,19655.8
1286,2022-07-11,NIFTY100,19500.02
1287,2022-07-12,NIFTY100,19868.74
1288,2022-07-13,NIFTY100,19718.85
1289,2022-07-14,NIFTY100,19892.19
1290,2022-07-15,NIFTY100,19544.68
1291,2022-07-18,NIFTY100,19694.66
1292,2022-07-19,NIFTY100,19862.37
1293,2022-07-20,NIFTY100,19720.69
1294,2022-07-21,NIFTY100,19630.58
1295,2022-07-22,NIFTY100,19812.46
1296,2022-07-25,NIFTY100,19637.43
1297,2022-07-26,NIFTY100,19717.19
1298,2022-07-27,NIFTY100,19617.51
1299,2022-07-28,NIFTY100,19772.14
1300,2022-07-29,NIFTY100,20085.58
1301,2022-08-01,NIFTY100,19930.27
1302,2022-08-02,NIFTY100,20036.16
1303,2022-08-03,NIFTY100,20206.94
1304,2022-08-04,NIFTY100,19889.07
1305,2022-08-05,NIFTY100,20062.89
1306,2022-08-08,NIFTY100,20130.13
1307,2022-08-09,NIFTY100,20245.74
1308,2022-08-10,NIFTY100,19954.81
1309,2022-08-11,NIFTY100,20086.31
1310,2022-08-12,NIFTY100,20065.79
1311,2022-08-15,NIFTY100,19888.96
1312,2022-08-16,NIFTY100,20013.04
1313,2022-08-17,NIFTY100,20156.02
1314,2022-08-18,NIFTY100,20152.94
1315,2022-08-19,NIFTY100,20222.54
1316,2022-08-22,NIFTY100,20205.4
1317,2022-08-23,NIFTY100,19988.63
1318,2022-08-24,NIFTY100,19974.53
1319,2022-08-25,NIFTY100,20181.37
1320,2022-08-26,NIFTY100,20392.73
1321,2022-08-29,NIFTY100,20264.99
1322,2022-08-30,NIFTY100,20314.45
1323,2022-08-31,NIFTY100,20336.89
1324,2022-09-01,NIFTY100,20429.1
1325,2022-09-02,NIFTY100,20447.55
1326,2022-09-05,NIFTY100,20578.64
1327,2022-09-06,NIFTY100,20518.78
1328,2022-09-07,NIFTY100,20714.88
1329,2022-09-08,NIFTY100,20634.8
1330,2022-09-09,NIFTY100,20677.2
1331,2022-09-12,NIFTY100,20800.12
1332,2022-09-13,NIFTY100,20847.1
1333,2022-09-14,NIFTY100,20460.79
1334,2022-09-15,NIFTY100,20520.74
1335,2022-09-16,NIFTY100,20646.74
1336,2022-09-19,NIFTY100,20707.04
1337,2022-09-20,NIFTY100,20877.22
1338,2022-09-21,NIFTY100,21088.58
1339,2022-09-22,NIFTY100,20978.92
1340,2022-09-23,NIFTY100,20696.37
1341,2022-09-26,NIFTY100,20503.81
1342,2022-09-27,NIFTY100,20525.56
1343,2022-09-28,NIFTY100,20638.67
1344,2022-09-29,NIFTY100,20627.39
1345,2022-09-30,NIFTY100,20404.81
1346,2022-10-03,NIFTY100,20464.22
1347,2022-10-04,NIFTY100,20475.87
1348,2022-10-05,NIFTY100,20512.63
1349,2022-10-06,NIFTY100,20828.8
1350,2022-10-07,NIFTY100,20978.85
1351,2022-10-10,NIFTY100,20965.83
1352,2022-10-11,NIFTY100,20749.25
1353,2022-10-12,NIFTY100,20989.02
1354,2022-10-13,NIFTY100,20697.42
1355,2022-10-14,NIFTY100,20659.58
1356,2022-10-17,NIFTY100,20467.28
1357,2022-10-18,NIFTY100,20408.72
1358,2022-10-19,NIFTY100,20403.29
1359,2022-10-20,NIFTY100,20194.29
1360,2022-10-21,NIFTY100,19802.72
1361,2022-10-24,NIFTY100,19656.01
1362,2022-10-25,NIFTY100,19448.56
1363,2022-10-26,NIFTY100,19305.94
1364,2022-10-27,NIFTY100,19270.45
1365,2022-10-28,NIFTY100,19521.37
1366,2022-10-31,NIFTY100,19435.11
1367,2022-11-01,NIFTY100,19360.14
1368,2022-11-02,NIFTY100,19352.78
1369,2022-11-03,NIFTY100,19467.23
1370,2022-11-04,NIFTY100,19566.26
1371,2022-11-07,NIFTY100,19270.38
1372,2022-11-08,NIFTY100,19115.3
1373,2022-11-09,NIFTY100,19298.68
1374,2022-11-10,NIFTY100,19225.62
1375,2022-11-11,NIFTY100,19387.08
1376,2022-11-14,NIFTY100,19510.58
1377,2022-11-15,NIFTY100,19164.58
1378,2022-11-16,NIFTY100,18915.37
1379,2022-11-17,NIFTY100,18872.81
1380,2022-11-18,NIFTY100,18943.83
1381,2022-11-21,NIFTY100,18911.39
1382,2022-11-22,NIFTY100,18890.22
1383,2022-11-23,NIFTY100,18904.59
1384,2022-11-24,NIFTY100,18897.98
1385,2022-11-25,NIFTY100,18901.92
1386,2022-11-28,NIFTY100,18547.32
1387,2022-11-29,NIFTY100,18508.87
1388,2022-11-30,NIFTY100,18469.12
1389,2022-12-01,NIFTY100,18317.08
1390,2022-12-02,NIFTY100,18211.2
1391,2022-12-05,NIFTY100,17972.63
1392,2022-12-06,NIFTY100,18038.11
1393,2022-12-07,NIFTY100,17877.15
1394,2022-12-08,NIFTY100,17867.98
1395,2022-12-09,NIFTY100,17804.79
1396,2022-12-12,NIFTY100,17786.27
1397,2022-12-13,NIFTY100,17927.89
1398,2022-12-14,NIFTY100,17829.02
1399,2022-12-15,NIFTY100,17822.91
1400,2022-12-16,NIFTY100,17924.82
1401,2022-12-19,NIFTY100,17955.99
1402,2022-12-20,NIFTY100,17848.08
1403,2022-12-21,NIFTY100,17631.29
1404,2022-12-22,NIFTY100,17519.19
1405,2022-12-23,NIFTY100,17553.59
1406,2022-12-26,NIFTY100,17555.35
1407,2022-12-27,NIFTY100,17655.66
1408,2022-12-28,NIFTY100,17616.17
1409,2022-12-29,NIFTY100,17513.12
1410,2022-12-30,NIFTY100,17309.66
1411,2023-01-02,NIFTY100,17146.9
1412,2023-01-03,NIFTY100,17008.52
1413,2023-01-04,NIFTY100,17200.21
1414,2023-01-05,NIFTY100,17042.63
1415,2023-01-06,NIFTY100,16888.11
1416,2023-01-09,NIFTY100,16797.95
1417,2023-01-10,NIFTY100,16948.6
1418,2023-01-11,NIFTY100,17022.31
1419,2023-01-12,NIFTY100,16994.79
1420,2023-01-13,NIFTY100,16784.06
1421,2023-01-16,NIFTY100,16773.95
1422,2023-01-17,NIFTY100,16878.51
1423,2023-01-18,NIFTY100,17057.81
1424,2023-01-19,NIFTY100,16741.43
1425,2023-01-20,NIFTY100,16620.92
1426,2023-01-23,NIFTY100,16619.0
1427,2023-01-24,NIFTY100,16774.51
1428,2023-01-25,NIFTY100,16579.25
1429,2023-01-26,NIFTY100,16415.2
1430,2023-01-27,NIFTY100,16336.99
1431,2023-01-30,NIFTY100,16134.8
1432,2023-01-31,NIFTY100,15861.67
1433,2023-02-01,NIFTY100,16123.73
1434,2023-02-02,NIFTY100,16074.67
1435,2023-02-03,NIFTY100,15973.29
1436,2023-02-06,NIFTY100,15803.43
1437,2023-02-07,NIFTY100,15783.04
1438,2023-02-08,NIFTY100,15696.6
1439,2023-02-09,NIFTY100,15782.39
1440,2023-02-10,NIFTY100,15628.56
1441,2023-02-13,NIFTY100,15610.58
1442,2023-02-14,NIFTY100,15587.12
1443,2023-02-15,NIFTY100,15639.92
1444,2023-02-16,NIFTY100,15600.82
1445,2023-02-17,NIFTY100,15658.67
1446,2023-02-20,NIFTY100,15680.83
1447,2023-02-21,NIFTY100,15775.37
1448,2023-02-22,NIFTY100,15835.71
1449,2023-02-23,NIFTY100,15795.71
1450,2023-02-24,NIFTY100,15995.36
1451,2023-02-27,NIFTY100,15912.35
1452,2023-02-28,NIFTY100,16097.23
1453,2023-03-01,NIFTY100,16224.73
1454,2023-03-02,NIFTY100,16299.24
1455,2023-03-03,NIFTY100,16283.17
1456,2023-03-06,NIFTY100,16186.05
1457,2023-03-07,NIFTY100,16208.57
1458,2023-03-08,NIFTY100,16229.83
1459,2023-03-09,NIFTY100,16212.94
1460,2023-03-10,NIFTY100,16281.66
1461,2023-03-13,NIFTY100,16399.37
1462,2023-03-14,NIFTY100,16284.55
1463,2023-03-15,NIFTY100,16193.4
1464,2023-03-16,NIFTY100,16022.88
1465,2023-03-17,NIFTY100,16068.83
1466,2023-03-20,NIFTY100,16273.47
1467,2023-03-21,NIFTY100,16096.0
1468,2023-03-22,NIFTY100,15993.54
1469,2023-03-23,NIFTY100,15812.68
1470,2023-03-24,NIFTY100,15741.89
1471,2023-03-27,NIFTY100,15475.61
1472,2023-03-28,NIFTY100,15621.75
1473,2023-03-29,NIFTY100,15715.54
1474,2023-03-30,NIFTY100,15746.73
1475,2023-03-31,NIFTY100,15870.66
1476,2023-04-03,NIFTY100,15988.63
1477,2023-04-04,NIFTY100,15987.69
1478,2023-04-05,NIFTY100,15819.59
1479,2023-04-06,NIFTY100,15729.21
1480,2023-04-07,NIFTY100,15725.39
1481,2023-04-10,NIFTY100,15633.06
1482,2023-04-11,NIFTY100,15863.48
1483,2023-04-12,NIFTY100,15891.47
1484,2023-04-13,NIFTY100,15912.48
1485,2023-04-14,NIFTY100,16044.02
1486,2023-04-17,NIFTY100,16088.1
1487,2023-04-18,NIFTY100,16060.87
1488,2023-04-19,NIFTY100,16268.97
1489,2023-04-20,NIFTY100,16334.72
1490,2023-04-21,NIFTY100,16276.53
1491,2023-04-24,NIFTY100,16308.08
1492,2023-04-25,NIFTY100,16245.2
1493,2023-04-26,NIFTY100,16144.11
1494,2023-04-27,NIFTY100,16256.61
1495,2023-04-28,NIFTY100,16197.72
1496,2023-05-01,NIFTY100,16103.92
1497,2023-05-02,NIFTY100,16135.48
1498,2023-05-03,NIFTY100,16282.42
1499,2023-05-04,NIFTY100,16012.4
1500,2023-05-05,NIFTY100,15925.28
1501,2023-05-08,NIFTY100,15643.97
1502,2023-05-09,NIFTY100,15223.57
1503,2023-05-10,NIFTY100,15236.78
1504,2023-05-11,NIFTY100,15080.39
1505,2023-05-12,NIFTY100,15182.46
1506,2023-05-15,NIFTY100,15041.07
1507,2023-05-16,NIFTY100,15120.8
1508,2023-05-17,NIFTY100,15163.88
1509,2023-05-18,NIFTY100,15055.37
1510,2023-05-19,NIFTY100,15000.54
1511,2023-05-22,NIFTY100,15029.03
1512,2023-05-23,NIFTY100,15101.64
1513,2023-05-24,NIFTY100,15278.47
1514,2023-05-25,NIFTY100,15312.62
1515,2023-05-26,NIFTY100,15314.19
1516,2023-05-29,NIFTY100,15324.41
1517,2023-05-30,NIFTY100,15299.69
1518,2023-05-31,NIFTY100,15248.41
1519,2023-06-01,NIFTY100,15139.5
1520,2023-06-02,NIFTY100,15194.66
1521,2023-06-05,NIFTY100,15097.48
1522,2023-06-06,NIFTY100,15125.97
1523,2023-06-07,NIFTY100,15128.86
1524,2023-06-08,NIFTY100,15215.84
1525,2023-06-09,NIFTY100,15252.62
1526,2023-06-12,NIFTY100,15163.26
1527,2023-06-13,NIFTY100,15033.28
1528,2023-06-14,NIFTY100,15168.87
1529,2023-06-15,NIFTY100,15123.84
1530,2023-06-16,NIFTY100,15305.19
1531,2023-06-19,NIFTY100,14987.25
1532,2023-06-20,NIFTY100,15016.65
1533,2023-06-21,NIFTY100,15129.44
1534,2023-06-22,NIFTY100,15147.46
1535,2023-06-23,NIFTY100,15181.01
1536,2023-06-26,NIFTY100,15259.57
1537,2023-06-27,NIFTY100,15370.58
1538,2023-06-28,NIFTY100,15454.09
1539,2023-06-29,NIFTY100,15617.82
1540,2023-06-30,NIFTY100,15564.88
1541,2023-07-03,NIFTY100,15786.83
1542,2023-07-04,NIFTY100,15661.22
1543,2023-07-05,NIFTY100,15792.09
1544,2023-07-06,NIFTY100,15850.73
1545,2023-07-07,NIFTY100,16152.01
1546,2023-07-10,NIFTY100,16199.27
1547,2023-07-11,NIFTY100,16298.43
1548,2023-07-12,NIFTY100,16086.96
1549,2023-07-13,NIFTY100,16207.62
1550,2023-07-14,NIFTY100,16252.81
1551,2023-07-17,NIFTY100,16358.91
1552,2023-07-18,NIFTY100,16239.48
1553,2023-07-19,NIFTY100,16180.98
1554,2023-07-20,NIFTY100,16212.76
1555,2023-07-21,NIFTY100,16211.03
1556,2023-07-24,NIFTY100,16255.01
1557,2023-07-25,NIFTY100,16284.8
1558,2023-07-26,NIFTY100,16226.47
1559,2023-07-27,NIFTY100,16202.45
1560,2023-07-28,NIFTY100,16111.33
1561,2023-07-31,NIFTY100,16487.1
1562,2023-08-01,NIFTY100,16540.9
1563,2023-08-02,NIFTY100,16788.5
1564,2023-08-03,NIFTY100,16654.0
1565,2023-08-04,NIFTY100,16649.87
1566,2023-08-07,NIFTY100,16597.05
1567,2023-08-08,NIFTY100,16658.89
1568,2023-08-09,NIFTY100,16694.71
1569,2023-08-10,NIFTY100,16547.88
1570,2023-08-11,NIFTY100,16620.41
1571,2023-08-14,NIFTY100,16664.8
1572,2023-08-15,NIFTY100,16713.0
1573,2023-08-16,NIFTY100,16879.5
1574,2023-08-17,NIFTY100,17019.12
1575,2023-08-18,NIFTY100,17255.36
1576,2023-08-21,NIFTY100,17311.56
1577,2023-08-22,NIFTY100,17449.92
1578,2023-08-23,NIFTY100,17431.04
1579,2023-08-24,NIFTY100,17466.78
1580,2023-08-25,NIFTY100,17558.45
1581,2023-08-28,NIFTY100,17495.85
1582,2023-08-29,NIFTY100,17513.03
1583,2023-08-30,NIFTY100,17338.47
1584,2023-08-31,NIFTY100,17522.91
1585,2023-09-01,NIFTY100,17713.52
1586,2023-09-04,NIFTY100,17546.73
1587,2023-09-05,NIFTY100,17722.32
1588,2023-09-06,NIFTY100,17871.87
1589,2023-09-07,NIFTY100,17927.29
1590,2023-09-08,NIFTY100,17983.24
1591,2023-09-11,NIFTY100,18076.37
1592,2023-09-12,NIFTY100,17891.41
1593,2023-09-13,NIFTY100,18240.89
1594,2023-09-14,NIFTY100,17928.21
1595,2023-09-15,NIFTY100,17723.25
1596,2023-09-18,NIFTY100,17886.49
1597,2023-09-19,NIFTY100,18030.0
1598,2023-09-20,NIFTY100,18292.09
1599,2023-09-21,NIFTY100,18316.46
1600,2023-09-22,NIFTY100,18187.19
1601,2023-09-25,NIFTY100,18205.58
1602,2023-09-26,NIFTY100,18341.81
1603,2023-09-27,NIFTY100,18246.42
1604,2023-09-28,NIFTY100,18096.36
1605,2023-09-29,NIFTY100,18109.68
1606,2023-10-02,NIFTY100,18011.46
1607,2023-10-03,NIFTY100,17994.38
1608,2023-10-04,NIFTY100,17912.11
1609,2023-10-05,NIFTY100,18006.34
1610,2023-10-06,NIFTY100,17948.68
1611,2023-10-09,NIFTY100,17881.22
1612,2023-10-10,NIFTY100,17993.35
1613,2023-10-11,NIFTY100,17838.99
1614,2023-10-12,NIFTY100,17715.56
1615,2023-10-13,NIFTY100,17773.24
1616,2023-10-16,NIFTY100,17654.74
1617,2023-10-17,NIFTY100,17852.33
1618,2023-10-18,NIFTY100,17707.44
1619,2023-10-19,NIFTY100,17698.56
1620,2023-10-20,NIFTY100,17581.58
1621,2023-10-23,NIFTY100,17801.94
1622,2023-10-24,NIFTY100,17657.02
1623,2023-10-25,NIFTY100,17945.04
1624,2023-10-26,NIFTY100,17965.84
1625,2023-10-27,NIFTY100,17947.25
1626,2023-10-30,NIFTY100,17651.62
1627,2023-10-31,NIFTY100,17902.62
1628,2023-11-01,NIFTY100,17985.8
1629,2023-11-02,NIFTY100,17815.63
1630,2023-11-03,NIFTY100,17748.2
1631,2023-11-06,NIFTY100,17517.72
1632,2023-11-07,NIFTY100,17414.77
1633,2023-11-08,NIFTY100,17406.75
1634,2023-11-09,NIFTY100,17650.05
1635,2023-11-10,NIFTY100,18022.49
1636,2023-11-13,NIFTY100,18109.97
1637,2023-11-14,NIFTY100,17889.06
1638,2023-11-15,NIFTY100,18242.27
1639,2023-11-16,NIFTY100,17987.98
1640,2023-11-17,NIFTY100,18123.58
1641,2023-11-20,NIFTY100,18141.98
1642,2023-11-21,NIFTY100,18334.81
1643,2023-11-22,NIFTY100,18230.41
1644,2023-11-23,NIFTY100,18394.31
1645,2023-11-24,NIFTY100,18623.08
1646,2023-11-27,NIFTY100,18694.63
1647,2023-11-28,NIFTY100,18705.54
1648,2023-11-29,NIFTY100,18871.49
1649,2023-11-30,NIFTY100,19089.15
1650,2023-12-01,NIFTY100,19025.54
1651,2023-12-04,NIFTY100,18935.92
1652,2023-12-05,NIFTY100,18845.16
1653,2023-12-06,NIFTY100,18510.3
1654,2023-12-07,NIFTY100,18661.21
1655,2023-12-08,NIFTY100,18669.1
1656,2023-12-11,NIFTY100,18634.58
1657,2023-12-12,NIFTY100,18575.85
1658,2023-12-13,NIFTY100,18651.43
1659,2023-12-14,NIFTY100,18559.3
1660,2023-12-15,NIFTY100,18705.12
1661,2023-12-18,NIFTY100,18656.25
1662,2023-12-19,NIFTY100,18490.54
1663,2023-12-20,NIFTY100,18591.22
1664,2023-12-21,NIFTY100,18468.16
1665,2023-12-22,NIFTY100,18466.26
1666,2023-12-25,NIFTY100,18617.09
1667,2023-12-26,NIFTY100,18633.36
1668,2023-12-27,NIFTY100,18658.77
1669,2023-12-28,NIFTY100,18600.74
1670,2023-12-29,NIFTY100,18635.26
1671,2024-01-01,NIFTY100,18549.12
1672,2024-01-02,NIFTY100,18638.25
1673,2024-01-03,NIFTY100,18595.92
1674,2024-01-04,NIFTY100,18576.09
1675,2024-01-05,NIFTY100,18432.33
1676,2024-01-08,NIFTY100,18519.39
1677,2024-01-09,NIFTY100,18445.92
1678,2024-01-10,NIFTY100,18290.2
1679,2024-01-11,NIFTY100,18221.38
1680,2024-01-12,NIFTY100,18352.06
1681,2024-01-15,NIFTY100,18448.21
1682,2024-01-16,NIFTY100,18121.95
1683,2024-01-17,NIFTY100,18027.78
1684,2024-01-18,NIFTY100,18250.11
1685,2024-01-19,NIFTY100,18447.52
1686,2024-01-22,NIFTY100,18267.84
1687,2024-01-23,NIFTY100,18411.51
1688,2024-01-24,NIFTY100,18204.6
1689,2024-01-25,NIFTY100,18088.89
1690,2024-01-26,NIFTY100,17939.5
1691,2024-01-29,NIFTY100,18056.85
1692,2024-01-30,NIFTY100,18070.38
1693,2024-01-31,NIFTY100,18154.2
1694,2024-02-01,NIFTY100,17873.64
1695,2024-02-02,NIFTY100,18012.03
1696,2024-02-05,NIFTY100,18263.65
1697,2024-02-06,NIFTY100,18308.39
1698,2024-02-07,NIFTY100,18617.53
1699,2024-02-08,NIFTY100,18759.69
1700,2024-02-09,NIFTY100,19048.41
1701,2024-02-12,NIFTY100,19021.64
1702,2024-02-13,NIFTY100,19080.74
1703,2024-02-14,NIFTY100,18984.07
1704,2024-02-15,NIFTY100,18768.67
1705,2024-02-16,NIFTY100,18653.02
1706,2024-02-19,NIFTY100,18705.47
1707,2024-02-20,NIFTY100,18522.31
1708,2024-02-21,NIFTY100,18548.37
1709,2024-02-22,NIFTY100,18229.55
1710,2024-02-23,NIFTY100,18188.91
1711,2024-02-26,NIFTY100,18236.42
1712,2024-02-27,NIFTY100,18140.11
1713,2024-02-28,NIFTY100,18102.25
1714,2024-02-29,NIFTY100,18107.93
1715,2024-03-01,NIFTY100,18058.93
1716,2024-03-04,NIFTY100,18109.85
1717,2024-03-05,NIFTY100,17869.4
1718,2024-03-06,NIFTY100,17705.06
1719,2024-03-07,NIFTY100,17565.31
1720,2024-03-08,NIFTY100,17543.19
1721,2024-03-11,NIFTY100,17813.28
1722,2024-03-12,NIFTY100,17906.49
1723,2024-03-13,NIFTY100,17665.04
1724,2024-03-14,NIFTY100,17703.7
1725,2024-03-15,NIFTY100,17632.35
1726,2024-03-18,NIFTY100,17575.17
1727,2024-03-19,NIFTY100,17479.0
1728,2024-03-20,NIFTY100,17447.25
1729,2024-03-21,NIFTY100,17201.88
1730,2024-03-22,NIFTY100,17192.88
1731,2024-03-25,NIFTY100,17245.57
1732,2024-03-26,NIFTY100,17140.81
1733,2024-03-27,NIFTY100,17074.76
1734,2024-03-28,NIFTY100,16916.57
1735,2024-03-29,NIFTY100,16868.45
1736,2024-04-01,NIFTY100,16888.83
1737,2024-04-02,NIFTY100,16870.69
1738,2024-04-03,NIFTY100,16969.37
1739,2024-04-04,NIFTY100,17110.64
1740,2024-04-05,NIFTY100,17036.23
1741,2024-04-08,NIFTY100,17011.92
1742,2024-04-09,NIFTY100,16866.83
1743,2024-04-10,NIFTY100,16808.29
1744,2024-04-11,NIFTY100,16823.41
1745,2024-04-12,NIFTY100,16935.63
1746,2024-04-15,NIFTY100,16930.0
1747,2024-04-16,NIFTY100,16980.84
1748,2024-04-17,NIFTY100,16803.86
1749,2024-04-18,NIFTY100,16845.45
1750,2024-04-19,NIFTY100,16733.93
1751,2024-04-22,NIFTY100,16958.47
1752,2024-04-23,NIFTY100,17220.58
1753,2024-04-24,NIFTY100,17447.79
1754,2024-04-25,NIFTY100,17324.95
1755,2024-04-26,NIFTY100,17426.62
1756,2024-04-29,NIFTY100,17082.77
1757,2024-04-30,NIFTY100,17241.35
1758,2024-05-01,NIFTY100,17244.51
1759,2024-05-02,NIFTY100,16997.14
1760,2024-05-03,NIFTY100,17089.16
1761,2024-05-06,NIFTY100,17048.91
1762,2024-05-07,NIFTY100,17008.18
1763,2024-05-08,NIFTY100,17089.87
1764,2024-05-09,NIFTY100,17238.29
1765,2024-05-10,NIFTY100,17284.24
1766,2024-05-13,NIFTY100,16969.97
1767,2024-05-14,NIFTY100,17014.9
1768,2024-05-15,NIFTY100,16878.83
1769,2024-05-16,NIFTY100,16953.11
1770,2024-05-17,NIFTY100,17005.88
1771,2024-05-20,NIFTY100,16968.51
1772,2024-05-21,NIFTY100,16955.82
1773,2024-05-22,NIFTY100,16708.03
1774,2024-05-23,NIFTY100,16929.07
1775,2024-05-24,NIFTY100,16972.13
1776,2024-05-27,NIFTY100,17005.04
1777,2024-05-28,NIFTY100,17044.52
1778,2024-05-29,NIFTY100,16791.53
1779,2024-05-30,NIFTY100,16923.37
1780,2024-05-31,NIFTY100,16863.56
1781,2024-06-03,NIFTY100,16875.43
1782,2024-06-04,NIFTY100,16788.29
1783,2024-06-05,NIFTY100,16616.34
1784,2024-06-06,NIFTY100,16538.08
1785,2024-06-07,NIFTY100,16507.71
1786,2024-06-10,NIFTY100,16501.34
1787,2024-06-11,NIFTY100,16428.76
1788,2024-06-12,NIFTY100,16409.74
1789,2024-06-13,NIFTY100,16364.28
1790,2024-06-14,NIFTY100,16176.78
1791,2024-06-17,NIFTY100,16167.64
1792,2024-06-18,NIFTY100,16158.44
1793,2024-06-19,NIFTY100,16061.79
1794,2024-06-20,NIFTY100,16179.78
1795,2024-06-21,NIFTY100,16173.76
1796,2024-06-24,NIFTY100,16220.61
1797,2024-06-25,NIFTY100,16101.93
1798,2024-06-26,NIFTY100,16008.77
1799,2024-06-27,NIFTY100,15968.3
1800,2024-06-28,NIFTY100,15806.46
1801,2024-07-01,NIFTY100,15565.93
1802,2024-07-02,NIFTY100,15737.05
1803,2024-07-03,NIFTY100,15660.24
1804,2024-07-04,NIFTY100,15639.34
1805,2024-07-05,NIFTY100,15674.19
1806,2024-07-08,NIFTY100,15645.06
1807,2024-07-09,NIFTY100,15499.14
1808,2024-07-10,NIFTY100,15630.27
1809,2024-07-11,NIFTY100,15567.93
1810,2024-07-12,NIFTY100,15648.16
1811,2024-07-15,NIFTY100,15835.38
1812,2024-07-16,NIFTY100,15673.47
1813,2024-07-17,NIFTY100,15784.67
1814,2024-07-18,NIFTY100,15804.86
1815,2024-07-19,NIFTY100,15694.7
1816,2024-07-22,NIFTY100,15756.77
1817,2024-07-23,NIFTY100,15777.69
1818,2024-07-24,NIFTY100,15706.33
1819,2024-07-25,NIFTY100,15960.67
1820,2024-07-26,NIFTY100,16018.35
1821,2024-07-29,NIFTY100,15883.1
1822,2024-07-30,NIFTY100,15933.58
1823,2024-07-31,NIFTY100,15917.38
1824,2024-08-01,NIFTY100,15777.82
1825,2024-08-02,NIFTY100,15755.2
1826,2024-08-05,NIFTY100,15812.79
1827,2024-08-06,NIFTY100,15700.58
1828,2024-08-07,NIFTY100,15529.29
1829,2024-08-08,NIFTY100,15362.67
1830,2024-08-09,NIFTY100,15204.19
1831,2024-08-12,NIFTY100,15278.12
1832,2024-08-13,NIFTY100,15336.63
1833,2024-08-14,NIFTY100,15228.61
1834,2024-08-15,NIFTY100,15208.95
1835,2024-08-16,NIFTY100,15053.53
1836,2024-08-19,NIFTY100,14981.01
1837,2024-08-20,NIFTY100,14906.94
1838,2024-08-21,NIFTY100,14950.61
1839,2024-08-22,NIFTY100,15102.72
1840,2024-08-23,NIFTY100,14975.16
1841,2024-08-26,NIFTY100,14880.97
1842,2024-08-27,NIFTY100,14921.39
1843,2024-08-28,NIFTY100,14753.49
1844,2024-08-29,NIFTY100,14650.37
1845,2024-08-30,NIFTY100,14760.51
1846,2024-09-02,NIFTY100,14916.24
1847,2024-09-03,NIFTY100,14810.0
1848,2024-09-04,NIFTY100,14717.11
1849,2024-09-05,NIFTY100,14805.13
1850,2024-09-06,NIFTY100,14928.9
1851,2024-09-09,NIFTY100,14898.73
1852,2024-09-10,NIFTY100,14819.8
1853,2024-09-11,NIFTY100,14888.06
1854,2024-09-12,NIFTY100,14933.94
1855,2024-09-13,NIFTY100,14931.69
1856,2024-09-16,NIFTY100,15160.16
1857,2024-09-17,NIFTY100,15193.21
1858,2024-09-18,NIFTY100,15054.54
1859,2024-09-19,NIFTY100,15108.71
1860,2024-09-20,NIFTY100,15026.52
1861,2024-09-23,NIFTY100,15008.09
1862,2024-09-24,NIFTY100,15104.99
1863,2024-09-25,NIFTY100,15214.41
1864,2024-09-26,NIFTY100,14853.8
1865,2024-09-27,NIFTY100,14787.04
1866,2024-09-30,NIFTY100,14728.18
1867,2024-10-01,NIFTY100,14730.0
1868,2024-10-02,NIFTY100,14626.49
1869,2024-10-03,NIFTY100,14594.44
1870,2024-10-04,NIFTY100,14587.3
1871,2024-10-07,NIFTY100,14390.67
1872,2024-10-08,NIFTY100,14372.93
1873,2024-10-09,NIFTY100,14490.4
1874,2024-10-10,NIFTY100,14346.96
1875,2024-10-11,NIFTY100,14366.73
1876,2024-10-14,NIFTY100,14379.72
1877,2024-10-15,NIFTY100,14171.82
1878,2024-10-16,NIFTY100,14134.89
1879,2024-10-17,NIFTY100,14128.86
1880,2024-10-18,NIFTY100,14278.48
1881,2024-10-21,NIFTY100,14240.13
1882,2024-10-22,NIFTY100,14288.49
1883,2024-10-23,NIFTY100,14210.56
1884,2024-10-24,NIFTY100,14250.15
1885,2024-10-25,NIFTY100,14357.37
1886,2024-10-28,NIFTY100,14168.56
1887,2024-10-29,NIFTY100,14189.62
1888,2024-10-30,NIFTY100,14256.69
1889,2024-10-31,NIFTY100,14246.14
1890,2024-11-01,NIFTY100,14279.33
1891,2024-11-04,NIFTY100,14373.15
1892,2024-11-05,NIFTY100,14218.52
1893,2024-11-06,NIFTY100,14269.15
1894,2024-11-07,NIFTY100,14414.19
1895,2024-11-08,NIFTY100,14369.34
1896,2024-11-11,NIFTY100,14300.81
1897,2024-11-12,NIFTY100,14232.26
1898,2024-11-13,NIFTY100,14272.7
1899,2024-11-14,NIFTY100,14445.88
1900,2024-11-15,NIFTY100,14699.96
1901,2024-11-18,NIFTY100,14897.22
1902,2024-11-19,NIFTY100,14862.16
1903,2024-11-20,NIFTY100,14764.86
1904,2024-11-21,NIFTY100,14586.66
1905,2024-11-22,NIFTY100,14647.02
1906,2024-11-25,NIFTY100,15010.84
1907,2024-11-26,NIFTY100,15043.38
1908,2024-11-27,NIFTY100,15092.83
1909,2024-11-28,NIFTY100,15094.69
1910,2024-11-29,NIFTY100,15170.81
1911,2024-12-02,NIFTY100,15100.92
1912,2024-12-03,NIFTY100,15148.34
1913,2024-12-04,NIFTY100,15118.43
1914,2024-12-05,NIFTY100,15184.85
1915,2024-12-06,NIFTY100,15190.58
1916,2024-12-09,NIFTY100,15262.58
1917,2024-12-10,NIFTY100,15156.27
1918,2024-12-11,NIFTY100,15299.43
1919,2024-12-12,NIFTY100,15429.09
1920,2024-12-13,NIFTY100,15398.71
1921,2024-12-16,NIFTY100,15335.05
1922,2024-12-17,NIFTY100,15184.43
1923,2024-12-18,NIFTY100,15047.46
1924,2024-12-19,NIFTY100,15006.41
1925,2024-12-20,NIFTY100,15032.5
1926,2024-12-23,NIFTY100,15064.49
1927,2024-12-24,NIFTY100,15288.32
1928,2024-12-25,NIFTY100,15231.62
1929,2024-12-26,NIFTY100,15162.79
1930,2024-12-27,NIFTY100,15158.44
1931,2024-12-30,NIFTY100,15052.32
1932,2024-12-31,NIFTY100,15249.27
1933,2025-01-01,NIFTY100,15482.17
1934,2025-01-02,NIFTY100,15590.37
1935,2025-01-03,NIFTY100,15717.14
1936,2025-01-06,NIFTY100,15703.81
1937,2025-01-07,NIFTY100,15798.1
1938,2025-01-08,NIFTY100,15968.03
1939,2025-01-09,NIFTY100,15933.63
1940,2025-01-10,NIFTY100,16129.36
1941,2025-01-13,NIFTY100,16133.9
1942,2025-01-14,NIFTY100,16128.6
1943,2025-01-15,NIFTY100,16020.77
1944,2025-01-16,NIFTY100,16057.4
1945,2025-01-17,NIFTY100,16213.08
1946,2025-01-20,NIFTY100,15923.37
1947,2025-01-21,NIFTY100,15975.8
1948,2025-01-22,NIFTY100,16078.7
1949,2025-01-23,NIFTY100,16102.07
1950,2025-01-24,NIFTY100,15852.25
1951,2025-01-27,NIFTY100,15684.27
1952,2025-01-28,NIFTY100,15681.47
1953,2025-01-29,NIFTY100,15475.43
1954,2025-01-30,NIFTY100,15827.04
1955,2025-01-31,NIFTY100,16003.75
1956,2025-02-03,NIFTY100,15876.03
1957,2025-02-04,NIFTY100,15997.59
1958,2025-02-05,NIFTY100,16093.28
1959,2025-02-06,NIFTY100,16053.21
1960,2025-02-07,NIFTY100,16190.65
1961,2025-02-10,NIFTY100,15923.94
1962,2025-02-11,NIFTY100,15886.99
1963,2025-02-12,NIFTY100,15826.68
1964,2025-02-13,NIFTY100,16069.02
1965,2025-02-14,NIFTY100,15950.73
1966,2025-02-17,NIFTY100,16048.15
1967,2025-02-18,NIFTY100,15965.65
1968,2025-02-19,NIFTY100,16112.88
1969,2025-02-20,NIFTY100,16063.67
1970,2025-02-21,NIFTY100,15912.29
1971,2025-02-24,NIFTY100,15915.96
1972,2025-02-25,NIFTY100,16033.96
1973,2025-02-26,NIFTY100,16110.42
1974,2025-02-27,NIFTY100,15922.25
1975,2025-02-28,NIFTY100,15722.71
1976,2025-03-03,NIFTY100,15647.53
1977,2025-03-04,NIFTY100,15529.22
1978,2025-03-05,NIFTY100,15422.27
1979,2025-03-06,NIFTY100,15371.45
1980,2025-03-07,NIFTY100,15453.5
1981,2025-03-10,NIFTY100,15425.92
1982,2025-03-11,NIFTY100,15284.25
1983,2025-03-12,NIFTY100,15177.11
1984,2025-03-13,NIFTY100,15239.62
1985,2025-03-14,NIFTY100,15233.0
1986,2025-03-17,NIFTY100,15151.67
1987,2025-03-18,NIFTY100,15237.48
1988,2025-03-19,NIFTY100,15345.82
1989,2025-03-20,NIFTY100,15449.69
1990,2025-03-21,NIFTY100,15444.27
1991,2025-03-24,NIFTY100,15338.19
1992,2025-03-25,NIFTY100,15317.19
1993,2025-03-26,NIFTY100,15235.68
1994,2025-03-27,NIFTY100,14917.74
1995,2025-03-28,NIFTY100,14896.02
1996,2025-03-31,NIFTY100,14643.16
1997,2025-04-01,NIFTY100,14563.29
1998,2025-04-02,NIFTY100,14500.85
1999,2025-04-03,NIFTY100,14692.44
2000,2025-04-04,NIFTY100,14557.4
2001,2025-04-07,NIFTY100,14592.18
2002,2025-04-08,NIFTY100,14561.42
2003,2025-04-09,NIFTY100,14623.43
2004,2025-04-10,NIFTY100,14551.18
2005,2025-04-11,NIFTY100,14371.11
2006,2025-04-14,NIFTY100,14390.57
2007,2025-04-15,NIFTY100,14399.46
2008,2025-04-16,NIFTY100,14428.49
2009,2025-04-17,NIFTY100,14399.95
2010,2025-04-18,NIFTY100,14364.89
2011,2025-04-21,NIFTY100,14466.71
2012,2025-04-22,NIFTY100,14558.29
2013,2025-04-23,NIFTY100,14469.62
2014,2025-04-24,NIFTY100,14458.93
2015,2025-04-25,NIFTY100,14324.13
2016,2025-04-28,NIFTY100,14397.76
2017,2025-04-29,NIFTY100,14459.24
2018,2025-04-30,NIFTY100,14634.81
2019,2025-05-01,NIFTY100,14730.4
2020,2025-05-02,NIFTY100,14759.0
2021,2025-05-05,NIFTY100,15081.25
2022,2025-05-06,NIFTY100,15131.41
2023,2025-05-07,NIFTY100,15207.67
2024,2025-05-08,NIFTY100,14991.01
2025,2025-05-09,NIFTY100,15098.24
2026,2025-05-12,NIFTY100,15407.35
2027,2025-05-13,NIFTY100,15450.9
2028,2025-05-14,NIFTY100,15557.82
2029,2025-05-15,NIFTY100,15707.27
2030,2025-05-16,NIFTY100,15948.39
2031,2025-05-19,NIFTY100,16035.81
2032,2025-05-20,NIFTY100,15836.88
2033,2025-05-21,NIFTY100,15874.16
2034,2025-05-22,NIFTY100,15983.1
2035,2025-05-23,NIFTY100,16082.33
2036,2025-05-26,NIFTY100,16069.92
2037,2025-05-27,NIFTY100,16029.25
2038,2025-05-28,NIFTY100,15989.49
2039,2025-05-29,NIFTY100,15977.58
2040,2025-05-30,NIFTY100,16002.37
2041,2025-06-02,NIFTY100,16081.24
2042,2025-06-03,NIFTY100,16138.5
2043,2025-06-04,NIFTY100,16089.19
2044,2025-06-05,NIFTY100,15940.9
2045,2025-06-06,NIFTY100,15997.98
2046,2025-06-09,NIFTY100,15967.7
2047,2025-06-10,NIFTY100,16186.98
2048,2025-06-11,NIFTY100,16316.11
2049,2025-06-12,NIFTY100,16369.52
2050,2025-06-13,NIFTY100,16276.29
2051,2025-06-16,NIFTY100,16104.84
2052,2025-06-17,NIFTY100,16112.83
2053,2025-06-18,NIFTY100,16139.8
2054,2025-06-19,NIFTY100,15919.45
2055,2025-06-20,NIFTY100,15988.92
2056,2025-06-23,NIFTY100,16003.0
2057,2025-06-24,NIFTY100,15664.24
2058,2025-06-25,NIFTY100,15562.24
2059,2025-06-26,NIFTY100,15469.31
2060,2025-06-27,NIFTY100,15322.81
2061,2025-06-30,NIFTY100,15378.83
2062,2025-07-01,NIFTY100,15613.14
2063,2025-07-02,NIFTY100,15679.98
2064,2025-07-03,NIFTY100,15768.89
2065,2025-07-04,NIFTY100,15676.47
2066,2025-07-07,NIFTY100,15749.54
2067,2025-07-08,NIFTY100,15733.4
2068,2025-07-09,NIFTY100,15741.0
2069,2025-07-10,NIFTY100,15670.84
2070,2025-07-11,NIFTY100,15476.97
2071,2025-07-14,NIFTY100,15601.39
2072,2025-07-15,NIFTY100,15629.46
2073,2025-07-16,NIFTY100,15607.59
2074,2025-07-17,NIFTY100,15850.22
2075,2025-07-18,NIFTY100,15728.9
2076,2025-07-21,NIFTY100,15819.12
2077,2025-07-22,NIFTY100,16095.0
2078,2025-07-23,NIFTY100,16157.99
2079,2025-07-24,NIFTY100,16012.83
2080,2025-07-25,NIFTY100,16149.34
2081,2025-07-28,NIFTY100,16085.02
2082,2025-07-29,NIFTY100,16011.91
2083,2025-07-30,NIFTY100,15901.57
2084,2025-07-31,NIFTY100,16122.72
2085,2025-08-01,NIFTY100,16076.99
2086,2025-08-04,NIFTY100,15963.92
2087,2025-08-05,NIFTY100,16135.43
2088,2025-08-06,NIFTY100,15934.59
2089,2025-08-07,NIFTY100,15950.57
2090,2025-08-08,NIFTY100,15869.54
2091,2025-08-11,NIFTY100,15956.12
2092,2025-08-12,NIFTY100,15908.46
2093,2025-08-13,NIFTY100,15733.14
2094,2025-08-14,NIFTY100,15759.18
2095,2025-08-15,NIFTY100,15707.52
2096,2025-08-18,NIFTY100,15823.73
2097,2025-08-19,NIFTY100,15839.96
2098,2025-08-20,NIFTY100,16127.87
2099,2025-08-21,NIFTY100,16062.16
2100,2025-08-22,NIFTY100,16224.87
2101,2025-08-25,NIFTY100,16186.11
2102,2025-08-26,NIFTY100,16177.77
2103,2025-08-27,NIFTY100,16286.02
2104,2025-08-28,NIFTY100,16168.6
2105,2025-08-29,NIFTY100,16334.53
2106,2025-09-01,NIFTY100,16435.26
2107,2025-09-02,NIFTY100,16549.98
2108,2025-09-03,NIFTY100,16685.24
2109,2025-09-04,NIFTY100,16772.48
2110,2025-09-05,NIFTY100,16874.21
2111,2025-09-08,NIFTY100,17065.23
2112,2025-09-09,NIFTY100,17074.14
2113,2025-09-10,NIFTY100,17057.3
2114,2025-09-11,NIFTY100,17133.18
2115,2025-09-12,NIFTY100,17155.4
2116,2025-09-15,NIFTY100,17295.56
2117,2025-09-16,NIFTY100,17570.14
2118,2025-09-17,NIFTY100,17442.88
2119,2025-09-18,NIFTY100,17465.23
2120,2025-09-19,NIFTY100,17322.06
2121,2025-09-22,NIFTY100,17300.46
2122,2025-09-23,NIFTY100,17287.65
2123,2025-09-24,NIFTY100,17240.75
2124,2025-09-25,NIFTY100,17377.23
2125,2025-09-26,NIFTY100,17436.66
2126,2025-09-29,NIFTY100,17359.5
2127,2025-09-30,NIFTY100,17497.18
2128,2025-10-01,NIFTY100,17489.17
2129,2025-10-02,NIFTY100,17421.42
2130,2025-10-03,NIFTY100,17284.96
2131,2025-10-06,NIFTY100,17086.94
2132,2025-10-07,NIFTY100,17030.11
2133,2025-10-08,NIFTY100,17046.39
2134,2025-10-09,NIFTY100,17184.56
2135,2025-10-10,NIFTY100,16907.35
2136,2025-10-13,NIFTY100,17175.59
2137,2025-10-14,NIFTY100,17075.83
2138,2025-10-15,NIFTY100,17030.12
2139,2025-10-16,NIFTY100,16989.54
2140,2025-10-17,NIFTY100,16909.96
2141,2025-10-20,NIFTY100,16875.87
2142,2025-10-21,NIFTY100,16850.99
2143,2025-10-22,NIFTY100,16838.03
2144,2025-10-23,NIFTY100,17066.17
2145,2025-10-24,NIFTY100,16971.86
2146,2025-10-27,NIFTY100,17236.86
2147,2025-10-28,NIFTY100,17322.25
2148,2025-10-29,NIFTY100,17111.54
2149,2025-10-30,NIFTY100,17003.55
2150,2025-10-31,NIFTY100,16879.75
2151,2025-11-03,NIFTY100,16884.7
2152,2025-11-04,NIFTY100,17076.29
2153,2025-11-05,NIFTY100,17198.7
2154,2025-11-06,NIFTY100,17064.14
2155,2025-11-07,NIFTY100,17242.99
2156,2025-11-10,NIFTY100,17104.47
2157,2025-11-11,NIFTY100,16988.07
2158,2025-11-12,NIFTY100,17142.78
2159,2025-11-13,NIFTY100,17295.92
2160,2025-11-14,NIFTY100,17420.04
2161,2025-11-17,NIFTY100,17431.2
2162,2025-11-18,NIFTY100,17428.81
2163,2025-11-19,NIFTY100,17270.71
2164,2025-11-20,NIFTY100,17277.18
2165,2025-11-21,NIFTY100,17190.35
2166,2025-11-24,NIFTY100,17173.44
2167,2025-11-25,NIFTY100,17507.58
2168,2025-11-26,NIFTY100,17562.38
2169,2025-11-27,NIFTY100,17411.94
2170,2025-11-28,NIFTY100,17598.5
2171,2025-12-01,NIFTY100,17801.56
2172,2025-12-02,NIFTY100,18020.5
2173,2025-12-03,NIFTY100,17958.85
2174,2025-12-04,NIFTY100,17951.03
2175,2025-12-05,NIFTY100,17774.98
2176,2025-12-08,NIFTY100,18011.98
2177,2025-12-09,NIFTY100,18038.89
2178,2025-12-10,NIFTY100,17846.08
2179,2025-12-11,NIFTY100,18098.03
2180,2025-12-12,NIFTY100,18006.31
2181,2025-12-15,NIFTY100,17956.77
2182,2025-12-16,NIFTY100,17812.0
2183,2025-12-17,NIFTY100,17645.21
2184,2025-12-18,NIFTY100,17710.03
2185,2025-12-19,NIFTY100,17617.69
2186,2025-12-22,NIFTY100,17407.32
2187,2025-12-23,NIFTY100,17557.52
2188,2025-12-24,NIFTY100,17638.41
2189,2025-12-25,NIFTY100,17907.08
2190,2025-12-26,NIFTY100,17861.01
2191,2025-12-29,NIFTY100,17875.38
2192,2025-12-30,NIFTY100,17914.9
2193,2025-12-31,NIFTY100,17943.93
2194,2026-01-01,NIFTY100,17989.44
2195,2026-01-02,NIFTY100,17950.77
2196,2026-01-05,NIFTY100,17696.2
2197,2026-01-06,NIFTY100,17746.43
2198,2026-01-07,NIFTY100,17838.7
2199,2026-01-08,NIFTY100,17798.1
2200,2026-01-09,NIFTY100,18172.83
2201,2026-01-12,NIFTY100,18110.58
2202,2026-01-13,NIFTY100,18026.64
2203,2026-01-14,NIFTY100,18100.89
2204,2026-01-15,NIFTY100,18144.4
2205,2026-01-16,NIFTY100,17920.55
2206,2026-01-19,NIFTY100,18046.45
2207,2026-01-20,NIFTY100,17987.7
2208,2026-01-21,NIFTY100,18179.71
2209,2026-01-22,NIFTY100,18248.01
2210,2026-01-23,NIFTY100,18221.6
2211,2026-01-26,NIFTY100,18421.61
2212,2026-01-27,NIFTY100,18347.73
2213,2026-01-28,NIFTY100,18156.81
2214,2026-01-29,NIFTY100,17963.84
2215,2026-01-30,NIFTY100,18008.15
2216,2026-02-02,NIFTY100,18287.32
2217,2026-02-03,NIFTY100,18274.68
2218,2026-02-04,NIFTY100,18397.52
2219,2026-02-05,NIFTY100,18453.28
2220,2026-02-06,NIFTY100,18399.73
2221,2026-02-09,NIFTY100,18160.3
2222,2026-02-10,NIFTY100,18193.73
2223,2026-02-11,NIFTY100,18322.7
2224,2026-02-12,NIFTY100,18399.89
2225,2026-02-13,NIFTY100,18357.52
2226,2026-02-16,NIFTY100,18286.91
2227,2026-02-17,NIFTY100,18200.9
2228,2026-02-18,NIFTY100,18111.6
2229,2026-02-19,NIFTY100,18126.9
2230,2026-02-20,NIFTY100,18112.29
2231,2026-02-23,NIFTY100,18196.12
2232,2026-02-24,NIFTY100,18060.73
2233,2026-02-25,NIFTY100,18065.44
2234,2026-02-26,NIFTY100,18068.86
2235,2026-02-27,NIFTY100,18002.35
2236,2026-03-02,NIFTY100,18056.33
2237,2026-03-03,NIFTY100,17933.37
2238,2026-03-04,NIFTY100,18118.0
2239,2026-03-05,NIFTY100,18189.69
2240,2026-03-06,NIFTY100,18279.69
2241,2026-03-09,NIFTY100,18277.65
2242,2026-03-10,NIFTY100,18237.19
2243,2026-03-11,NIFTY100,18138.31
2244,2026-03-12,NIFTY100,18023.65
2245,2026-03-13,NIFTY100,17807.85
2246,2026-03-16,NIFTY100,17829.89
2247,2026-03-17,NIFTY100,17940.74
2248,2026-03-18,NIFTY100,17770.6
2249,2026-03-19,NIFTY100,17972.7
2250,2026-03-20,NIFTY100,17751.17
2251,2026-03-23,NIFTY100,17884.32
2252,2026-03-24,NIFTY100,17769.37
2253,2026-03-25,NIFTY100,17935.62
2254,2026-03-26,NIFTY100,18056.63
2255,2026-03-27,NIFTY100,18461.52
2256,2026-03-30,NIFTY100,18376.27
2257,2026-03-31,NIFTY100,18051.34
2258,2026-04-01,NIFTY100,17782.44
2259,2026-04-02,NIFTY100,17760.9
2260,2026-04-03,NIFTY100,17793.29
2261,2026-04-06,NIFTY100,17697.48
2262,2026-04-07,NIFTY100,17758.78
2263,2026-04-08,NIFTY100,17897.71
2264,2026-04-09,NIFTY100,17992.09
2265,2026-04-10,NIFTY100,17994.82
2266,2026-04-13,NIFTY100,17879.1
2267,2026-04-14,NIFTY100,18009.93
2268,2026-04-15,NIFTY100,18223.56
2269,2026-04-16,NIFTY100,18142.7
2270,2026-04-17,NIFTY100,17978.08
2271,2026-04-20,NIFTY100,18157.51
2272,2026-04-21,NIFTY100,18214.04
2273,2026-04-22,NIFTY100,18267.78
2274,2026-04-23,NIFTY100,18535.61
2275,2026-04-24,NIFTY100,18274.07
2276,2026-04-27,NIFTY100,18251.07
2277,2026-04-28,NIFTY100,18316.33
2278,2026-04-29,NIFTY100,18629.93
2279,2026-04-30,NIFTY100,18631.29
2280,2026-05-01,NIFTY100,18566.52
2281,2026-05-04,NIFTY100,18608.36
2282,2026-05-05,NIFTY100,18728.99
2283,2026-05-06,NIFTY100,18921.78
2284,2026-05-07,NIFTY100,19160.18
2285,2026-05-08,NIFTY100,18871.35
2286,2026-05-11,NIFTY100,18762.08
2287,2026-05-12,NIFTY100,18904.22
2288,2026-05-13,NIFTY100,18953.65
2289,2026-05-14,NIFTY100,19030.41
2290,2026-05-15,NIFTY100,18942.22
2291,2026-05-18,NIFTY100,18988.63
2292,2026-05-19,NIFTY100,18961.65
2293,2026-05-20,NIFTY100,19044.55
2294,2026-05-21,NIFTY100,19133.14
2295,2026-05-22,NIFTY100,19193.21
2296,2026-05-25,NIFTY100,19245.64
2297,2026-05-26,NIFTY100,19228.08
2298,2026-05-27,NIFTY100,19489.24
2299,2026-05-28,NIFTY100,19677.97
2300,2026-05-29,NIFTY100,19696.29
2301,2022-01-03,NIFTY_MIDCAP150,9721.79
2302,2022-01-04,NIFTY_MIDCAP150,9954.23
2303,2022-01-05,NIFTY_MIDCAP150,9859.05
2304,2022-01-06,NIFTY_MIDCAP150,9787.54
2305,2022-01-07,NIFTY_MIDCAP150,9803.31
2306,2022-01-10,NIFTY_MIDCAP150,9844.45
2307,2022-01-11,NIFTY_MIDCAP150,9791.21
2308,2022-01-12,NIFTY_MIDCAP150,9876.14
2309,2022-01-13,NIFTY_MIDCAP150,9873.26
2310,2022-01-14,NIFTY_MIDCAP150,10002.73
2311,2022-01-17,NIFTY_MIDCAP150,9933.58
2312,2022-01-18,NIFTY_MIDCAP150,9843.49
2313,2022-01-19,NIFTY_MIDCAP150,9827.96
2314,2022-01-20,NIFTY_MIDCAP150,9817.39
2315,2022-01-21,NIFTY_MIDCAP150,9724.35
2316,2022-01-24,NIFTY_MIDCAP150,9742.25
2317,2022-01-25,NIFTY_MIDCAP150,9676.3
2318,2022-01-26,NIFTY_MIDCAP150,9893.28
2319,2022-01-27,NIFTY_MIDCAP150,9892.88
2320,2022-01-28,NIFTY_MIDCAP150,9940.6
2321,2022-01-31,NIFTY_MIDCAP150,9807.35
2322,2022-02-01,NIFTY_MIDCAP150,9874.99
2323,2022-02-02,NIFTY_MIDCAP150,9791.4
2324,2022-02-03,NIFTY_MIDCAP150,9899.67
2325,2022-02-04,NIFTY_MIDCAP150,9734.45
2326,2022-02-07,NIFTY_MIDCAP150,9737.12
2327,2022-02-08,NIFTY_MIDCAP150,9858.09
2328,2022-02-09,NIFTY_MIDCAP150,9884.01
2329,2022-02-10,NIFTY_MIDCAP150,9874.6
2330,2022-02-11,NIFTY_MIDCAP150,10031.8
2331,2022-02-14,NIFTY_MIDCAP150,9945.15
2332,2022-02-15,NIFTY_MIDCAP150,9820.24
2333,2022-02-16,NIFTY_MIDCAP150,9710.87
2334,2022-02-17,NIFTY_MIDCAP150,9606.86
2335,2022-02-18,NIFTY_MIDCAP150,9658.37
2336,2022-02-21,NIFTY_MIDCAP150,9631.55
2337,2022-02-22,NIFTY_MIDCAP150,9745.75
2338,2022-02-23,NIFTY_MIDCAP150,9803.0
2339,2022-02-24,NIFTY_MIDCAP150,9849.92
2340,2022-02-25,NIFTY_MIDCAP150,9664.02
2341,2022-02-28,NIFTY_MIDCAP150,9733.14
2342,2022-03-01,NIFTY_MIDCAP150,9878.28
2343,2022-03-02,NIFTY_MIDCAP150,9896.16
2344,2022-03-03,NIFTY_MIDCAP150,9794.5
2345,2022-03-04,NIFTY_MIDCAP150,9629.72
2346,2022-03-07,NIFTY_MIDCAP150,9745.27
2347,2022-03-08,NIFTY_MIDCAP150,9762.76
2348,2022-03-09,NIFTY_MIDCAP150,9619.52
2349,2022-03-10,NIFTY_MIDCAP150,9667.41
2350,2022-03-11,NIFTY_MIDCAP150,9671.17
2351,2022-03-14,NIFTY_MIDCAP150,9853.29
2352,2022-03-15,NIFTY_MIDCAP150,9769.94
2353,2022-03-16,NIFTY_MIDCAP150,9817.55
2354,2022-03-17,NIFTY_MIDCAP150,9956.83
2355,2022-03-18,NIFTY_MIDCAP150,10015.42
2356,2022-03-21,NIFTY_MIDCAP150,10003.95
2357,2022-03-22,NIFTY_MIDCAP150,9972.09
2358,2022-03-23,NIFTY_MIDCAP150,9943.17
2359,2022-03-24,NIFTY_MIDCAP150,9892.43
2360,2022-03-25,NIFTY_MIDCAP150,9820.37
2361,2022-03-28,NIFTY_MIDCAP150,9954.12
2362,2022-03-29,NIFTY_MIDCAP150,10079.59
2363,2022-03-30,NIFTY_MIDCAP150,10169.59
2364,2022-03-31,NIFTY_MIDCAP150,10201.64
2365,2022-04-01,NIFTY_MIDCAP150,10229.89
2366,2022-04-04,NIFTY_MIDCAP150,10056.36
2367,2022-04-05,NIFTY_MIDCAP150,10142.53
2368,2022-04-06,NIFTY_MIDCAP150,10150.44
2369,2022-04-07,NIFTY_MIDCAP150,10019.96
2370,2022-04-08,NIFTY_MIDCAP150,10146.23
2371,2022-04-11,NIFTY_MIDCAP150,10134.08
2372,2022-04-12,NIFTY_MIDCAP150,10227.08
2373,2022-04-13,NIFTY_MIDCAP150,10284.67
2374,2022-04-14,NIFTY_MIDCAP150,10186.01
2375,2022-04-15,NIFTY_MIDCAP150,10279.11
2376,2022-04-18,NIFTY_MIDCAP150,10208.04
2377,2022-04-19,NIFTY_MIDCAP150,10023.58
2378,2022-04-20,NIFTY_MIDCAP150,10114.81
2379,2022-04-21,NIFTY_MIDCAP150,10144.26
2380,2022-04-22,NIFTY_MIDCAP150,10163.64
2381,2022-04-25,NIFTY_MIDCAP150,10257.69
2382,2022-04-26,NIFTY_MIDCAP150,10131.6
2383,2022-04-27,NIFTY_MIDCAP150,10029.2
2384,2022-04-28,NIFTY_MIDCAP150,9909.79
2385,2022-04-29,NIFTY_MIDCAP150,9863.14
2386,2022-05-02,NIFTY_MIDCAP150,9906.82
2387,2022-05-03,NIFTY_MIDCAP150,10144.9
2388,2022-05-04,NIFTY_MIDCAP150,10123.45
2389,2022-05-05,NIFTY_MIDCAP150,10148.68
2390,2022-05-06,NIFTY_MIDCAP150,9992.14
2391,2022-05-09,NIFTY_MIDCAP150,9936.43
2392,2022-05-10,NIFTY_MIDCAP150,9713.54
2393,2022-05-11,NIFTY_MIDCAP150,9974.15
2394,2022-05-12,NIFTY_MIDCAP150,9768.68
2395,2022-05-13,NIFTY_MIDCAP150,9717.68
2396,2022-05-16,NIFTY_MIDCAP150,9708.02
2397,2022-05-17,NIFTY_MIDCAP150,9910.95
2398,2022-05-18,NIFTY_MIDCAP150,9942.45
2399,2022-05-19,NIFTY_MIDCAP150,9791.56
2400,2022-05-20,NIFTY_MIDCAP150,9764.3
2401,2022-05-23,NIFTY_MIDCAP150,9777.26
2402,2022-05-24,NIFTY_MIDCAP150,9712.12
2403,2022-05-25,NIFTY_MIDCAP150,9636.84
2404,2022-05-26,NIFTY_MIDCAP150,9554.26
2405,2022-05-27,NIFTY_MIDCAP150,9475.47
2406,2022-05-30,NIFTY_MIDCAP150,9381.9
2407,2022-05-31,NIFTY_MIDCAP150,9292.94
2408,2022-06-01,NIFTY_MIDCAP150,9262.6
2409,2022-06-02,NIFTY_MIDCAP150,9345.89
2410,2022-06-03,NIFTY_MIDCAP150,9216.09
2411,2022-06-06,NIFTY_MIDCAP150,9135.72
2412,2022-06-07,NIFTY_MIDCAP150,9145.49
2413,2022-06-08,NIFTY_MIDCAP150,9203.88
2414,2022-06-09,NIFTY_MIDCAP150,9363.82
2415,2022-06-10,NIFTY_MIDCAP150,9443.04
2416,2022-06-13,NIFTY_MIDCAP150,9463.63
2417,2022-06-14,NIFTY_MIDCAP150,9464.46
2418,2022-06-15,NIFTY_MIDCAP150,9455.05
2419,2022-06-16,NIFTY_MIDCAP150,9334.81
2420,2022-06-17,NIFTY_MIDCAP150,9380.43
2421,2022-06-20,NIFTY_MIDCAP150,9337.91
2422,2022-06-21,NIFTY_MIDCAP150,9357.74
2423,2022-06-22,NIFTY_MIDCAP150,9262.84
2424,2022-06-23,NIFTY_MIDCAP150,9256.79
2425,2022-06-24,NIFTY_MIDCAP150,9163.59
2426,2022-06-27,NIFTY_MIDCAP150,9222.81
2427,2022-06-28,NIFTY_MIDCAP150,9199.52
2428,2022-06-29,NIFTY_MIDCAP150,9221.5
2429,2022-06-30,NIFTY_MIDCAP150,9179.32
2430,2022-07-01,NIFTY_MIDCAP150,9254.75
2431,2022-07-04,NIFTY_MIDCAP150,9295.78
2432,2022-07-05,NIFTY_MIDCAP150,9211.53
2433,2022-07-06,NIFTY_MIDCAP150,9119.79
2434,2022-07-07,NIFTY_MIDCAP150,9213.66
2435,2022-07-08,NIFTY_MIDCAP150,8980.6
2436,2022-07-11,NIFTY_MIDCAP150,9125.44
2437,2022-07-12,NIFTY_MIDCAP150,9053.99
2438,2022-07-13,NIFTY_MIDCAP150,9124.04
2439,2022-07-14,NIFTY_MIDCAP150,9166.32
2440,2022-07-15,NIFTY_MIDCAP150,9132.0
2441,2022-07-18,NIFTY_MIDCAP150,9166.8
2442,2022-07-19,NIFTY_MIDCAP150,9176.51
2443,2022-07-20,NIFTY_MIDCAP150,9259.94
2444,2022-07-21,NIFTY_MIDCAP150,9182.66
2445,2022-07-22,NIFTY_MIDCAP150,9255.87
2446,2022-07-25,NIFTY_MIDCAP150,9058.19
2447,2022-07-26,NIFTY_MIDCAP150,9121.97
2448,2022-07-27,NIFTY_MIDCAP150,9125.24
2449,2022-07-28,NIFTY_MIDCAP150,9177.54
2450,2022-07-29,NIFTY_MIDCAP150,9243.75
2451,2022-08-01,NIFTY_MIDCAP150,9400.94
2452,2022-08-02,NIFTY_MIDCAP150,9417.04
2453,2022-08-03,NIFTY_MIDCAP150,9327.66
2454,2022-08-04,NIFTY_MIDCAP150,9524.35
2455,2022-08-05,NIFTY_MIDCAP150,9566.41
2456,2022-08-08,NIFTY_MIDCAP150,9663.72
2457,2022-08-09,NIFTY_MIDCAP150,9624.67
2458,2022-08-10,NIFTY_MIDCAP150,9584.78
2459,2022-08-11,NIFTY_MIDCAP150,9603.1
2460,2022-08-12,NIFTY_MIDCAP150,9667.97
2461,2022-08-15,NIFTY_MIDCAP150,9704.15
2462,2022-08-16,NIFTY_MIDCAP150,9601.26
2463,2022-08-17,NIFTY_MIDCAP150,9774.39
2464,2022-08-18,NIFTY_MIDCAP150,9649.15
2465,2022-08-19,NIFTY_MIDCAP150,9691.39
2466,2022-08-22,NIFTY_MIDCAP150,9700.27
2467,2022-08-23,NIFTY_MIDCAP150,9988.6
2468,2022-08-24,NIFTY_MIDCAP150,9945.85
2469,2022-08-25,NIFTY_MIDCAP150,9814.76
2470,2022-08-26,NIFTY_MIDCAP150,9893.68
2471,2022-08-29,NIFTY_MIDCAP150,9843.74
2472,2022-08-30,NIFTY_MIDCAP150,9969.54
2473,2022-08-31,NIFTY_MIDCAP150,10075.44
2474,2022-09-01,NIFTY_MIDCAP150,10162.9
2475,2022-09-02,NIFTY_MIDCAP150,10080.16
2476,2022-09-05,NIFTY_MIDCAP150,10185.96
2477,2022-09-06,NIFTY_MIDCAP150,10462.37
2478,2022-09-07,NIFTY_MIDCAP150,10424.04
2479,2022-09-08,NIFTY_MIDCAP150,10407.45
2480,2022-09-09,NIFTY_MIDCAP150,10397.42
2481,2022-09-12,NIFTY_MIDCAP150,10368.33
2482,2022-09-13,NIFTY_MIDCAP150,10391.07
2483,2022-09-14,NIFTY_MIDCAP150,10400.07
2484,2022-09-15,NIFTY_MIDCAP150,10399.81
2485,2022-09-16,NIFTY_MIDCAP150,10302.19
2486,2022-09-19,NIFTY_MIDCAP150,10448.81
2487,2022-09-20,NIFTY_MIDCAP150,10499.98
2488,2022-09-21,NIFTY_MIDCAP150,10622.83
2489,2022-09-22,NIFTY_MIDCAP150,10701.85
2490,2022-09-23,NIFTY_MIDCAP150,10390.8
2491,2022-09-26,NIFTY_MIDCAP150,10504.55
2492,2022-09-27,NIFTY_MIDCAP150,10608.35
2493,2022-09-28,NIFTY_MIDCAP150,10644.04
2494,2022-09-29,NIFTY_MIDCAP150,10916.17
2495,2022-09-30,NIFTY_MIDCAP150,11053.32
2496,2022-10-03,NIFTY_MIDCAP150,11187.51
2497,2022-10-04,NIFTY_MIDCAP150,10980.96
2498,2022-10-05,NIFTY_MIDCAP150,11156.66
2499,2022-10-06,NIFTY_MIDCAP150,11249.84
2500,2022-10-07,NIFTY_MIDCAP150,11087.15
2501,2022-10-10,NIFTY_MIDCAP150,11134.51
2502,2022-10-11,NIFTY_MIDCAP150,10930.32
2503,2022-10-12,NIFTY_MIDCAP150,11022.46
2504,2022-10-13,NIFTY_MIDCAP150,11052.19
2505,2022-10-14,NIFTY_MIDCAP150,10984.46
2506,2022-10-17,NIFTY_MIDCAP150,11079.72
2507,2022-10-18,NIFTY_MIDCAP150,10991.99
2508,2022-10-19,NIFTY_MIDCAP150,11013.96
2509,2022-10-20,NIFTY_MIDCAP150,11160.19
2510,2022-10-21,NIFTY_MIDCAP150,11124.26
2511,2022-10-24,NIFTY_MIDCAP150,11012.02
2512,2022-10-25,NIFTY_MIDCAP150,11156.21
2513,2022-10-26,NIFTY_MIDCAP150,11177.36
2514,2022-10-27,NIFTY_MIDCAP150,11442.01
2515,2022-10-28,NIFTY_MIDCAP150,11516.82
2516,2022-10-31,NIFTY_MIDCAP150,11624.26
2517,2022-11-01,NIFTY_MIDCAP150,11679.69
2518,2022-11-02,NIFTY_MIDCAP150,11761.12
2519,2022-11-03,NIFTY_MIDCAP150,11850.16
2520,2022-11-04,NIFTY_MIDCAP150,11949.23
2521,2022-11-07,NIFTY_MIDCAP150,11806.28
2522,2022-11-08,NIFTY_MIDCAP150,11699.3
2523,2022-11-09,NIFTY_MIDCAP150,11794.88
2524,2022-11-10,NIFTY_MIDCAP150,11814.8
2525,2022-11-11,NIFTY_MIDCAP150,11720.43
2526,2022-11-14,NIFTY_MIDCAP150,11767.97
2527,2022-11-15,NIFTY_MIDCAP150,11992.88
2528,2022-11-16,NIFTY_MIDCAP150,12026.56
2529,2022-11-17,NIFTY_MIDCAP150,12091.91
2530,2022-11-18,NIFTY_MIDCAP150,12162.05
2531,2022-11-21,NIFTY_MIDCAP150,12085.84
2532,2022-11-22,NIFTY_MIDCAP150,12086.57
2533,2022-11-23,NIFTY_MIDCAP150,11811.16
2534,2022-11-24,NIFTY_MIDCAP150,11692.8
2535,2022-11-25,NIFTY_MIDCAP150,11689.79
2536,2022-11-28,NIFTY_MIDCAP150,11540.22
2537,2022-11-29,NIFTY_MIDCAP150,11544.89
2538,2022-11-30,NIFTY_MIDCAP150,11513.49
2539,2022-12-01,NIFTY_MIDCAP150,11695.01
2540,2022-12-02,NIFTY_MIDCAP150,11974.0
2541,2022-12-05,NIFTY_MIDCAP150,11974.01
2542,2022-12-06,NIFTY_MIDCAP150,12032.93
2543,2022-12-07,NIFTY_MIDCAP150,12206.9
2544,2022-12-08,NIFTY_MIDCAP150,12213.89
2545,2022-12-09,NIFTY_MIDCAP150,12280.09
2546,2022-12-12,NIFTY_MIDCAP150,12095.25
2547,2022-12-13,NIFTY_MIDCAP150,12174.02
2548,2022-12-14,NIFTY_MIDCAP150,12359.38
2549,2022-12-15,NIFTY_MIDCAP150,12211.47
2550,2022-12-16,NIFTY_MIDCAP150,11991.47
2551,2022-12-19,NIFTY_MIDCAP150,12176.42
2552,2022-12-20,NIFTY_MIDCAP150,12140.49
2553,2022-12-21,NIFTY_MIDCAP150,12041.15
2554,2022-12-22,NIFTY_MIDCAP150,12062.03
2555,2022-12-23,NIFTY_MIDCAP150,11995.13
2556,2022-12-26,NIFTY_MIDCAP150,11862.7
2557,2022-12-27,NIFTY_MIDCAP150,11666.78
2558,2022-12-28,NIFTY_MIDCAP150,11915.48
2559,2022-12-29,NIFTY_MIDCAP150,12150.5
2560,2022-12-30,NIFTY_MIDCAP150,12123.91
2561,2023-01-02,NIFTY_MIDCAP150,12497.13
2562,2023-01-03,NIFTY_MIDCAP150,12694.86
2563,2023-01-04,NIFTY_MIDCAP150,12695.85
2564,2023-01-05,NIFTY_MIDCAP150,13035.18
2565,2023-01-06,NIFTY_MIDCAP150,12744.58
2566,2023-01-09,NIFTY_MIDCAP150,12722.57
2567,2023-01-10,NIFTY_MIDCAP150,12987.26
2568,2023-01-11,NIFTY_MIDCAP150,12945.39
2569,2023-01-12,NIFTY_MIDCAP150,13127.16
2570,2023-01-13,NIFTY_MIDCAP150,12990.23
2571,2023-01-16,NIFTY_MIDCAP150,12901.38
2572,2023-01-17,NIFTY_MIDCAP150,12966.54
2573,2023-01-18,NIFTY_MIDCAP150,13072.53
2574,2023-01-19,NIFTY_MIDCAP150,13111.81
2575,2023-01-20,NIFTY_MIDCAP150,13058.78
2576,2023-01-23,NIFTY_MIDCAP150,12930.11
2577,2023-01-24,NIFTY_MIDCAP150,13289.73
2578,2023-01-25,NIFTY_MIDCAP150,13351.11
2579,2023-01-26,NIFTY_MIDCAP150,13528.16
2580,2023-01-27,NIFTY_MIDCAP150,13689.31
2581,2023-01-30,NIFTY_MIDCAP150,13624.79
2582,2023-01-31,NIFTY_MIDCAP150,13641.22
2583,2023-02-01,NIFTY_MIDCAP150,13531.39
2584,2023-02-02,NIFTY_MIDCAP150,13658.74
2585,2023-02-03,NIFTY_MIDCAP150,13643.18
2586,2023-02-06,NIFTY_MIDCAP150,13906.26
2587,2023-02-07,NIFTY_MIDCAP150,13663.65
2588,2023-02-08,NIFTY_MIDCAP150,13750.68
2589,2023-02-09,NIFTY_MIDCAP150,14162.58
2590,2023-02-10,NIFTY_MIDCAP150,14054.53
2591,2023-02-13,NIFTY_MIDCAP150,14089.33
2592,2023-02-14,NIFTY_MIDCAP150,14042.6
2593,2023-02-15,NIFTY_MIDCAP150,14195.39
2594,2023-02-16,NIFTY_MIDCAP150,13885.8
2595,2023-02-17,NIFTY_MIDCAP150,13706.59
2596,2023-02-20,NIFTY_MIDCAP150,13562.22
2597,2023-02-21,NIFTY_MIDCAP150,13707.26
2598,2023-02-22,NIFTY_MIDCAP150,13688.13
2599,2023-02-23,NIFTY_MIDCAP150,13598.59
2600,2023-02-24,NIFTY_MIDCAP150,13670.62
2601,2023-02-27,NIFTY_MIDCAP150,13714.25
2602,2023-02-28,NIFTY_MIDCAP150,13692.83
2603,2023-03-01,NIFTY_MIDCAP150,13624.58
2604,2023-03-02,NIFTY_MIDCAP150,13494.2
2605,2023-03-03,NIFTY_MIDCAP150,13723.27
2606,2023-03-06,NIFTY_MIDCAP150,13966.91
2607,2023-03-07,NIFTY_MIDCAP150,13769.57
2608,2023-03-08,NIFTY_MIDCAP150,13717.73
2609,2023-03-09,NIFTY_MIDCAP150,13797.18
2610,2023-03-10,NIFTY_MIDCAP150,13665.87
2611,2023-03-13,NIFTY_MIDCAP150,13790.31
2612,2023-03-14,NIFTY_MIDCAP150,13833.31
2613,2023-03-15,NIFTY_MIDCAP150,13973.58
2614,2023-03-16,NIFTY_MIDCAP150,14354.96
2615,2023-03-17,NIFTY_MIDCAP150,14094.87
2616,2023-03-20,NIFTY_MIDCAP150,14340.02
2617,2023-03-21,NIFTY_MIDCAP150,14264.24
2618,2023-03-22,NIFTY_MIDCAP150,14387.77
2619,2023-03-23,NIFTY_MIDCAP150,14488.98
2620,2023-03-24,NIFTY_MIDCAP150,14732.68
2621,2023-03-27,NIFTY_MIDCAP150,14760.04
2622,2023-03-28,NIFTY_MIDCAP150,14640.29
2623,2023-03-29,NIFTY_MIDCAP150,14697.94
2624,2023-03-30,NIFTY_MIDCAP150,14999.15
2625,2023-03-31,NIFTY_MIDCAP150,15076.41
2626,2023-04-03,NIFTY_MIDCAP150,14996.61
2627,2023-04-04,NIFTY_MIDCAP150,14987.98
2628,2023-04-05,NIFTY_MIDCAP150,15048.48
2629,2023-04-06,NIFTY_MIDCAP150,15086.34
2630,2023-04-07,NIFTY_MIDCAP150,15100.72
2631,2023-04-10,NIFTY_MIDCAP150,15288.02
2632,2023-04-11,NIFTY_MIDCAP150,15661.74
2633,2023-04-12,NIFTY_MIDCAP150,15850.3
2634,2023-04-13,NIFTY_MIDCAP150,15981.76
2635,2023-04-14,NIFTY_MIDCAP150,16189.47
2636,2023-04-17,NIFTY_MIDCAP150,16328.14
2637,2023-04-18,NIFTY_MIDCAP150,16374.7
2638,2023-04-19,NIFTY_MIDCAP150,16287.04
2639,2023-04-20,NIFTY_MIDCAP150,16199.82
2640,2023-04-21,NIFTY_MIDCAP150,16217.05
2641,2023-04-24,NIFTY_MIDCAP150,16290.46
2642,2023-04-25,NIFTY_MIDCAP150,16521.95
2643,2023-04-26,NIFTY_MIDCAP150,16521.88
2644,2023-04-27,NIFTY_MIDCAP150,16476.46
2645,2023-04-28,NIFTY_MIDCAP150,16547.44
2646,2023-05-01,NIFTY_MIDCAP150,16648.14
2647,2023-05-02,NIFTY_MIDCAP150,16558.97
2648,2023-05-03,NIFTY_MIDCAP150,16444.41
2649,2023-05-04,NIFTY_MIDCAP150,16584.96
2650,2023-05-05,NIFTY_MIDCAP150,16581.98
2651,2023-05-08,NIFTY_MIDCAP150,16825.55
2652,2023-05-09,NIFTY_MIDCAP150,16899.12
2653,2023-05-10,NIFTY_MIDCAP150,16905.96
2654,2023-05-11,NIFTY_MIDCAP150,16701.72
2655,2023-05-12,NIFTY_MIDCAP150,16723.65
2656,2023-05-15,NIFTY_MIDCAP150,16558.53
2657,2023-05-16,NIFTY_MIDCAP150,16339.42
2658,2023-05-17,NIFTY_MIDCAP150,16641.91
2659,2023-05-18,NIFTY_MIDCAP150,16570.47
2660,2023-05-19,NIFTY_MIDCAP150,16759.27
2661,2023-05-22,NIFTY_MIDCAP150,16570.19
2662,2023-05-23,NIFTY_MIDCAP150,16457.12
2663,2023-05-24,NIFTY_MIDCAP150,16328.21
2664,2023-05-25,NIFTY_MIDCAP150,16475.63
2665,2023-05-26,NIFTY_MIDCAP150,16579.37
2666,2023-05-29,NIFTY_MIDCAP150,16352.23
2667,2023-05-30,NIFTY_MIDCAP150,16111.41
2668,2023-05-31,NIFTY_MIDCAP150,16219.35
2669,2023-06-01,NIFTY_MIDCAP150,16481.87
2670,2023-06-02,NIFTY_MIDCAP150,16739.23
2671,2023-06-05,NIFTY_MIDCAP150,16612.56
2672,2023-06-06,NIFTY_MIDCAP150,16551.2
2673,2023-06-07,NIFTY_MIDCAP150,16660.56
2674,2023-06-08,NIFTY_MIDCAP150,16784.15
2675,2023-06-09,NIFTY_MIDCAP150,16842.56
2676,2023-06-12,NIFTY_MIDCAP150,16783.89
2677,2023-06-13,NIFTY_MIDCAP150,16885.31
2678,2023-06-14,NIFTY_MIDCAP150,16927.5
2679,2023-06-15,NIFTY_MIDCAP150,16976.93
2680,2023-06-16,NIFTY_MIDCAP150,17160.64
2681,2023-06-19,NIFTY_MIDCAP150,17389.48
2682,2023-06-20,NIFTY_MIDCAP150,17469.49
2683,2023-06-21,NIFTY_MIDCAP150,17539.37
2684,2023-06-22,NIFTY_MIDCAP150,17519.45
2685,2023-06-23,NIFTY_MIDCAP150,17556.8
2686,2023-06-26,NIFTY_MIDCAP150,17719.87
2687,2023-06-27,NIFTY_MIDCAP150,17830.77
2688,2023-06-28,NIFTY_MIDCAP150,17732.67
2689,2023-06-29,NIFTY_MIDCAP150,17624.46
2690,2023-06-30,NIFTY_MIDCAP150,17510.71
2691,2023-07-03,NIFTY_MIDCAP150,17751.6
2692,2023-07-04,NIFTY_MIDCAP150,17431.64
2693,2023-07-05,NIFTY_MIDCAP150,17176.68
2694,2023-07-06,NIFTY_MIDCAP150,17068.19
2695,2023-07-07,NIFTY_MIDCAP150,17225.63
2696,2023-07-10,NIFTY_MIDCAP150,17184.39
2697,2023-07-11,NIFTY_MIDCAP150,17034.86
2698,2023-07-12,NIFTY_MIDCAP150,17114.42
2699,2023-07-13,NIFTY_MIDCAP150,17204.4
2700,2023-07-14,NIFTY_MIDCAP150,17369.57
2701,2023-07-17,NIFTY_MIDCAP150,17651.35
2702,2023-07-18,NIFTY_MIDCAP150,17910.93
2703,2023-07-19,NIFTY_MIDCAP150,18035.51
2704,2023-07-20,NIFTY_MIDCAP150,18029.75
2705,2023-07-21,NIFTY_MIDCAP150,18129.54
2706,2023-07-24,NIFTY_MIDCAP150,18056.95
2707,2023-07-25,NIFTY_MIDCAP150,18251.89
2708,2023-07-26,NIFTY_MIDCAP150,18160.92
2709,2023-07-27,NIFTY_MIDCAP150,18017.07
2710,2023-07-28,NIFTY_MIDCAP150,18223.83
2711,2023-07-31,NIFTY_MIDCAP150,17939.84
2712,2023-08-01,NIFTY_MIDCAP150,17829.97
2713,2023-08-02,NIFTY_MIDCAP150,17963.2
2714,2023-08-03,NIFTY_MIDCAP150,17957.03
2715,2023-08-04,NIFTY_MIDCAP150,17942.46
2716,2023-08-07,NIFTY_MIDCAP150,17741.25
2717,2023-08-08,NIFTY_MIDCAP150,17558.18
2718,2023-08-09,NIFTY_MIDCAP150,17533.05
2719,2023-08-10,NIFTY_MIDCAP150,17247.91
2720,2023-08-11,NIFTY_MIDCAP150,17257.03
2721,2023-08-14,NIFTY_MIDCAP150,17491.93
2722,2023-08-15,NIFTY_MIDCAP150,17712.29
2723,2023-08-16,NIFTY_MIDCAP150,17831.05
2724,2023-08-17,NIFTY_MIDCAP150,17881.18
2725,2023-08-18,NIFTY_MIDCAP150,17875.8
2726,2023-08-21,NIFTY_MIDCAP150,17898.6
2727,2023-08-22,NIFTY_MIDCAP150,17738.34
2728,2023-08-23,NIFTY_MIDCAP150,17636.21
2729,2023-08-24,NIFTY_MIDCAP150,17348.68
2730,2023-08-25,NIFTY_MIDCAP150,17526.24
2731,2023-08-28,NIFTY_MIDCAP150,17516.73
2732,2023-08-29,NIFTY_MIDCAP150,17890.17
2733,2023-08-30,NIFTY_MIDCAP150,17793.76
2734,2023-08-31,NIFTY_MIDCAP150,17803.51
2735,2023-09-01,NIFTY_MIDCAP150,17943.9
2736,2023-09-04,NIFTY_MIDCAP150,18032.5
2737,2023-09-05,NIFTY_MIDCAP150,18028.95
2738,2023-09-06,NIFTY_MIDCAP150,18370.34
2739,2023-09-07,NIFTY_MIDCAP150,18208.43
2740,2023-09-08,NIFTY_MIDCAP150,18338.67
2741,2023-09-11,NIFTY_MIDCAP150,18268.95
2742,2023-09-12,NIFTY_MIDCAP150,18254.73
2743,2023-09-13,NIFTY_MIDCAP150,18314.57
2744,2023-09-14,NIFTY_MIDCAP150,18302.67
2745,2023-09-15,NIFTY_MIDCAP150,18283.26
2746,2023-09-18,NIFTY_MIDCAP150,18010.44
2747,2023-09-19,NIFTY_MIDCAP150,18187.29
2748,2023-09-20,NIFTY_MIDCAP150,17914.33
2749,2023-09-21,NIFTY_MIDCAP150,18188.96
2750,2023-09-22,NIFTY_MIDCAP150,18180.98
2751,2023-09-25,NIFTY_MIDCAP150,18365.07
2752,2023-09-26,NIFTY_MIDCAP150,17927.55
2753,2023-09-27,NIFTY_MIDCAP150,17931.99
2754,2023-09-28,NIFTY_MIDCAP150,17940.97
2755,2023-09-29,NIFTY_MIDCAP150,17791.39
2756,2023-10-02,NIFTY_MIDCAP150,17959.68
2757,2023-10-03,NIFTY_MIDCAP150,17857.59
2758,2023-10-04,NIFTY_MIDCAP150,17709.55
2759,2023-10-05,NIFTY_MIDCAP150,17655.87
2760,2023-10-06,NIFTY_MIDCAP150,17840.1
2761,2023-10-09,NIFTY_MIDCAP150,17900.97
2762,2023-10-10,NIFTY_MIDCAP150,17983.74
2763,2023-10-11,NIFTY_MIDCAP150,18134.58
2764,2023-10-12,NIFTY_MIDCAP150,18106.45
2765,2023-10-13,NIFTY_MIDCAP150,18310.37
2766,2023-10-16,NIFTY_MIDCAP150,18392.39
2767,2023-10-17,NIFTY_MIDCAP150,18561.39
2768,2023-10-18,NIFTY_MIDCAP150,18426.4
2769,2023-10-19,NIFTY_MIDCAP150,18456.22
2770,2023-10-20,NIFTY_MIDCAP150,18647.36
2771,2023-10-23,NIFTY_MIDCAP150,19010.11
2772,2023-10-24,NIFTY_MIDCAP150,19227.26
2773,2023-10-25,NIFTY_MIDCAP150,19456.11
2774,2023-10-26,NIFTY_MIDCAP150,19161.57
2775,2023-10-27,NIFTY_MIDCAP150,19115.79
2776,2023-10-30,NIFTY_MIDCAP150,19249.55
2777,2023-10-31,NIFTY_MIDCAP150,18994.46
2778,2023-11-01,NIFTY_MIDCAP150,19092.71
2779,2023-11-02,NIFTY_MIDCAP150,19033.87
2780,2023-11-03,NIFTY_MIDCAP150,18985.65
2781,2023-11-06,NIFTY_MIDCAP150,19011.72
2782,2023-11-07,NIFTY_MIDCAP150,19100.07
2783,2023-11-08,NIFTY_MIDCAP150,19271.2
2784,2023-11-09,NIFTY_MIDCAP150,19049.32
2785,2023-11-10,NIFTY_MIDCAP150,19266.74
2786,2023-11-13,NIFTY_MIDCAP150,19417.82
2787,2023-11-14,NIFTY_MIDCAP150,19375.32
2788,2023-11-15,NIFTY_MIDCAP150,19598.15
2789,2023-11-16,NIFTY_MIDCAP150,19243.13
2790,2023-11-17,NIFTY_MIDCAP150,19291.42
2791,2023-11-20,NIFTY_MIDCAP150,19182.16
2792,2023-11-21,NIFTY_MIDCAP150,18968.25
2793,2023-11-22,NIFTY_MIDCAP150,18663.56
2794,2023-11-23,NIFTY_MIDCAP150,18809.64
2795,2023-11-24,NIFTY_MIDCAP150,18931.06
2796,2023-11-27,NIFTY_MIDCAP150,19202.31
2797,2023-11-28,NIFTY_MIDCAP150,19359.98
2798,2023-11-29,NIFTY_MIDCAP150,19307.85
2799,2023-11-30,NIFTY_MIDCAP150,19923.74
2800,2023-12-01,NIFTY_MIDCAP150,20167.14
2801,2023-12-04,NIFTY_MIDCAP150,19918.39
2802,2023-12-05,NIFTY_MIDCAP150,19901.79
2803,2023-12-06,NIFTY_MIDCAP150,19965.7
2804,2023-12-07,NIFTY_MIDCAP150,19918.88
2805,2023-12-08,NIFTY_MIDCAP150,20401.09
2806,2023-12-11,NIFTY_MIDCAP150,20347.07
2807,2023-12-12,NIFTY_MIDCAP150,20270.96
2808,2023-12-13,NIFTY_MIDCAP150,20455.03
2809,2023-12-14,NIFTY_MIDCAP150,20495.99
2810,2023-12-15,NIFTY_MIDCAP150,20457.41
2811,2023-12-18,NIFTY_MIDCAP150,20979.35
2812,2023-12-19,NIFTY_MIDCAP150,21361.54
2813,2023-12-20,NIFTY_MIDCAP150,21036.04
2814,2023-12-21,NIFTY_MIDCAP150,21501.23
2815,2023-12-22,NIFTY_MIDCAP150,21471.29
2816,2023-12-25,NIFTY_MIDCAP150,21763.11
2817,2023-12-26,NIFTY_MIDCAP150,22271.96
2818,2023-12-27,NIFTY_MIDCAP150,22491.73
2819,2023-12-28,NIFTY_MIDCAP150,23095.81
2820,2023-12-29,NIFTY_MIDCAP150,23335.22
2821,2024-01-01,NIFTY_MIDCAP150,23517.16
2822,2024-01-02,NIFTY_MIDCAP150,23802.98
2823,2024-01-03,NIFTY_MIDCAP150,23486.07
2824,2024-01-04,NIFTY_MIDCAP150,23446.63
2825,2024-01-05,NIFTY_MIDCAP150,23178.28
2826,2024-01-08,NIFTY_MIDCAP150,23146.2
2827,2024-01-09,NIFTY_MIDCAP150,23279.3
2828,2024-01-10,NIFTY_MIDCAP150,23255.26
2829,2024-01-11,NIFTY_MIDCAP150,23232.12
2830,2024-01-12,NIFTY_MIDCAP150,22892.05
2831,2024-01-15,NIFTY_MIDCAP150,22770.75
2832,2024-01-16,NIFTY_MIDCAP150,23220.3
2833,2024-01-17,NIFTY_MIDCAP150,23088.78
2834,2024-01-18,NIFTY_MIDCAP150,23013.35
2835,2024-01-19,NIFTY_MIDCAP150,23088.95
2836,2024-01-22,NIFTY_MIDCAP150,23201.06
2837,2024-01-23,NIFTY_MIDCAP150,23179.79
2838,2024-01-24,NIFTY_MIDCAP150,22830.29
2839,2024-01-25,NIFTY_MIDCAP150,22985.32
2840,2024-01-26,NIFTY_MIDCAP150,23506.3
2841,2024-01-29,NIFTY_MIDCAP150,24015.96
2842,2024-01-30,NIFTY_MIDCAP150,23836.51
2843,2024-01-31,NIFTY_MIDCAP150,23960.69
2844,2024-02-01,NIFTY_MIDCAP150,24673.62
2845,2024-02-02,NIFTY_MIDCAP150,24688.25
2846,2024-02-05,NIFTY_MIDCAP150,24775.39
2847,2024-02-06,NIFTY_MIDCAP150,24374.77
2848,2024-02-07,NIFTY_MIDCAP150,24680.14
2849,2024-02-08,NIFTY_MIDCAP150,24773.83
2850,2024-02-09,NIFTY_MIDCAP150,24540.12
2851,2024-02-12,NIFTY_MIDCAP150,24749.54
2852,2024-02-13,NIFTY_MIDCAP150,25041.46
2853,2024-02-14,NIFTY_MIDCAP150,24861.04
2854,2024-02-15,NIFTY_MIDCAP150,24412.57
2855,2024-02-16,NIFTY_MIDCAP150,24466.64
2856,2024-02-19,NIFTY_MIDCAP150,24675.17
2857,2024-02-20,NIFTY_MIDCAP150,24765.68
2858,2024-02-21,NIFTY_MIDCAP150,25108.96
2859,2024-02-22,NIFTY_MIDCAP150,24641.79
2860,2024-02-23,NIFTY_MIDCAP150,24375.39
2861,2024-02-26,NIFTY_MIDCAP150,24452.26
2862,2024-02-27,NIFTY_MIDCAP150,24039.49
2863,2024-02-28,NIFTY_MIDCAP150,23848.94
2864,2024-02-29,NIFTY_MIDCAP150,23721.89
2865,2024-03-01,NIFTY_MIDCAP150,24012.16
2866,2024-03-04,NIFTY_MIDCAP150,24385.97
2867,2024-03-05,NIFTY_MIDCAP150,24602.54
2868,2024-03-06,NIFTY_MIDCAP150,25147.03
2869,2024-03-07,NIFTY_MIDCAP150,25565.49
2870,2024-03-08,NIFTY_MIDCAP150,25811.91
2871,2024-03-11,NIFTY_MIDCAP150,26051.84
2872,2024-03-12,NIFTY_MIDCAP150,25895.63
2873,2024-03-13,NIFTY_MIDCAP150,25505.48
2874,2024-03-14,NIFTY_MIDCAP150,25315.89
2875,2024-03-15,NIFTY_MIDCAP150,25574.86
2876,2024-03-18,NIFTY_MIDCAP150,25500.36
2877,2024-03-19,NIFTY_MIDCAP150,25694.01
2878,2024-03-20,NIFTY_MIDCAP150,25182.78
2879,2024-03-21,NIFTY_MIDCAP150,25349.46
2880,2024-03-22,NIFTY_MIDCAP150,25120.74
2881,2024-03-25,NIFTY_MIDCAP150,24929.87
2882,2024-03-26,NIFTY_MIDCAP150,25421.46
2883,2024-03-27,NIFTY_MIDCAP150,26065.73
2884,2024-03-28,NIFTY_MIDCAP150,25766.61
2885,2024-03-29,NIFTY_MIDCAP150,25715.61
2886,2024-04-01,NIFTY_MIDCAP150,25695.82
2887,2024-04-02,NIFTY_MIDCAP150,25927.97
2888,2024-04-03,NIFTY_MIDCAP150,25806.46
2889,2024-04-04,NIFTY_MIDCAP150,25588.14
2890,2024-04-05,NIFTY_MIDCAP150,25689.63
2891,2024-04-08,NIFTY_MIDCAP150,25729.56
2892,2024-04-09,NIFTY_MIDCAP150,26000.44
2893,2024-04-10,NIFTY_MIDCAP150,25816.42
2894,2024-04-11,NIFTY_MIDCAP150,25772.88
2895,2024-04-12,NIFTY_MIDCAP150,26017.53
2896,2024-04-15,NIFTY_MIDCAP150,26016.11
2897,2024-04-16,NIFTY_MIDCAP150,25541.71
2898,2024-04-17,NIFTY_MIDCAP150,26033.2
2899,2024-04-18,NIFTY_MIDCAP150,26024.84
2900,2024-04-19,NIFTY_MIDCAP150,26021.75
2901,2024-04-22,NIFTY_MIDCAP150,26795.23
2902,2024-04-23,NIFTY_MIDCAP150,27462.3
2903,2024-04-24,NIFTY_MIDCAP150,27777.35
2904,2024-04-25,NIFTY_MIDCAP150,27454.75
2905,2024-04-26,NIFTY_MIDCAP150,27903.93
2906,2024-04-29,NIFTY_MIDCAP150,27366.36
2907,2024-04-30,NIFTY_MIDCAP150,27425.99
2908,2024-05-01,NIFTY_MIDCAP150,27299.31
2909,2024-05-02,NIFTY_MIDCAP150,27100.19
2910,2024-05-03,NIFTY_MIDCAP150,27188.78
2911,2024-05-06,NIFTY_MIDCAP150,27395.82
2912,2024-05-07,NIFTY_MIDCAP150,27658.74
2913,2024-05-08,NIFTY_MIDCAP150,27650.75
2914,2024-05-09,NIFTY_MIDCAP150,27602.49
2915,2024-05-10,NIFTY_MIDCAP150,27888.82
2916,2024-05-13,NIFTY_MIDCAP150,28185.85
2917,2024-05-14,NIFTY_MIDCAP150,28247.89
2918,2024-05-15,NIFTY_MIDCAP150,27989.76
2919,2024-05-16,NIFTY_MIDCAP150,27475.73
2920,2024-05-17,NIFTY_MIDCAP150,27699.54
2921,2024-05-20,NIFTY_MIDCAP150,28024.56
2922,2024-05-21,NIFTY_MIDCAP150,27977.94
2923,2024-05-22,NIFTY_MIDCAP150,28114.42
2924,2024-05-23,NIFTY_MIDCAP150,28556.53
2925,2024-05-24,NIFTY_MIDCAP150,29233.71
2926,2024-05-27,NIFTY_MIDCAP150,29121.41
2927,2024-05-28,NIFTY_MIDCAP150,29110.99
2928,2024-05-29,NIFTY_MIDCAP150,29279.9
2929,2024-05-30,NIFTY_MIDCAP150,28897.63
2930,2024-05-31,NIFTY_MIDCAP150,28221.43
2931,2024-06-03,NIFTY_MIDCAP150,27815.24
2932,2024-06-04,NIFTY_MIDCAP150,27746.21
2933,2024-06-05,NIFTY_MIDCAP150,27536.84
2934,2024-06-06,NIFTY_MIDCAP150,27300.7
2935,2024-06-07,NIFTY_MIDCAP150,27333.86
2936,2024-06-10,NIFTY_MIDCAP150,27346.65
2937,2024-06-11,NIFTY_MIDCAP150,27130.41
2938,2024-06-12,NIFTY_MIDCAP150,26655.2
2939,2024-06-13,NIFTY_MIDCAP150,26795.81
2940,2024-06-14,NIFTY_MIDCAP150,27135.17
2941,2024-06-17,NIFTY_MIDCAP150,26962.64
2942,2024-06-18,NIFTY_MIDCAP150,26862.34
2943,2024-06-19,NIFTY_MIDCAP150,27128.23
2944,2024-06-20,NIFTY_MIDCAP150,27470.09
2945,2024-06-21,NIFTY_MIDCAP150,27345.17
2946,2024-06-24,NIFTY_MIDCAP150,27330.37
2947,2024-06-25,NIFTY_MIDCAP150,27808.99
2948,2024-06-26,NIFTY_MIDCAP150,28104.76
2949,2024-06-27,NIFTY_MIDCAP150,27761.45
2950,2024-06-28,NIFTY_MIDCAP150,27243.68
2951,2024-07-01,NIFTY_MIDCAP150,27175.42
2952,2024-07-02,NIFTY_MIDCAP150,26896.48
2953,2024-07-03,NIFTY_MIDCAP150,27056.68
2954,2024-07-04,NIFTY_MIDCAP150,27293.8
2955,2024-07-05,NIFTY_MIDCAP150,27390.57
2956,2024-07-08,NIFTY_MIDCAP150,27158.7
2957,2024-07-09,NIFTY_MIDCAP150,26787.25
2958,2024-07-10,NIFTY_MIDCAP150,27005.95
2959,2024-07-11,NIFTY_MIDCAP150,27278.3
2960,2024-07-12,NIFTY_MIDCAP150,27640.52
2961,2024-07-15,NIFTY_MIDCAP150,27567.21
2962,2024-07-16,NIFTY_MIDCAP150,27556.16
2963,2024-07-17,NIFTY_MIDCAP150,27828.51
2964,2024-07-18,NIFTY_MIDCAP150,27849.89
2965,2024-07-19,NIFTY_MIDCAP150,27687.25
2966,2024-07-22,NIFTY_MIDCAP150,27442.49
2967,2024-07-23,NIFTY_MIDCAP150,27684.51
2968,2024-07-24,NIFTY_MIDCAP150,27610.56
2969,2024-07-25,NIFTY_MIDCAP150,27458.11
2970,2024-07-26,NIFTY_MIDCAP150,27616.14
2971,2024-07-29,NIFTY_MIDCAP150,27411.37
2972,2024-07-30,NIFTY_MIDCAP150,27249.63
2973,2024-07-31,NIFTY_MIDCAP150,27279.32
2974,2024-08-01,NIFTY_MIDCAP150,27152.66
2975,2024-08-02,NIFTY_MIDCAP150,27609.24
2976,2024-08-05,NIFTY_MIDCAP150,27794.38
2977,2024-08-06,NIFTY_MIDCAP150,27852.07
2978,2024-08-07,NIFTY_MIDCAP150,28317.15
2979,2024-08-08,NIFTY_MIDCAP150,28360.75
2980,2024-08-09,NIFTY_MIDCAP150,28729.05
2981,2024-08-12,NIFTY_MIDCAP150,28424.91
2982,2024-08-13,NIFTY_MIDCAP150,28239.86
2983,2024-08-14,NIFTY_MIDCAP150,27952.48
2984,2024-08-15,NIFTY_MIDCAP150,28130.66
2985,2024-08-16,NIFTY_MIDCAP150,27659.71
2986,2024-08-19,NIFTY_MIDCAP150,27777.14
2987,2024-08-20,NIFTY_MIDCAP150,27639.56
2988,2024-08-21,NIFTY_MIDCAP150,27698.08
2989,2024-08-22,NIFTY_MIDCAP150,27709.53
2990,2024-08-23,NIFTY_MIDCAP150,27902.21
2991,2024-08-26,NIFTY_MIDCAP150,28636.89
2992,2024-08-27,NIFTY_MIDCAP150,29318.73
2993,2024-08-28,NIFTY_MIDCAP150,29610.33
2994,2024-08-29,NIFTY_MIDCAP150,29514.1
2995,2024-08-30,NIFTY_MIDCAP150,29596.07
2996,2024-09-02,NIFTY_MIDCAP150,29481.68
2997,2024-09-03,NIFTY_MIDCAP150,29255.28
2998,2024-09-04,NIFTY_MIDCAP150,28632.74
2999,2024-09-05,NIFTY_MIDCAP150,28576.99
3000,2024-09-06,NIFTY_MIDCAP150,28684.76
3001,2024-09-09,NIFTY_MIDCAP150,28902.69
3002,2024-09-10,NIFTY_MIDCAP150,28958.06
3003,2024-09-11,NIFTY_MIDCAP150,28749.24
3004,2024-09-12,NIFTY_MIDCAP150,28605.42
3005,2024-09-13,NIFTY_MIDCAP150,28924.9
3006,2024-09-16,NIFTY_MIDCAP150,28387.59
3007,2024-09-17,NIFTY_MIDCAP150,28242.01
3008,2024-09-18,NIFTY_MIDCAP150,28267.44
3009,2024-09-19,NIFTY_MIDCAP150,28154.12
3010,2024-09-20,NIFTY_MIDCAP150,27691.17
3011,2024-09-23,NIFTY_MIDCAP150,28004.07
3012,2024-09-24,NIFTY_MIDCAP150,28394.2
3013,2024-09-25,NIFTY_MIDCAP150,28095.96
3014,2024-09-26,NIFTY_MIDCAP150,27109.45
3015,2024-09-27,NIFTY_MIDCAP150,27748.81
3016,2024-09-30,NIFTY_MIDCAP150,27635.87
3017,2024-10-01,NIFTY_MIDCAP150,27350.11
3018,2024-10-02,NIFTY_MIDCAP150,27332.93
3019,2024-10-03,NIFTY_MIDCAP150,27449.92
3020,2024-10-04,NIFTY_MIDCAP150,27272.19
3021,2024-10-07,NIFTY_MIDCAP150,27329.83
3022,2024-10-08,NIFTY_MIDCAP150,27310.18
3023,2024-10-09,NIFTY_MIDCAP150,27115.28
3024,2024-10-10,NIFTY_MIDCAP150,26634.68
3025,2024-10-11,NIFTY_MIDCAP150,27057.16
3026,2024-10-14,NIFTY_MIDCAP150,27248.24
3027,2024-10-15,NIFTY_MIDCAP150,27029.11
3028,2024-10-16,NIFTY_MIDCAP150,27170.99
3029,2024-10-17,NIFTY_MIDCAP150,26921.58
3030,2024-10-18,NIFTY_MIDCAP150,26926.99
3031,2024-10-21,NIFTY_MIDCAP150,27126.03
3032,2024-10-22,NIFTY_MIDCAP150,27286.43
3033,2024-10-23,NIFTY_MIDCAP150,27178.22
3034,2024-10-24,NIFTY_MIDCAP150,27448.38
3035,2024-10-25,NIFTY_MIDCAP150,27469.11
3036,2024-10-28,NIFTY_MIDCAP150,27322.79
3037,2024-10-29,NIFTY_MIDCAP150,27864.48
3038,2024-10-30,NIFTY_MIDCAP150,27529.05
3039,2024-10-31,NIFTY_MIDCAP150,27671.69
3040,2024-11-01,NIFTY_MIDCAP150,28137.69
3041,2024-11-04,NIFTY_MIDCAP150,27617.39
3042,2024-11-05,NIFTY_MIDCAP150,28152.57
3043,2024-11-06,NIFTY_MIDCAP150,28715.39
3044,2024-11-07,NIFTY_MIDCAP150,28581.36
3045,2024-11-08,NIFTY_MIDCAP150,28693.51
3046,2024-11-11,NIFTY_MIDCAP150,28472.99
3047,2024-11-12,NIFTY_MIDCAP150,28225.76
3048,2024-11-13,NIFTY_MIDCAP150,27883.52
3049,2024-11-14,NIFTY_MIDCAP150,28442.44
3050,2024-11-15,NIFTY_MIDCAP150,28385.63
3051,2024-11-18,NIFTY_MIDCAP150,27960.82
3052,2024-11-19,NIFTY_MIDCAP150,28310.01
3053,2024-11-20,NIFTY_MIDCAP150,28545.1
3054,2024-11-21,NIFTY_MIDCAP150,28685.21
3055,2024-11-22,NIFTY_MIDCAP150,28489.96
3056,2024-11-25,NIFTY_MIDCAP150,28377.97
3057,2024-11-26,NIFTY_MIDCAP150,29071.23
3058,2024-11-27,NIFTY_MIDCAP150,29217.02
3059,2024-11-28,NIFTY_MIDCAP150,29060.84
3060,2024-11-29,NIFTY_MIDCAP150,29325.47
3061,2024-12-02,NIFTY_MIDCAP150,29626.17
3062,2024-12-03,NIFTY_MIDCAP150,30260.81
3063,2024-12-04,NIFTY_MIDCAP150,30302.55
3064,2024-12-05,NIFTY_MIDCAP150,30574.68
3065,2024-12-06,NIFTY_MIDCAP150,30779.0
3066,2024-12-09,NIFTY_MIDCAP150,30550.08
3067,2024-12-10,NIFTY_MIDCAP150,30099.69
3068,2024-12-11,NIFTY_MIDCAP150,30331.81
3069,2024-12-12,NIFTY_MIDCAP150,30590.31
3070,2024-12-13,NIFTY_MIDCAP150,29777.13
3071,2024-12-16,NIFTY_MIDCAP150,29975.62
3072,2024-12-17,NIFTY_MIDCAP150,29967.79
3073,2024-12-18,NIFTY_MIDCAP150,30135.31
3074,2024-12-19,NIFTY_MIDCAP150,29990.34
3075,2024-12-20,NIFTY_MIDCAP150,30508.39
3076,2024-12-23,NIFTY_MIDCAP150,30886.4
3077,2024-12-24,NIFTY_MIDCAP150,30423.0
3078,2024-12-25,NIFTY_MIDCAP150,30106.07
3079,2024-12-26,NIFTY_MIDCAP150,30145.79
3080,2024-12-27,NIFTY_MIDCAP150,29954.01
3081,2024-12-30,NIFTY_MIDCAP150,30342.83
3082,2024-12-31,NIFTY_MIDCAP150,30015.58
3083,2025-01-01,NIFTY_MIDCAP150,30402.21
3084,2025-01-02,NIFTY_MIDCAP150,29595.57
3085,2025-01-03,NIFTY_MIDCAP150,29478.76
3086,2025-01-06,NIFTY_MIDCAP150,29965.55
3087,2025-01-07,NIFTY_MIDCAP150,29965.1
3088,2025-01-08,NIFTY_MIDCAP150,29993.57
3089,2025-01-09,NIFTY_MIDCAP150,30278.52
3090,2025-01-10,NIFTY_MIDCAP150,30479.55
3091,2025-01-13,NIFTY_MIDCAP150,30460.14
3092,2025-01-14,NIFTY_MIDCAP150,30938.52
3093,2025-01-15,NIFTY_MIDCAP150,31003.57
3094,2025-01-16,NIFTY_MIDCAP150,31214.67
3095,2025-01-17,NIFTY_MIDCAP150,31571.01
3096,2025-01-20,NIFTY_MIDCAP150,30732.77
3097,2025-01-21,NIFTY_MIDCAP150,30502.46
3098,2025-01-22,NIFTY_MIDCAP150,30318.42
3099,2025-01-23,NIFTY_MIDCAP150,30565.15
3100,2025-01-24,NIFTY_MIDCAP150,31195.14
3101,2025-01-27,NIFTY_MIDCAP150,30561.45
3102,2025-01-28,NIFTY_MIDCAP150,30436.93
3103,2025-01-29,NIFTY_MIDCAP150,30836.5
3104,2025-01-30,NIFTY_MIDCAP150,30253.33
3105,2025-01-31,NIFTY_MIDCAP150,30404.41
3106,2025-02-03,NIFTY_MIDCAP150,30581.28
3107,2025-02-04,NIFTY_MIDCAP150,30787.79
3108,2025-02-05,NIFTY_MIDCAP150,30417.12
3109,2025-02-06,NIFTY_MIDCAP150,30422.48
3110,2025-02-07,NIFTY_MIDCAP150,30029.74
3111,2025-02-10,NIFTY_MIDCAP150,30428.47
3112,2025-02-11,NIFTY_MIDCAP150,30082.58
3113,2025-02-12,NIFTY_MIDCAP150,30114.49
3114,2025-02-13,NIFTY_MIDCAP150,30856.56
3115,2025-02-14,NIFTY_MIDCAP150,31273.5
3116,2025-02-17,NIFTY_MIDCAP150,30672.14
3117,2025-02-18,NIFTY_MIDCAP150,30586.08
3118,2025-02-19,NIFTY_MIDCAP150,30628.36
3119,2025-02-20,NIFTY_MIDCAP150,30581.87
3120,2025-02-21,NIFTY_MIDCAP150,30736.33
3121,2025-02-24,NIFTY_MIDCAP150,30971.31
3122,2025-02-25,NIFTY_MIDCAP150,31642.0
3123,2025-02-26,NIFTY_MIDCAP150,31494.8
3124,2025-02-27,NIFTY_MIDCAP150,31781.54
3125,2025-02-28,NIFTY_MIDCAP150,31736.23
3126,2025-03-03,NIFTY_MIDCAP150,32326.19
3127,2025-03-04,NIFTY_MIDCAP150,32490.53
3128,2025-03-05,NIFTY_MIDCAP150,32526.17
3129,2025-03-06,NIFTY_MIDCAP150,32450.48
3130,2025-03-07,NIFTY_MIDCAP150,32152.27
3131,2025-03-10,NIFTY_MIDCAP150,32490.39
3132,2025-03-11,NIFTY_MIDCAP150,32209.86
3133,2025-03-12,NIFTY_MIDCAP150,31555.45
3134,2025-03-13,NIFTY_MIDCAP150,31233.4
3135,2025-03-14,NIFTY_MIDCAP150,31307.49
3136,2025-03-17,NIFTY_MIDCAP150,30896.39
3137,2025-03-18,NIFTY_MIDCAP150,30635.08
3138,2025-03-19,NIFTY_MIDCAP150,30004.32
3139,2025-03-20,NIFTY_MIDCAP150,29743.03
3140,2025-03-21,NIFTY_MIDCAP150,30345.26
3141,2025-03-24,NIFTY_MIDCAP150,30147.32
3142,2025-03-25,NIFTY_MIDCAP150,30129.46
3143,2025-03-26,NIFTY_MIDCAP150,30924.71
3144,2025-03-27,NIFTY_MIDCAP150,31060.78
3145,2025-03-28,NIFTY_MIDCAP150,31183.52
3146,2025-03-31,NIFTY_MIDCAP150,30867.41
3147,2025-04-01,NIFTY_MIDCAP150,30966.5
3148,2025-04-02,NIFTY_MIDCAP150,31600.7
3149,2025-04-03,NIFTY_MIDCAP150,31190.44
3150,2025-04-04,NIFTY_MIDCAP150,31144.6
3151,2025-04-07,NIFTY_MIDCAP150,30752.24
3152,2025-04-08,NIFTY_MIDCAP150,31340.99
3153,2025-04-09,NIFTY_MIDCAP150,30944.13
3154,2025-04-10,NIFTY_MIDCAP150,30717.7
3155,2025-04-11,NIFTY_MIDCAP150,30335.75
3156,2025-04-14,NIFTY_MIDCAP150,29882.89
3157,2025-04-15,NIFTY_MIDCAP150,29933.13
3158,2025-04-16,NIFTY_MIDCAP150,29833.5
3159,2025-04-17,NIFTY_MIDCAP150,29971.49
3160,2025-04-18,NIFTY_MIDCAP150,30202.55
3161,2025-04-21,NIFTY_MIDCAP150,29650.96
3162,2025-04-22,NIFTY_MIDCAP150,29771.52
3163,2025-04-23,NIFTY_MIDCAP150,29483.71
3164,2025-04-24,NIFTY_MIDCAP150,29550.61
3165,2025-04-25,NIFTY_MIDCAP150,29681.49
3166,2025-04-28,NIFTY_MIDCAP150,29613.28
3167,2025-04-29,NIFTY_MIDCAP150,30077.78
3168,2025-04-30,NIFTY_MIDCAP150,29611.85
3169,2025-05-01,NIFTY_MIDCAP150,29254.78
3170,2025-05-02,NIFTY_MIDCAP150,29354.44
3171,2025-05-05,NIFTY_MIDCAP150,30084.96
3172,2025-05-06,NIFTY_MIDCAP150,29784.44
3173,2025-05-07,NIFTY_MIDCAP150,29781.31
3174,2025-05-08,NIFTY_MIDCAP150,30205.38
3175,2025-05-09,NIFTY_MIDCAP150,30540.16
3176,2025-05-12,NIFTY_MIDCAP150,30773.41
3177,2025-05-13,NIFTY_MIDCAP150,30542.78
3178,2025-05-14,NIFTY_MIDCAP150,30553.37
3179,2025-05-15,NIFTY_MIDCAP150,30583.05
3180,2025-05-16,NIFTY_MIDCAP150,30966.6
3181,2025-05-19,NIFTY_MIDCAP150,30939.58
3182,2025-05-20,NIFTY_MIDCAP150,31438.92
3183,2025-05-21,NIFTY_MIDCAP150,31439.4
3184,2025-05-22,NIFTY_MIDCAP150,31509.14
3185,2025-05-23,NIFTY_MIDCAP150,31483.39
3186,2025-05-26,NIFTY_MIDCAP150,31440.07
3187,2025-05-27,NIFTY_MIDCAP150,31434.69
3188,2025-05-28,NIFTY_MIDCAP150,31466.92
3189,2025-05-29,NIFTY_MIDCAP150,30913.33
3190,2025-05-30,NIFTY_MIDCAP150,30834.97
3191,2025-06-02,NIFTY_MIDCAP150,31451.06
3192,2025-06-03,NIFTY_MIDCAP150,30830.52
3193,2025-06-04,NIFTY_MIDCAP150,30764.57
3194,2025-06-05,NIFTY_MIDCAP150,30588.81
3195,2025-06-06,NIFTY_MIDCAP150,30721.85
3196,2025-06-09,NIFTY_MIDCAP150,30919.72
3197,2025-06-10,NIFTY_MIDCAP150,30990.57
3198,2025-06-11,NIFTY_MIDCAP150,30310.63
3199,2025-06-12,NIFTY_MIDCAP150,29640.44
3200,2025-06-13,NIFTY_MIDCAP150,28776.7
3201,2025-06-16,NIFTY_MIDCAP150,28750.66
3202,2025-06-17,NIFTY_MIDCAP150,28237.73
3203,2025-06-18,NIFTY_MIDCAP150,27513.22
3204,2025-06-19,NIFTY_MIDCAP150,27245.07
3205,2025-06-20,NIFTY_MIDCAP150,27052.15
3206,2025-06-23,NIFTY_MIDCAP150,27044.13
3207,2025-06-24,NIFTY_MIDCAP150,27063.55
3208,2025-06-25,NIFTY_MIDCAP150,27099.35
3209,2025-06-26,NIFTY_MIDCAP150,27369.87
3210,2025-06-27,NIFTY_MIDCAP150,27296.36
3211,2025-06-30,NIFTY_MIDCAP150,27546.64
3212,2025-07-01,NIFTY_MIDCAP150,27454.98
3213,2025-07-02,NIFTY_MIDCAP150,27348.67
3214,2025-07-03,NIFTY_MIDCAP150,27189.32
3215,2025-07-04,NIFTY_MIDCAP150,27195.37
3216,2025-07-07,NIFTY_MIDCAP150,27417.0
3217,2025-07-08,NIFTY_MIDCAP150,27634.14
3218,2025-07-09,NIFTY_MIDCAP150,27843.41
3219,2025-07-10,NIFTY_MIDCAP150,27959.35
3220,2025-07-11,NIFTY_MIDCAP150,27613.89
3221,2025-07-14,NIFTY_MIDCAP150,28508.94
3222,2025-07-15,NIFTY_MIDCAP150,28098.98
3223,2025-07-16,NIFTY_MIDCAP150,28155.85
3224,2025-07-17,NIFTY_MIDCAP150,29147.84
3225,2025-07-18,NIFTY_MIDCAP150,29459.64
3226,2025-07-21,NIFTY_MIDCAP150,29245.2
3227,2025-07-22,NIFTY_MIDCAP150,29670.86
3228,2025-07-23,NIFTY_MIDCAP150,29755.46
3229,2025-07-24,NIFTY_MIDCAP150,29500.02
3230,2025-07-25,NIFTY_MIDCAP150,29591.85
3231,2025-07-28,NIFTY_MIDCAP150,29489.1
3232,2025-07-29,NIFTY_MIDCAP150,29436.08
3233,2025-07-30,NIFTY_MIDCAP150,29468.96
3234,2025-07-31,NIFTY_MIDCAP150,29722.51
3235,2025-08-01,NIFTY_MIDCAP150,30047.02
3236,2025-08-04,NIFTY_MIDCAP150,29818.84
3237,2025-08-05,NIFTY_MIDCAP150,29959.88
3238,2025-08-06,NIFTY_MIDCAP150,29888.06
3239,2025-08-07,NIFTY_MIDCAP150,30168.35
3240,2025-08-08,NIFTY_MIDCAP150,29839.93
3241,2025-08-11,NIFTY_MIDCAP150,29851.86
3242,2025-08-12,NIFTY_MIDCAP150,29257.7
3243,2025-08-13,NIFTY_MIDCAP150,29511.01
3244,2025-08-14,NIFTY_MIDCAP150,30139.19
3245,2025-08-15,NIFTY_MIDCAP150,30691.92
3246,2025-08-18,NIFTY_MIDCAP150,31004.49
3247,2025-08-19,NIFTY_MIDCAP150,31227.06
3248,2025-08-20,NIFTY_MIDCAP150,31987.55
3249,2025-08-21,NIFTY_MIDCAP150,31806.46
3250,2025-08-22,NIFTY_MIDCAP150,31735.38
3251,2025-08-25,NIFTY_MIDCAP150,32268.28
3252,2025-08-26,NIFTY_MIDCAP150,32237.8
3253,2025-08-27,NIFTY_MIDCAP150,31921.64
3254,2025-08-28,NIFTY_MIDCAP150,31396.03
3255,2025-08-29,NIFTY_MIDCAP150,31118.29
3256,2025-09-01,NIFTY_MIDCAP150,31765.03
3257,2025-09-02,NIFTY_MIDCAP150,31747.98
3258,2025-09-03,NIFTY_MIDCAP150,31495.39
3259,2025-09-04,NIFTY_MIDCAP150,31483.81
3260,2025-09-05,NIFTY_MIDCAP150,31620.21
3261,2025-09-08,NIFTY_MIDCAP150,30980.47
3262,2025-09-09,NIFTY_MIDCAP150,30688.66
3263,2025-09-10,NIFTY_MIDCAP150,30194.5
3264,2025-09-11,NIFTY_MIDCAP150,30719.14
3265,2025-09-12,NIFTY_MIDCAP150,30697.57
3266,2025-09-15,NIFTY_MIDCAP150,30656.11
3267,2025-09-16,NIFTY_MIDCAP150,30612.92
3268,2025-09-17,NIFTY_MIDCAP150,30245.84
3269,2025-09-18,NIFTY_MIDCAP150,30443.35
3270,2025-09-19,NIFTY_MIDCAP150,31103.25
3271,2025-09-22,NIFTY_MIDCAP150,30905.79
3272,2025-09-23,NIFTY_MIDCAP150,31238.47
3273,2025-09-24,NIFTY_MIDCAP150,31218.75
3274,2025-09-25,NIFTY_MIDCAP150,30969.29
3275,2025-09-26,NIFTY_MIDCAP150,31308.76
3276,2025-09-29,NIFTY_MIDCAP150,30758.05
3277,2025-09-30,NIFTY_MIDCAP150,30285.16
3278,2025-10-01,NIFTY_MIDCAP150,30917.91
3279,2025-10-02,NIFTY_MIDCAP150,30796.43
3280,2025-10-03,NIFTY_MIDCAP150,31235.16
3281,2025-10-06,NIFTY_MIDCAP150,31213.34
3282,2025-10-07,NIFTY_MIDCAP150,30347.31
3283,2025-10-08,NIFTY_MIDCAP150,30601.69
3284,2025-10-09,NIFTY_MIDCAP150,30749.15
3285,2025-10-10,NIFTY_MIDCAP150,30508.98
3286,2025-10-13,NIFTY_MIDCAP150,30910.17
3287,2025-10-14,NIFTY_MIDCAP150,31259.55
3288,2025-10-15,NIFTY_MIDCAP150,31012.76
3289,2025-10-16,NIFTY_MIDCAP150,31415.78
3290,2025-10-17,NIFTY_MIDCAP150,31514.25
3291,2025-10-20,NIFTY_MIDCAP150,31558.95
3292,2025-10-21,NIFTY_MIDCAP150,31316.12
3293,2025-10-22,NIFTY_MIDCAP150,31012.22
3294,2025-10-23,NIFTY_MIDCAP150,31535.25
3295,2025-10-24,NIFTY_MIDCAP150,31692.73
3296,2025-10-27,NIFTY_MIDCAP150,32054.25
3297,2025-10-28,NIFTY_MIDCAP150,31900.64
3298,2025-10-29,NIFTY_MIDCAP150,32103.83
3299,2025-10-30,NIFTY_MIDCAP150,31997.5
3300,2025-10-31,NIFTY_MIDCAP150,32260.83
3301,2025-11-03,NIFTY_MIDCAP150,31771.89
3302,2025-11-04,NIFTY_MIDCAP150,31296.59
3303,2025-11-05,NIFTY_MIDCAP150,30926.29
3304,2025-11-06,NIFTY_MIDCAP150,30941.68
3305,2025-11-07,NIFTY_MIDCAP150,30192.05
3306,2025-11-10,NIFTY_MIDCAP150,30369.47
3307,2025-11-11,NIFTY_MIDCAP150,30600.75
3308,2025-11-12,NIFTY_MIDCAP150,30019.5
3309,2025-11-13,NIFTY_MIDCAP150,29900.49
3310,2025-11-14,NIFTY_MIDCAP150,30556.05
3311,2025-11-17,NIFTY_MIDCAP150,30423.58
3312,2025-11-18,NIFTY_MIDCAP150,30097.03
3313,2025-11-19,NIFTY_MIDCAP150,29988.21
3314,2025-11-20,NIFTY_MIDCAP150,30408.66
3315,2025-11-21,NIFTY_MIDCAP150,30034.14
3316,2025-11-24,NIFTY_MIDCAP150,30242.04
3317,2025-11-25,NIFTY_MIDCAP150,30406.8
3318,2025-11-26,NIFTY_MIDCAP150,30422.44
3319,2025-11-27,NIFTY_MIDCAP150,30311.71
3320,2025-11-28,NIFTY_MIDCAP150,30651.57
3321,2025-12-01,NIFTY_MIDCAP150,30277.25
3322,2025-12-02,NIFTY_MIDCAP150,30435.44
3323,2025-12-03,NIFTY_MIDCAP150,29923.96
3324,2025-12-04,NIFTY_MIDCAP150,30272.29
3325,2025-12-05,NIFTY_MIDCAP150,30552.69
3326,2025-12-08,NIFTY_MIDCAP150,30427.87
3327,2025-12-09,NIFTY_MIDCAP150,30366.77
3328,2025-12-10,NIFTY_MIDCAP150,30551.15
3329,2025-12-11,NIFTY_MIDCAP150,30104.14
3330,2025-12-12,NIFTY_MIDCAP150,30021.57
3331,2025-12-15,NIFTY_MIDCAP150,30039.92
3332,2025-12-16,NIFTY_MIDCAP150,29483.0
3333,2025-12-17,NIFTY_MIDCAP150,29803.55
3334,2025-12-18,NIFTY_MIDCAP150,30534.29
3335,2025-12-19,NIFTY_MIDCAP150,31398.29
3336,2025-12-22,NIFTY_MIDCAP150,30730.64
3337,2025-12-23,NIFTY_MIDCAP150,31157.45
3338,2025-12-24,NIFTY_MIDCAP150,30954.95
3339,2025-12-25,NIFTY_MIDCAP150,30935.73
3340,2025-12-26,NIFTY_MIDCAP150,30612.61
3341,2025-12-29,NIFTY_MIDCAP150,30843.73
3342,2025-12-30,NIFTY_MIDCAP150,29999.82
3343,2025-12-31,NIFTY_MIDCAP150,29613.27
3344,2026-01-01,NIFTY_MIDCAP150,28882.82
3345,2026-01-02,NIFTY_MIDCAP150,28712.3
3346,2026-01-05,NIFTY_MIDCAP150,28628.65
3347,2026-01-06,NIFTY_MIDCAP150,28140.18
3348,2026-01-07,NIFTY_MIDCAP150,28325.04
3349,2026-01-08,NIFTY_MIDCAP150,28482.63
3350,2026-01-09,NIFTY_MIDCAP150,28781.91
3351,2026-01-12,NIFTY_MIDCAP150,29263.11
3352,2026-01-13,NIFTY_MIDCAP150,29193.46
3353,2026-01-14,NIFTY_MIDCAP150,29285.83
3354,2026-01-15,NIFTY_MIDCAP150,28966.56
3355,2026-01-16,NIFTY_MIDCAP150,29007.09
3356,2026-01-19,NIFTY_MIDCAP150,29062.67
3357,2026-01-20,NIFTY_MIDCAP150,29588.43
3358,2026-01-21,NIFTY_MIDCAP150,29787.74
3359,2026-01-22,NIFTY_MIDCAP150,29995.08
3360,2026-01-23,NIFTY_MIDCAP150,29911.47
3361,2026-01-26,NIFTY_MIDCAP150,28842.18
3362,2026-01-27,NIFTY_MIDCAP150,28868.27
3363,2026-01-28,NIFTY_MIDCAP150,28730.88
3364,2026-01-29,NIFTY_MIDCAP150,28389.01
3365,2026-01-30,NIFTY_MIDCAP150,28646.64
3366,2026-02-02,NIFTY_MIDCAP150,28987.51
3367,2026-02-03,NIFTY_MIDCAP150,28676.71
3368,2026-02-04,NIFTY_MIDCAP150,28707.29
3369,2026-02-05,NIFTY_MIDCAP150,28690.44
3370,2026-02-06,NIFTY_MIDCAP150,29080.87
3371,2026-02-09,NIFTY_MIDCAP150,29244.0
3372,2026-02-10,NIFTY_MIDCAP150,29500.03
3373,2026-02-11,NIFTY_MIDCAP150,29395.55
3374,2026-02-12,NIFTY_MIDCAP150,29552.37
3375,2026-02-13,NIFTY_MIDCAP150,29865.06
3376,2026-02-16,NIFTY_MIDCAP150,30679.14
3377,2026-02-17,NIFTY_MIDCAP150,30510.85
3378,2026-02-18,NIFTY_MIDCAP150,30404.11
3379,2026-02-19,NIFTY_MIDCAP150,30169.65
3380,2026-02-20,NIFTY_MIDCAP150,30036.14
3381,2026-02-23,NIFTY_MIDCAP150,30529.92
3382,2026-02-24,NIFTY_MIDCAP150,30263.53
3383,2026-02-25,NIFTY_MIDCAP150,30416.85
3384,2026-02-26,NIFTY_MIDCAP150,30782.5
3385,2026-02-27,NIFTY_MIDCAP150,31223.71
3386,2026-03-02,NIFTY_MIDCAP150,31763.06
3387,2026-03-03,NIFTY_MIDCAP150,31953.29
3388,2026-03-04,NIFTY_MIDCAP150,32109.07
3389,2026-03-05,NIFTY_MIDCAP150,31923.09
3390,2026-03-06,NIFTY_MIDCAP150,31238.0
3391,2026-03-09,NIFTY_MIDCAP150,31047.48
3392,2026-03-10,NIFTY_MIDCAP150,31123.31
3393,2026-03-11,NIFTY_MIDCAP150,31503.08
3394,2026-03-12,NIFTY_MIDCAP150,32064.32
3395,2026-03-13,NIFTY_MIDCAP150,32087.05
3396,2026-03-16,NIFTY_MIDCAP150,32519.41
3397,2026-03-17,NIFTY_MIDCAP150,32601.9
3398,2026-03-18,NIFTY_MIDCAP150,32699.66
3399,2026-03-19,NIFTY_MIDCAP150,32609.61
3400,2026-03-20,NIFTY_MIDCAP150,32454.84
3401,2026-03-23,NIFTY_MIDCAP150,32261.91
3402,2026-03-24,NIFTY_MIDCAP150,32081.59
3403,2026-03-25,NIFTY_MIDCAP150,31857.44
3404,2026-03-26,NIFTY_MIDCAP150,32186.46
3405,2026-03-27,NIFTY_MIDCAP150,32673.63
3406,2026-03-30,NIFTY_MIDCAP150,32414.16
3407,2026-03-31,NIFTY_MIDCAP150,32108.14
3408,2026-04-01,NIFTY_MIDCAP150,32060.72
3409,2026-04-02,NIFTY_MIDCAP150,31765.19
3410,2026-04-03,NIFTY_MIDCAP150,31420.75
3411,2026-04-06,NIFTY_MIDCAP150,31316.6
3412,2026-04-07,NIFTY_MIDCAP150,31423.15
3413,2026-04-08,NIFTY_MIDCAP150,31525.63
3414,2026-04-09,NIFTY_MIDCAP150,31433.73
3415,2026-04-10,NIFTY_MIDCAP150,31267.19
3416,2026-04-13,NIFTY_MIDCAP150,31503.77
3417,2026-04-14,NIFTY_MIDCAP150,31662.95
3418,2026-04-15,NIFTY_MIDCAP150,31744.99
3419,2026-04-16,NIFTY_MIDCAP150,31562.54
3420,2026-04-17,NIFTY_MIDCAP150,32063.61
3421,2026-04-20,NIFTY_MIDCAP150,31610.65
3422,2026-04-21,NIFTY_MIDCAP150,31430.8
3423,2026-04-22,NIFTY_MIDCAP150,31100.86
3424,2026-04-23,NIFTY_MIDCAP150,31121.22
3425,2026-04-24,NIFTY_MIDCAP150,30906.25
3426,2026-04-27,NIFTY_MIDCAP150,30958.91
3427,2026-04-28,NIFTY_MIDCAP150,31163.05
3428,2026-04-29,NIFTY_MIDCAP150,31633.27
3429,2026-04-30,NIFTY_MIDCAP150,31730.44
3430,2026-05-01,NIFTY_MIDCAP150,31822.38
3431,2026-05-04,NIFTY_MIDCAP150,31998.33
3432,2026-05-05,NIFTY_MIDCAP150,31199.73
3433,2026-05-06,NIFTY_MIDCAP150,31239.91
3434,2026-05-07,NIFTY_MIDCAP150,30869.71
3435,2026-05-08,NIFTY_MIDCAP150,30662.83
3436,2026-05-11,NIFTY_MIDCAP150,30640.59
3437,2026-05-12,NIFTY_MIDCAP150,30992.97
3438,2026-05-13,NIFTY_MIDCAP150,30397.31
3439,2026-05-14,NIFTY_MIDCAP150,30499.17
3440,2026-05-15,NIFTY_MIDCAP150,30554.41
3441,2026-05-18,NIFTY_MIDCAP150,30723.63
3442,2026-05-19,NIFTY_MIDCAP150,31532.84
3443,2026-05-20,NIFTY_MIDCAP150,32114.68
3444,2026-05-21,NIFTY_MIDCAP150,32241.35
3445,2026-05-22,NIFTY_MIDCAP150,32467.58
3446,2026-05-25,NIFTY_MIDCAP150,32474.69
3447,2026-05-26,NIFTY_MIDCAP150,32776.35
3448,2026-05-27,NIFTY_MIDCAP150,32810.37
3449,2026-05-28,NIFTY_MIDCAP150,32990.66
3450,2026-05-29,NIFTY_MIDCAP150,32763.85
3451,2022-01-03,BSE_SMALLCAP,26554.6
3452,2022-01-04,BSE_SMALLCAP,27079.92
3453,2022-01-05,BSE_SMALLCAP,27313.35
3454,2022-01-06,BSE_SMALLCAP,27377.05
3455,2022-01-07,BSE_SMALLCAP,26316.86
3456,2022-01-10,BSE_SMALLCAP,26476.06
3457,2022-01-11,BSE_SMALLCAP,26462.96
3458,2022-01-12,BSE_SMALLCAP,26090.99
3459,2022-01-13,BSE_SMALLCAP,26085.36
3460,2022-01-14,BSE_SMALLCAP,26081.45
3461,2022-01-17,BSE_SMALLCAP,26102.25
3462,2022-01-18,BSE_SMALLCAP,26391.97
3463,2022-01-19,BSE_SMALLCAP,26333.58
3464,2022-01-20,BSE_SMALLCAP,26262.97
3465,2022-01-21,BSE_SMALLCAP,26153.44
3466,2022-01-24,BSE_SMALLCAP,26260.93
3467,2022-01-25,BSE_SMALLCAP,26477.73
3468,2022-01-26,BSE_SMALLCAP,26974.24
3469,2022-01-27,BSE_SMALLCAP,27192.24
3470,2022-01-28,BSE_SMALLCAP,27620.86
3471,2022-01-31,BSE_SMALLCAP,27966.74
3472,2022-02-01,BSE_SMALLCAP,28046.09
3473,2022-02-02,BSE_SMALLCAP,27785.09
3474,2022-02-03,BSE_SMALLCAP,27961.09
3475,2022-02-04,BSE_SMALLCAP,28591.9
3476,2022-02-07,BSE_SMALLCAP,29046.44
3477,2022-02-08,BSE_SMALLCAP,29586.64
3478,2022-02-09,BSE_SMALLCAP,28860.83
3479,2022-02-10,BSE_SMALLCAP,28105.41
3480,2022-02-11,BSE_SMALLCAP,27937.21
3481,2022-02-14,BSE_SMALLCAP,28141.65
3482,2022-02-15,BSE_SMALLCAP,28015.93
3483,2022-02-16,BSE_SMALLCAP,27958.44
3484,2022-02-17,BSE_SMALLCAP,27410.49
3485,2022-02-18,BSE_SMALLCAP,27200.23
3486,2022-02-21,BSE_SMALLCAP,26886.5
3487,2022-02-22,BSE_SMALLCAP,26588.16
3488,2022-02-23,BSE_SMALLCAP,26337.19
3489,2022-02-24,BSE_SMALLCAP,25958.59
3490,2022-02-25,BSE_SMALLCAP,25128.56
3491,2022-02-28,BSE_SMALLCAP,25643.29
3492,2022-03-01,BSE_SMALLCAP,25620.14
3493,2022-03-02,BSE_SMALLCAP,25395.42
3494,2022-03-03,BSE_SMALLCAP,25363.09
3495,2022-03-04,BSE_SMALLCAP,25498.62
3496,2022-03-07,BSE_SMALLCAP,25556.97
3497,2022-03-08,BSE_SMALLCAP,25316.04
3498,2022-03-09,BSE_SMALLCAP,25685.3
3499,2022-03-10,BSE_SMALLCAP,25492.73
3500,2022-03-11,BSE_SMALLCAP,25428.82
3501,2022-03-14,BSE_SMALLCAP,26062.13
3502,2022-03-15,BSE_SMALLCAP,26836.05
3503,2022-03-16,BSE_SMALLCAP,27285.8
3504,2022-03-17,BSE_SMALLCAP,27053.4
3505,2022-03-18,BSE_SMALLCAP,26913.66
3506,2022-03-21,BSE_SMALLCAP,26643.56
3507,2022-03-22,BSE_SMALLCAP,26574.97
3508,2022-03-23,BSE_SMALLCAP,26791.53
3509,2022-03-24,BSE_SMALLCAP,26121.24
3510,2022-03-25,BSE_SMALLCAP,25767.85
3511,2022-03-28,BSE_SMALLCAP,25825.38
3512,2022-03-29,BSE_SMALLCAP,25809.4
3513,2022-03-30,BSE_SMALLCAP,25667.9
3514,2022-03-31,BSE_SMALLCAP,25193.81
3515,2022-04-01,BSE_SMALLCAP,25004.44
3516,2022-04-04,BSE_SMALLCAP,24854.87
3517,2022-04-05,BSE_SMALLCAP,24418.09
3518,2022-04-06,BSE_SMALLCAP,24154.27
3519,2022-04-07,BSE_SMALLCAP,24106.48
3520,2022-04-08,BSE_SMALLCAP,24282.19
3521,2022-04-11,BSE_SMALLCAP,24609.58
3522,2022-04-12,BSE_SMALLCAP,24272.32
3523,2022-04-13,BSE_SMALLCAP,24172.09
3524,2022-04-14,BSE_SMALLCAP,24107.08
3525,2022-04-15,BSE_SMALLCAP,24058.23
3526,2022-04-18,BSE_SMALLCAP,23986.53
3527,2022-04-19,BSE_SMALLCAP,23617.29
3528,2022-04-20,BSE_SMALLCAP,23790.24
3529,2022-04-21,BSE_SMALLCAP,23703.83
3530,2022-04-22,BSE_SMALLCAP,23731.62
3531,2022-04-25,BSE_SMALLCAP,23774.75
3532,2022-04-26,BSE_SMALLCAP,23592.64
3533,2022-04-27,BSE_SMALLCAP,23860.99
3534,2022-04-28,BSE_SMALLCAP,23729.12
3535,2022-04-29,BSE_SMALLCAP,23801.61
3536,2022-05-02,BSE_SMALLCAP,23850.04
3537,2022-05-03,BSE_SMALLCAP,23952.33
3538,2022-05-04,BSE_SMALLCAP,24329.36
3539,2022-05-05,BSE_SMALLCAP,24104.56
3540,2022-05-06,BSE_SMALLCAP,24118.22
3541,2022-05-09,BSE_SMALLCAP,24121.48
3542,2022-05-10,BSE_SMALLCAP,24041.14
3543,2022-05-11,BSE_SMALLCAP,24221.69
3544,2022-05-12,BSE_SMALLCAP,23850.92
3545,2022-05-13,BSE_SMALLCAP,24334.85
3546,2022-05-16,BSE_SMALLCAP,24844.8
3547,2022-05-17,BSE_SMALLCAP,24645.61
3548,2022-05-18,BSE_SMALLCAP,24629.7
3549,2022-05-19,BSE_SMALLCAP,24042.64
3550,2022-05-20,BSE_SMALLCAP,23842.76
3551,2022-05-23,BSE_SMALLCAP,24636.16
3552,2022-05-24,BSE_SMALLCAP,24859.72
3553,2022-05-25,BSE_SMALLCAP,25114.46
3554,2022-05-26,BSE_SMALLCAP,24960.57
3555,2022-05-27,BSE_SMALLCAP,24943.08
3556,2022-05-30,BSE_SMALLCAP,24940.21
3557,2022-05-31,BSE_SMALLCAP,24478.05
3558,2022-06-01,BSE_SMALLCAP,24535.83
3559,2022-06-02,BSE_SMALLCAP,24810.04
3560,2022-06-03,BSE_SMALLCAP,25442.88
3561,2022-06-06,BSE_SMALLCAP,25545.76
3562,2022-06-07,BSE_SMALLCAP,25516.3
3563,2022-06-08,BSE_SMALLCAP,25487.6
3564,2022-06-09,BSE_SMALLCAP,25636.4
3565,2022-06-10,BSE_SMALLCAP,25929.65
3566,2022-06-13,BSE_SMALLCAP,26334.67
3567,2022-06-14,BSE_SMALLCAP,25589.12
3568,2022-06-15,BSE_SMALLCAP,25988.2
3569,2022-06-16,BSE_SMALLCAP,25577.7
3570,2022-06-17,BSE_SMALLCAP,25249.59
3571,2022-06-20,BSE_SMALLCAP,25194.17
3572,2022-06-21,BSE_SMALLCAP,25387.94
3573,2022-06-22,BSE_SMALLCAP,24947.61
3574,2022-06-23,BSE_SMALLCAP,24760.5
3575,2022-06-24,BSE_SMALLCAP,24876.75
3576,2022-06-27,BSE_SMALLCAP,25061.61
3577,2022-06-28,BSE_SMALLCAP,25239.52
3578,2022-06-29,BSE_SMALLCAP,25589.17
3579,2022-06-30,BSE_SMALLCAP,26016.57
3580,2022-07-01,BSE_SMALLCAP,26073.95
3581,2022-07-04,BSE_SMALLCAP,26067.77
3582,2022-07-05,BSE_SMALLCAP,25801.08
3583,2022-07-06,BSE_SMALLCAP,25613.36
3584,2022-07-07,BSE_SMALLCAP,25152.21
3585,2022-07-08,BSE_SMALLCAP,25659.38
3586,2022-07-11,BSE_SMALLCAP,25653.42
3587,2022-07-12,BSE_SMALLCAP,25937.88
3588,2022-07-13,BSE_SMALLCAP,26937.51
3589,2022-07-14,BSE_SMALLCAP,27801.44
3590,2022-07-15,BSE_SMALLCAP,28252.12
3591,2022-07-18,BSE_SMALLCAP,28125.03
3592,2022-07-19,BSE_SMALLCAP,28459.31
3593,2022-07-20,BSE_SMALLCAP,28477.62
3594,2022-07-21,BSE_SMALLCAP,28129.1
3595,2022-07-22,BSE_SMALLCAP,27795.62
3596,2022-07-25,BSE_SMALLCAP,28145.88
3597,2022-07-26,BSE_SMALLCAP,28454.87
3598,2022-07-27,BSE_SMALLCAP,28960.9
3599,2022-07-28,BSE_SMALLCAP,28887.07
3600,2022-07-29,BSE_SMALLCAP,28731.38
3601,2022-08-01,BSE_SMALLCAP,28321.15
3602,2022-08-02,BSE_SMALLCAP,27697.83
3603,2022-08-03,BSE_SMALLCAP,27393.99
3604,2022-08-04,BSE_SMALLCAP,27166.93
3605,2022-08-05,BSE_SMALLCAP,26761.23
3606,2022-08-08,BSE_SMALLCAP,26590.6
3607,2022-08-09,BSE_SMALLCAP,27318.08
3608,2022-08-10,BSE_SMALLCAP,27078.11
3609,2022-08-11,BSE_SMALLCAP,26411.91
3610,2022-08-12,BSE_SMALLCAP,26486.52
3611,2022-08-15,BSE_SMALLCAP,26741.83
3612,2022-08-16,BSE_SMALLCAP,26434.33
3613,2022-08-17,BSE_SMALLCAP,26732.53
3614,2022-08-18,BSE_SMALLCAP,27429.18
3615,2022-08-19,BSE_SMALLCAP,27360.27
3616,2022-08-22,BSE_SMALLCAP,27663.3
3617,2022-08-23,BSE_SMALLCAP,28039.98
3618,2022-08-24,BSE_SMALLCAP,28220.21
3619,2022-08-25,BSE_SMALLCAP,28598.18
3620,2022-08-26,BSE_SMALLCAP,28830.53
3621,2022-08-29,BSE_SMALLCAP,28474.91
3622,2022-08-30,BSE_SMALLCAP,27624.41
3623,2022-08-31,BSE_SMALLCAP,27715.82
3624,2022-09-01,BSE_SMALLCAP,27646.84
3625,2022-09-02,BSE_SMALLCAP,27049.82
3626,2022-09-05,BSE_SMALLCAP,26988.5
3627,2022-09-06,BSE_SMALLCAP,26957.43
3628,2022-09-07,BSE_SMALLCAP,27088.73
3629,2022-09-08,BSE_SMALLCAP,27530.17
3630,2022-09-09,BSE_SMALLCAP,27243.29
3631,2022-09-12,BSE_SMALLCAP,26493.84
3632,2022-09-13,BSE_SMALLCAP,26365.48
3633,2022-09-14,BSE_SMALLCAP,26683.67
3634,2022-09-15,BSE_SMALLCAP,27202.57
3635,2022-09-16,BSE_SMALLCAP,26995.6
3636,2022-09-19,BSE_SMALLCAP,27234.79
3637,2022-09-20,BSE_SMALLCAP,26841.93
3638,2022-09-21,BSE_SMALLCAP,26863.67
3639,2022-09-22,BSE_SMALLCAP,25841.96
3640,2022-09-23,BSE_SMALLCAP,25743.31
3641,2022-09-26,BSE_SMALLCAP,25876.15
3642,2022-09-27,BSE_SMALLCAP,25730.42
3643,2022-09-28,BSE_SMALLCAP,25252.67
3644,2022-09-29,BSE_SMALLCAP,25297.88
3645,2022-09-30,BSE_SMALLCAP,25960.24
3646,2022-10-03,BSE_SMALLCAP,25681.36
3647,2022-10-04,BSE_SMALLCAP,25446.41
3648,2022-10-05,BSE_SMALLCAP,25380.02
3649,2022-10-06,BSE_SMALLCAP,25990.58
3650,2022-10-07,BSE_SMALLCAP,25533.02
3651,2022-10-10,BSE_SMALLCAP,25280.35
3652,2022-10-11,BSE_SMALLCAP,25536.38
3653,2022-10-12,BSE_SMALLCAP,25120.8
3654,2022-10-13,BSE_SMALLCAP,24841.79
3655,2022-10-14,BSE_SMALLCAP,25478.64
3656,2022-10-17,BSE_SMALLCAP,26121.27
3657,2022-10-18,BSE_SMALLCAP,26354.64
3658,2022-10-19,BSE_SMALLCAP,26493.76
3659,2022-10-20,BSE_SMALLCAP,26297.74
3660,2022-10-21,BSE_SMALLCAP,26318.14
3661,2022-10-24,BSE_SMALLCAP,26059.94
3662,2022-10-25,BSE_SMALLCAP,26632.96
3663,2022-10-26,BSE_SMALLCAP,26706.23
3664,2022-10-27,BSE_SMALLCAP,26667.86
3665,2022-10-28,BSE_SMALLCAP,26707.0
3666,2022-10-31,BSE_SMALLCAP,26491.69
3667,2022-11-01,BSE_SMALLCAP,26700.01
3668,2022-11-02,BSE_SMALLCAP,26637.64
3669,2022-11-03,BSE_SMALLCAP,27752.52
3670,2022-11-04,BSE_SMALLCAP,27604.73
3671,2022-11-07,BSE_SMALLCAP,27946.12
3672,2022-11-08,BSE_SMALLCAP,28690.65
3673,2022-11-09,BSE_SMALLCAP,27622.31
3674,2022-11-10,BSE_SMALLCAP,27477.8
3675,2022-11-11,BSE_SMALLCAP,28086.31
3676,2022-11-14,BSE_SMALLCAP,27244.48
3677,2022-11-15,BSE_SMALLCAP,27719.02
3678,2022-11-16,BSE_SMALLCAP,27865.23
3679,2022-11-17,BSE_SMALLCAP,28487.28
3680,2022-11-18,BSE_SMALLCAP,28389.71
3681,2022-11-21,BSE_SMALLCAP,28514.47
3682,2022-11-22,BSE_SMALLCAP,28075.96
3683,2022-11-23,BSE_SMALLCAP,28007.33
3684,2022-11-24,BSE_SMALLCAP,27727.05
3685,2022-11-25,BSE_SMALLCAP,27522.75
3686,2022-11-28,BSE_SMALLCAP,27599.18
3687,2022-11-29,BSE_SMALLCAP,27320.7
3688,2022-11-30,BSE_SMALLCAP,26507.41
3689,2022-12-01,BSE_SMALLCAP,26616.42
3690,2022-12-02,BSE_SMALLCAP,26715.71
3691,2022-12-05,BSE_SMALLCAP,27011.5
3692,2022-12-06,BSE_SMALLCAP,27028.43
3693,2022-12-07,BSE_SMALLCAP,26644.82
3694,2022-12-08,BSE_SMALLCAP,27233.46
3695,2022-12-09,BSE_SMALLCAP,27125.2
3696,2022-12-12,BSE_SMALLCAP,26782.2
3697,2022-12-13,BSE_SMALLCAP,27347.04
3698,2022-12-14,BSE_SMALLCAP,28019.79
3699,2022-12-15,BSE_SMALLCAP,26985.68
3700,2022-12-16,BSE_SMALLCAP,26660.06
3701,2022-12-19,BSE_SMALLCAP,26611.41
3702,2022-12-20,BSE_SMALLCAP,26733.39
3703,2022-12-21,BSE_SMALLCAP,26996.14
3704,2022-12-22,BSE_SMALLCAP,27974.84
3705,2022-12-23,BSE_SMALLCAP,27572.94
3706,2022-12-26,BSE_SMALLCAP,27652.79
3707,2022-12-27,BSE_SMALLCAP,27112.64
3708,2022-12-28,BSE_SMALLCAP,27217.46
3709,2022-12-29,BSE_SMALLCAP,27869.89
3710,2022-12-30,BSE_SMALLCAP,26829.94
3711,2023-01-02,BSE_SMALLCAP,26319.71
3712,2023-01-03,BSE_SMALLCAP,26625.99
3713,2023-01-04,BSE_SMALLCAP,26945.39
3714,2023-01-05,BSE_SMALLCAP,26656.53
3715,2023-01-06,BSE_SMALLCAP,26979.32
3716,2023-01-09,BSE_SMALLCAP,27491.18
3717,2023-01-10,BSE_SMALLCAP,27721.88
3718,2023-01-11,BSE_SMALLCAP,28308.89
3719,2023-01-12,BSE_SMALLCAP,28456.61
3720,2023-01-13,BSE_SMALLCAP,28373.67
3721,2023-01-16,BSE_SMALLCAP,28506.27
3722,2023-01-17,BSE_SMALLCAP,28862.01
3723,2023-01-18,BSE_SMALLCAP,28244.49
3724,2023-01-19,BSE_SMALLCAP,28370.68
3725,2023-01-20,BSE_SMALLCAP,28340.36
3726,2023-01-23,BSE_SMALLCAP,28152.72
3727,2023-01-24,BSE_SMALLCAP,27733.13
3728,2023-01-25,BSE_SMALLCAP,27038.85
3729,2023-01-26,BSE_SMALLCAP,26865.0
3730,2023-01-27,BSE_SMALLCAP,26663.21
3731,2023-01-30,BSE_SMALLCAP,27032.92
3732,2023-01-31,BSE_SMALLCAP,27479.07
3733,2023-02-01,BSE_SMALLCAP,27175.46
3734,2023-02-02,BSE_SMALLCAP,26871.75
3735,2023-02-03,BSE_SMALLCAP,26682.32
3736,2023-02-06,BSE_SMALLCAP,27118.76
3737,2023-02-07,BSE_SMALLCAP,26886.79
3738,2023-02-08,BSE_SMALLCAP,27648.21
3739,2023-02-09,BSE_SMALLCAP,27716.21
3740,2023-02-10,BSE_SMALLCAP,27906.7
3741,2023-02-13,BSE_SMALLCAP,27745.16
3742,2023-02-14,BSE_SMALLCAP,28395.1
3743,2023-02-15,BSE_SMALLCAP,28587.01
3744,2023-02-16,BSE_SMALLCAP,28417.7
3745,2023-02-17,BSE_SMALLCAP,27923.07
3746,2023-02-20,BSE_SMALLCAP,28210.37
3747,2023-02-21,BSE_SMALLCAP,27981.12
3748,2023-02-22,BSE_SMALLCAP,27932.27
3749,2023-02-23,BSE_SMALLCAP,27591.83
3750,2023-02-24,BSE_SMALLCAP,27260.96
3751,2023-02-27,BSE_SMALLCAP,27050.6
3752,2023-02-28,BSE_SMALLCAP,27045.63
3753,2023-03-01,BSE_SMALLCAP,26623.1
3754,2023-03-02,BSE_SMALLCAP,26549.03
3755,2023-03-03,BSE_SMALLCAP,26304.3
3756,2023-03-06,BSE_SMALLCAP,26278.84
3757,2023-03-07,BSE_SMALLCAP,26633.83
3758,2023-03-08,BSE_SMALLCAP,26730.38
3759,2023-03-09,BSE_SMALLCAP,26524.9
3760,2023-03-10,BSE_SMALLCAP,26526.22
3761,2023-03-13,BSE_SMALLCAP,26765.75
3762,2023-03-14,BSE_SMALLCAP,27046.37
3763,2023-03-15,BSE_SMALLCAP,27143.73
3764,2023-03-16,BSE_SMALLCAP,27848.3
3765,2023-03-17,BSE_SMALLCAP,27529.04
3766,2023-03-20,BSE_SMALLCAP,27750.68
3767,2023-03-21,BSE_SMALLCAP,27744.49
3768,2023-03-22,BSE_SMALLCAP,28159.19
3769,2023-03-23,BSE_SMALLCAP,28183.23
3770,2023-03-24,BSE_SMALLCAP,29029.68
3771,2023-03-27,BSE_SMALLCAP,29086.31
3772,2023-03-28,BSE_SMALLCAP,29404.31
3773,2023-03-29,BSE_SMALLCAP,29343.92
3774,2023-03-30,BSE_SMALLCAP,29504.71
3775,2023-03-31,BSE_SMALLCAP,29276.56
3776,2023-04-03,BSE_SMALLCAP,29472.3
3777,2023-04-04,BSE_SMALLCAP,28701.76
3778,2023-04-05,BSE_SMALLCAP,28508.84
3779,2023-04-06,BSE_SMALLCAP,28257.51
3780,2023-04-07,BSE_SMALLCAP,29033.77
3781,2023-04-10,BSE_SMALLCAP,28763.73
3782,2023-04-11,BSE_SMALLCAP,28591.86
3783,2023-04-12,BSE_SMALLCAP,28311.79
3784,2023-04-13,BSE_SMALLCAP,28493.92
3785,2023-04-14,BSE_SMALLCAP,28383.3
3786,2023-04-17,BSE_SMALLCAP,28224.95
3787,2023-04-18,BSE_SMALLCAP,29094.78
3788,2023-04-19,BSE_SMALLCAP,29177.41
3789,2023-04-20,BSE_SMALLCAP,29473.93
3790,2023-04-21,BSE_SMALLCAP,29661.79
3791,2023-04-24,BSE_SMALLCAP,29339.61
3792,2023-04-25,BSE_SMALLCAP,29126.16
3793,2023-04-26,BSE_SMALLCAP,28697.68
3794,2023-04-27,BSE_SMALLCAP,28233.41
3795,2023-04-28,BSE_SMALLCAP,28267.09
3796,2023-05-01,BSE_SMALLCAP,28326.79
3797,2023-05-02,BSE_SMALLCAP,28296.73
3798,2023-05-03,BSE_SMALLCAP,28464.9
3799,2023-05-04,BSE_SMALLCAP,28419.55
3800,2023-05-05,BSE_SMALLCAP,28932.47
3801,2023-05-08,BSE_SMALLCAP,28753.15
3802,2023-05-09,BSE_SMALLCAP,29167.28
3803,2023-05-10,BSE_SMALLCAP,29495.28
3804,2023-05-11,BSE_SMALLCAP,28486.5
3805,2023-05-12,BSE_SMALLCAP,27916.81
3806,2023-05-15,BSE_SMALLCAP,27276.83
3807,2023-05-16,BSE_SMALLCAP,27410.84
3808,2023-05-17,BSE_SMALLCAP,27020.31
3809,2023-05-18,BSE_SMALLCAP,27433.6
3810,2023-05-19,BSE_SMALLCAP,27040.02
3811,2023-05-22,BSE_SMALLCAP,27125.66
3812,2023-05-23,BSE_SMALLCAP,26766.34
3813,2023-05-24,BSE_SMALLCAP,26998.58
3814,2023-05-25,BSE_SMALLCAP,26898.61
3815,2023-05-26,BSE_SMALLCAP,26749.94
3816,2023-05-29,BSE_SMALLCAP,26515.15
3817,2023-05-30,BSE_SMALLCAP,26129.72
3818,2023-05-31,BSE_SMALLCAP,26279.51
3819,2023-06-01,BSE_SMALLCAP,26051.42
3820,2023-06-02,BSE_SMALLCAP,26949.53
3821,2023-06-05,BSE_SMALLCAP,27569.9
3822,2023-06-06,BSE_SMALLCAP,27487.27
3823,2023-06-07,BSE_SMALLCAP,27350.33
3824,2023-06-08,BSE_SMALLCAP,27296.16
3825,2023-06-09,BSE_SMALLCAP,27889.4
3826,2023-06-12,BSE_SMALLCAP,28734.98
3827,2023-06-13,BSE_SMALLCAP,27982.17
3828,2023-06-14,BSE_SMALLCAP,28525.82
3829,2023-06-15,BSE_SMALLCAP,28432.07
3830,2023-06-16,BSE_SMALLCAP,28129.75
3831,2023-06-19,BSE_SMALLCAP,28589.56
3832,2023-06-20,BSE_SMALLCAP,28642.34
3833,2023-06-21,BSE_SMALLCAP,29211.43
3834,2023-06-22,BSE_SMALLCAP,29620.48
3835,2023-06-23,BSE_SMALLCAP,29778.37
3836,2023-06-26,BSE_SMALLCAP,30477.38
3837,2023-06-27,BSE_SMALLCAP,30434.97
3838,2023-06-28,BSE_SMALLCAP,29997.23
3839,2023-06-29,BSE_SMALLCAP,30827.26
3840,2023-06-30,BSE_SMALLCAP,30748.14
3841,2023-07-03,BSE_SMALLCAP,30844.17
3842,2023-07-04,BSE_SMALLCAP,30626.53
3843,2023-07-05,BSE_SMALLCAP,30691.23
3844,2023-07-06,BSE_SMALLCAP,30849.58
3845,2023-07-07,BSE_SMALLCAP,30399.48
3846,2023-07-10,BSE_SMALLCAP,29965.02
3847,2023-07-11,BSE_SMALLCAP,29621.69
3848,2023-07-12,BSE_SMALLCAP,29590.55
3849,2023-07-13,BSE_SMALLCAP,29790.0
3850,2023-07-14,BSE_SMALLCAP,30351.62
3851,2023-07-17,BSE_SMALLCAP,31422.38
3852,2023-07-18,BSE_SMALLCAP,31523.16
3853,2023-07-19,BSE_SMALLCAP,31349.07
3854,2023-07-20,BSE_SMALLCAP,30353.51
3855,2023-07-21,BSE_SMALLCAP,30484.41
3856,2023-07-24,BSE_SMALLCAP,30434.28
3857,2023-07-25,BSE_SMALLCAP,30305.69
3858,2023-07-26,BSE_SMALLCAP,30052.41
3859,2023-07-27,BSE_SMALLCAP,29814.18
3860,2023-07-28,BSE_SMALLCAP,29971.67
3861,2023-07-31,BSE_SMALLCAP,30261.21
3862,2023-08-01,BSE_SMALLCAP,30271.81
3863,2023-08-02,BSE_SMALLCAP,30625.64
3864,2023-08-03,BSE_SMALLCAP,31199.01
3865,2023-08-04,BSE_SMALLCAP,31181.08
3866,2023-08-07,BSE_SMALLCAP,31736.8
3867,2023-08-08,BSE_SMALLCAP,31343.06
3868,2023-08-09,BSE_SMALLCAP,31491.68
3869,2023-08-10,BSE_SMALLCAP,31347.35
3870,2023-08-11,BSE_SMALLCAP,31584.09
3871,2023-08-14,BSE_SMALLCAP,30676.35
3872,2023-08-15,BSE_SMALLCAP,31203.05
3873,2023-08-16,BSE_SMALLCAP,31204.5
3874,2023-08-17,BSE_SMALLCAP,31415.25
3875,2023-08-18,BSE_SMALLCAP,31097.04
3876,2023-08-21,BSE_SMALLCAP,31847.62
3877,2023-08-22,BSE_SMALLCAP,32022.95
3878,2023-08-23,BSE_SMALLCAP,31877.62
3879,2023-08-24,BSE_SMALLCAP,30986.61
3880,2023-08-25,BSE_SMALLCAP,30859.64
3881,2023-08-28,BSE_SMALLCAP,29904.82
3882,2023-08-29,BSE_SMALLCAP,29979.19
3883,2023-08-30,BSE_SMALLCAP,30247.27
3884,2023-08-31,BSE_SMALLCAP,30567.67
3885,2023-09-01,BSE_SMALLCAP,30227.95
3886,2023-09-04,BSE_SMALLCAP,29985.37
3887,2023-09-05,BSE_SMALLCAP,29968.13
3888,2023-09-06,BSE_SMALLCAP,29762.89
3889,2023-09-07,BSE_SMALLCAP,29106.84
3890,2023-09-08,BSE_SMALLCAP,28878.35
3891,2023-09-11,BSE_SMALLCAP,29059.36
3892,2023-09-12,BSE_SMALLCAP,28895.48
3893,2023-09-13,BSE_SMALLCAP,28822.07
3894,2023-09-14,BSE_SMALLCAP,28635.46
3895,2023-09-15,BSE_SMALLCAP,29601.16
3896,2023-09-18,BSE_SMALLCAP,29673.85
3897,2023-09-19,BSE_SMALLCAP,29787.26
3898,2023-09-20,BSE_SMALLCAP,29573.41
3899,2023-09-21,BSE_SMALLCAP,29789.24
3900,2023-09-22,BSE_SMALLCAP,29851.06
3901,2023-09-25,BSE_SMALLCAP,29160.16
3902,2023-09-26,BSE_SMALLCAP,29792.45
3903,2023-09-27,BSE_SMALLCAP,29768.41
3904,2023-09-28,BSE_SMALLCAP,30011.8
3905,2023-09-29,BSE_SMALLCAP,29770.23
3906,2023-10-02,BSE_SMALLCAP,29976.65
3907,2023-10-03,BSE_SMALLCAP,30276.32
3908,2023-10-04,BSE_SMALLCAP,29689.29
3909,2023-10-05,BSE_SMALLCAP,29926.01
3910,2023-10-06,BSE_SMALLCAP,29902.95
3911,2023-10-09,BSE_SMALLCAP,29500.98
3912,2023-10-10,BSE_SMALLCAP,30214.47
3913,2023-10-11,BSE_SMALLCAP,29847.52
3914,2023-10-12,BSE_SMALLCAP,29965.71
3915,2023-10-13,BSE_SMALLCAP,29475.99
3916,2023-10-16,BSE_SMALLCAP,29050.28
3917,2023-10-17,BSE_SMALLCAP,29500.91
3918,2023-10-18,BSE_SMALLCAP,29378.69
3919,2023-10-19,BSE_SMALLCAP,29993.32
3920,2023-10-20,BSE_SMALLCAP,29843.74
3921,2023-10-23,BSE_SMALLCAP,29677.05
3922,2023-10-24,BSE_SMALLCAP,29386.6
3923,2023-10-25,BSE_SMALLCAP,29207.64
3924,2023-10-26,BSE_SMALLCAP,29480.18
3925,2023-10-27,BSE_SMALLCAP,29536.7
3926,2023-10-30,BSE_SMALLCAP,29432.26
3927,2023-10-31,BSE_SMALLCAP,29736.37
3928,2023-11-01,BSE_SMALLCAP,29985.49
3929,2023-11-02,BSE_SMALLCAP,29890.89
3930,2023-11-03,BSE_SMALLCAP,30550.91
3931,2023-11-06,BSE_SMALLCAP,29926.42
3932,2023-11-07,BSE_SMALLCAP,30116.75
3933,2023-11-08,BSE_SMALLCAP,30087.01
3934,2023-11-09,BSE_SMALLCAP,30319.07
3935,2023-11-10,BSE_SMALLCAP,30384.65
3936,2023-11-13,BSE_SMALLCAP,30517.29
3937,2023-11-14,BSE_SMALLCAP,29791.34
3938,2023-11-15,BSE_SMALLCAP,29906.17
3939,2023-11-16,BSE_SMALLCAP,30363.05
3940,2023-11-17,BSE_SMALLCAP,30131.52
3941,2023-11-20,BSE_SMALLCAP,30572.19
3942,2023-11-21,BSE_SMALLCAP,30444.61
3943,2023-11-22,BSE_SMALLCAP,30217.12
3944,2023-11-23,BSE_SMALLCAP,30000.97
3945,2023-11-24,BSE_SMALLCAP,29600.64
3946,2023-11-27,BSE_SMALLCAP,29651.28
3947,2023-11-28,BSE_SMALLCAP,29416.95
3948,2023-11-29,BSE_SMALLCAP,29215.48
3949,2023-11-30,BSE_SMALLCAP,28960.4
3950,2023-12-01,BSE_SMALLCAP,29112.78
3951,2023-12-04,BSE_SMALLCAP,28626.99
3952,2023-12-05,BSE_SMALLCAP,28883.51
3953,2023-12-06,BSE_SMALLCAP,29105.97
3954,2023-12-07,BSE_SMALLCAP,29332.73
3955,2023-12-08,BSE_SMALLCAP,28957.48
3956,2023-12-11,BSE_SMALLCAP,29074.15
3957,2023-12-12,BSE_SMALLCAP,29625.29
3958,2023-12-13,BSE_SMALLCAP,29154.4
3959,2023-12-14,BSE_SMALLCAP,29248.55
3960,2023-12-15,BSE_SMALLCAP,28821.01
3961,2023-12-18,BSE_SMALLCAP,28732.52
3962,2023-12-19,BSE_SMALLCAP,28740.08
3963,2023-12-20,BSE_SMALLCAP,28509.29
3964,2023-12-21,BSE_SMALLCAP,28234.42
3965,2023-12-22,BSE_SMALLCAP,28355.05
3966,2023-12-25,BSE_SMALLCAP,27980.85
3967,2023-12-26,BSE_SMALLCAP,28201.98
3968,2023-12-27,BSE_SMALLCAP,28911.6
3969,2023-12-28,BSE_SMALLCAP,28424.4
3970,2023-12-29,BSE_SMALLCAP,27922.2
3971,2024-01-01,BSE_SMALLCAP,27361.38
3972,2024-01-02,BSE_SMALLCAP,27200.79
3973,2024-01-03,BSE_SMALLCAP,27545.85
3974,2024-01-04,BSE_SMALLCAP,27930.0
3975,2024-01-05,BSE_SMALLCAP,28113.62
3976,2024-01-08,BSE_SMALLCAP,28211.95
3977,2024-01-09,BSE_SMALLCAP,28735.72
3978,2024-01-10,BSE_SMALLCAP,28561.91
3979,2024-01-11,BSE_SMALLCAP,28804.51
3980,2024-01-12,BSE_SMALLCAP,29629.21
3981,2024-01-15,BSE_SMALLCAP,30161.77
3982,2024-01-16,BSE_SMALLCAP,29718.08
3983,2024-01-17,BSE_SMALLCAP,29501.59
3984,2024-01-18,BSE_SMALLCAP,30366.65
3985,2024-01-19,BSE_SMALLCAP,30146.9
3986,2024-01-22,BSE_SMALLCAP,30844.19
3987,2024-01-23,BSE_SMALLCAP,30682.12
3988,2024-01-24,BSE_SMALLCAP,30619.5
3989,2024-01-25,BSE_SMALLCAP,30254.09
3990,2024-01-26,BSE_SMALLCAP,29963.82
3991,2024-01-29,BSE_SMALLCAP,29904.13
3992,2024-01-30,BSE_SMALLCAP,30002.13
3993,2024-01-31,BSE_SMALLCAP,29856.53
3994,2024-02-01,BSE_SMALLCAP,30169.22
3995,2024-02-02,BSE_SMALLCAP,30023.74
3996,2024-02-05,BSE_SMALLCAP,29197.88
3997,2024-02-06,BSE_SMALLCAP,29134.83
3998,2024-02-07,BSE_SMALLCAP,28965.0
3999,2024-02-08,BSE_SMALLCAP,29589.39
4000,2024-02-09,BSE_SMALLCAP,29980.46
4001,2024-02-12,BSE_SMALLCAP,30417.75
4002,2024-02-13,BSE_SMALLCAP,30737.34
4003,2024-02-14,BSE_SMALLCAP,30947.09
4004,2024-02-15,BSE_SMALLCAP,31156.93
4005,2024-02-16,BSE_SMALLCAP,31580.57
4006,2024-02-19,BSE_SMALLCAP,31858.23
4007,2024-02-20,BSE_SMALLCAP,31648.99
4008,2024-02-21,BSE_SMALLCAP,31056.46
4009,2024-02-22,BSE_SMALLCAP,30276.6
4010,2024-02-23,BSE_SMALLCAP,29943.68
4011,2024-02-26,BSE_SMALLCAP,29661.0
4012,2024-02-27,BSE_SMALLCAP,29643.18
4013,2024-02-28,BSE_SMALLCAP,29613.75
4014,2024-02-29,BSE_SMALLCAP,30357.45
4015,2024-03-01,BSE_SMALLCAP,30616.47
4016,2024-03-04,BSE_SMALLCAP,30323.31
4017,2024-03-05,BSE_SMALLCAP,30927.26
4018,2024-03-06,BSE_SMALLCAP,30850.89
4019,2024-03-07,BSE_SMALLCAP,31116.28
4020,2024-03-08,BSE_SMALLCAP,31341.27
4021,2024-03-11,BSE_SMALLCAP,31381.24
4022,2024-03-12,BSE_SMALLCAP,32025.15
4023,2024-03-13,BSE_SMALLCAP,31789.63
4024,2024-03-14,BSE_SMALLCAP,31869.11
4025,2024-03-15,BSE_SMALLCAP,31495.76
4026,2024-03-18,BSE_SMALLCAP,31671.72
4027,2024-03-19,BSE_SMALLCAP,31873.85
4028,2024-03-20,BSE_SMALLCAP,31934.59
4029,2024-03-21,BSE_SMALLCAP,31987.56
4030,2024-03-22,BSE_SMALLCAP,31932.93
4031,2024-03-25,BSE_SMALLCAP,32122.98
4032,2024-03-26,BSE_SMALLCAP,32422.55
4033,2024-03-27,BSE_SMALLCAP,31905.46
4034,2024-03-28,BSE_SMALLCAP,31805.71
4035,2024-03-29,BSE_SMALLCAP,31669.24
4036,2024-04-01,BSE_SMALLCAP,31983.58
4037,2024-04-02,BSE_SMALLCAP,32546.98
4038,2024-04-03,BSE_SMALLCAP,32763.83
4039,2024-04-04,BSE_SMALLCAP,32852.35
4040,2024-04-05,BSE_SMALLCAP,32527.53
4041,2024-04-08,BSE_SMALLCAP,33401.58
4042,2024-04-09,BSE_SMALLCAP,33000.86
4043,2024-04-10,BSE_SMALLCAP,32454.97
4044,2024-04-11,BSE_SMALLCAP,32803.63
4045,2024-04-12,BSE_SMALLCAP,32595.18
4046,2024-04-15,BSE_SMALLCAP,32965.92
4047,2024-04-16,BSE_SMALLCAP,33650.78
4048,2024-04-17,BSE_SMALLCAP,33550.26
4049,2024-04-18,BSE_SMALLCAP,33787.06
4050,2024-04-19,BSE_SMALLCAP,33602.75
4051,2024-04-22,BSE_SMALLCAP,33661.25
4052,2024-04-23,BSE_SMALLCAP,33625.6
4053,2024-04-24,BSE_SMALLCAP,34100.33
4054,2024-04-25,BSE_SMALLCAP,33867.82
4055,2024-04-26,BSE_SMALLCAP,33577.05
4056,2024-04-29,BSE_SMALLCAP,33509.29
4057,2024-04-30,BSE_SMALLCAP,33842.75
4058,2024-05-01,BSE_SMALLCAP,33493.93
4059,2024-05-02,BSE_SMALLCAP,32972.81
4060,2024-05-03,BSE_SMALLCAP,33538.08
4061,2024-05-06,BSE_SMALLCAP,32543.93
4062,2024-05-07,BSE_SMALLCAP,31984.81
4063,2024-05-08,BSE_SMALLCAP,32983.03
4064,2024-05-09,BSE_SMALLCAP,32214.92
4065,2024-05-10,BSE_SMALLCAP,32043.0
4066,2024-05-13,BSE_SMALLCAP,31778.86
4067,2024-05-14,BSE_SMALLCAP,30806.42
4068,2024-05-15,BSE_SMALLCAP,30402.73
4069,2024-05-16,BSE_SMALLCAP,30536.45
4070,2024-05-17,BSE_SMALLCAP,30879.61
4071,2024-05-20,BSE_SMALLCAP,31377.87
4072,2024-05-21,BSE_SMALLCAP,31238.09
4073,2024-05-22,BSE_SMALLCAP,30469.31
4074,2024-05-23,BSE_SMALLCAP,30512.96
4075,2024-05-24,BSE_SMALLCAP,31121.98
4076,2024-05-27,BSE_SMALLCAP,31809.83
4077,2024-05-28,BSE_SMALLCAP,32268.94
4078,2024-05-29,BSE_SMALLCAP,31687.7
4079,2024-05-30,BSE_SMALLCAP,31624.96
4080,2024-05-31,BSE_SMALLCAP,31748.58
4081,2024-06-03,BSE_SMALLCAP,31944.41
4082,2024-06-04,BSE_SMALLCAP,31188.91
4083,2024-06-05,BSE_SMALLCAP,32113.4
4084,2024-06-06,BSE_SMALLCAP,32729.43
4085,2024-06-07,BSE_SMALLCAP,32751.58
4086,2024-06-10,BSE_SMALLCAP,32833.07
4087,2024-06-11,BSE_SMALLCAP,32629.81
4088,2024-06-12,BSE_SMALLCAP,33217.28
4089,2024-06-13,BSE_SMALLCAP,32712.14
4090,2024-06-14,BSE_SMALLCAP,32787.1
4091,2024-06-17,BSE_SMALLCAP,32431.97
4092,2024-06-18,BSE_SMALLCAP,32447.21
4093,2024-06-19,BSE_SMALLCAP,33000.73
4094,2024-06-20,BSE_SMALLCAP,32731.29
4095,2024-06-21,BSE_SMALLCAP,32836.97
4096,2024-06-24,BSE_SMALLCAP,32802.32
4097,2024-06-25,BSE_SMALLCAP,32493.34
4098,2024-06-26,BSE_SMALLCAP,32239.44
4099,2024-06-27,BSE_SMALLCAP,31992.44
4100,2024-06-28,BSE_SMALLCAP,31224.26
4101,2024-07-01,BSE_SMALLCAP,31178.79
4102,2024-07-02,BSE_SMALLCAP,31234.74
4103,2024-07-03,BSE_SMALLCAP,30607.32
4104,2024-07-04,BSE_SMALLCAP,30437.49
4105,2024-07-05,BSE_SMALLCAP,30364.12
4106,2024-07-08,BSE_SMALLCAP,30728.06
4107,2024-07-09,BSE_SMALLCAP,31494.07
4108,2024-07-10,BSE_SMALLCAP,31688.88
4109,2024-07-11,BSE_SMALLCAP,31112.04
4110,2024-07-12,BSE_SMALLCAP,30737.86
4111,2024-07-15,BSE_SMALLCAP,30791.16
4112,2024-07-16,BSE_SMALLCAP,30620.54
4113,2024-07-17,BSE_SMALLCAP,30625.44
4114,2024-07-18,BSE_SMALLCAP,31001.15
4115,2024-07-19,BSE_SMALLCAP,30949.63
4116,2024-07-22,BSE_SMALLCAP,32039.98
4117,2024-07-23,BSE_SMALLCAP,31369.39
4118,2024-07-24,BSE_SMALLCAP,31627.15
4119,2024-07-25,BSE_SMALLCAP,30926.4
4120,2024-07-26,BSE_SMALLCAP,30584.92
4121,2024-07-29,BSE_SMALLCAP,30965.79
4122,2024-07-30,BSE_SMALLCAP,30115.28
4123,2024-07-31,BSE_SMALLCAP,30261.13
4124,2024-08-01,BSE_SMALLCAP,29765.26
4125,2024-08-02,BSE_SMALLCAP,29757.68
4126,2024-08-05,BSE_SMALLCAP,29520.13
4127,2024-08-06,BSE_SMALLCAP,29546.99
4128,2024-08-07,BSE_SMALLCAP,29731.45
4129,2024-08-08,BSE_SMALLCAP,30192.46
4130,2024-08-09,BSE_SMALLCAP,30272.31
4131,2024-08-12,BSE_SMALLCAP,30553.49
4132,2024-08-13,BSE_SMALLCAP,30546.78
4133,2024-08-14,BSE_SMALLCAP,30005.06
4134,2024-08-15,BSE_SMALLCAP,29556.16
4135,2024-08-16,BSE_SMALLCAP,30195.11
4136,2024-08-19,BSE_SMALLCAP,29709.82
4137,2024-08-20,BSE_SMALLCAP,29809.66
4138,2024-08-21,BSE_SMALLCAP,29903.18
4139,2024-08-22,BSE_SMALLCAP,29973.56
4140,2024-08-23,BSE_SMALLCAP,30423.16
4141,2024-08-26,BSE_SMALLCAP,30173.77
4142,2024-08-27,BSE_SMALLCAP,30106.91
4143,2024-08-28,BSE_SMALLCAP,29986.43
4144,2024-08-29,BSE_SMALLCAP,29080.05
4145,2024-08-30,BSE_SMALLCAP,28795.65
4146,2024-09-02,BSE_SMALLCAP,29244.94
4147,2024-09-03,BSE_SMALLCAP,30098.31
4148,2024-09-04,BSE_SMALLCAP,30519.2
4149,2024-09-05,BSE_SMALLCAP,30705.89
4150,2024-09-06,BSE_SMALLCAP,30147.69
4151,2024-09-09,BSE_SMALLCAP,30246.83
4152,2024-09-10,BSE_SMALLCAP,30309.89
4153,2024-09-11,BSE_SMALLCAP,31331.8
4154,2024-09-12,BSE_SMALLCAP,30604.27
4155,2024-09-13,BSE_SMALLCAP,30099.76
4156,2024-09-16,BSE_SMALLCAP,30631.45
4157,2024-09-17,BSE_SMALLCAP,31316.54
4158,2024-09-18,BSE_SMALLCAP,31483.12
4159,2024-09-19,BSE_SMALLCAP,31346.65
4160,2024-09-20,BSE_SMALLCAP,31619.15
4161,2024-09-23,BSE_SMALLCAP,32611.3
4162,2024-09-24,BSE_SMALLCAP,32343.05
4163,2024-09-25,BSE_SMALLCAP,32575.59
4164,2024-09-26,BSE_SMALLCAP,32507.76
4165,2024-09-27,BSE_SMALLCAP,32697.99
4166,2024-09-30,BSE_SMALLCAP,33076.34
4167,2024-10-01,BSE_SMALLCAP,32831.98
4168,2024-10-02,BSE_SMALLCAP,33305.02
4169,2024-10-03,BSE_SMALLCAP,33102.21
4170,2024-10-04,BSE_SMALLCAP,33389.76
4171,2024-10-07,BSE_SMALLCAP,32526.0
4172,2024-10-08,BSE_SMALLCAP,32895.33
4173,2024-10-09,BSE_SMALLCAP,32516.54
4174,2024-10-10,BSE_SMALLCAP,32315.15
4175,2024-10-11,BSE_SMALLCAP,31342.41
4176,2024-10-14,BSE_SMALLCAP,31267.26
4177,2024-10-15,BSE_SMALLCAP,31870.94
4178,2024-10-16,BSE_SMALLCAP,31208.8
4179,2024-10-17,BSE_SMALLCAP,31315.41
4180,2024-10-18,BSE_SMALLCAP,30464.24
4181,2024-10-21,BSE_SMALLCAP,30422.67
4182,2024-10-22,BSE_SMALLCAP,30808.72
4183,2024-10-23,BSE_SMALLCAP,30784.4
4184,2024-10-24,BSE_SMALLCAP,31141.45
4185,2024-10-25,BSE_SMALLCAP,30947.48
4186,2024-10-28,BSE_SMALLCAP,32098.9
4187,2024-10-29,BSE_SMALLCAP,32615.67
4188,2024-10-30,BSE_SMALLCAP,32733.86
4189,2024-10-31,BSE_SMALLCAP,33543.71
4190,2024-11-01,BSE_SMALLCAP,34222.75
4191,2024-11-04,BSE_SMALLCAP,33993.08
4192,2024-11-05,BSE_SMALLCAP,34254.28
4193,2024-11-06,BSE_SMALLCAP,34138.45
4194,2024-11-07,BSE_SMALLCAP,34600.55
4195,2024-11-08,BSE_SMALLCAP,35387.83
4196,2024-11-11,BSE_SMALLCAP,34694.22
4197,2024-11-12,BSE_SMALLCAP,34776.37
4198,2024-11-13,BSE_SMALLCAP,35513.76
4199,2024-11-14,BSE_SMALLCAP,35915.63
4200,2024-11-15,BSE_SMALLCAP,36154.89
4201,2024-11-18,BSE_SMALLCAP,36723.84
4202,2024-11-19,BSE_SMALLCAP,36075.02
4203,2024-11-20,BSE_SMALLCAP,36386.2
4204,2024-11-21,BSE_SMALLCAP,37040.06
4205,2024-11-22,BSE_SMALLCAP,37360.2
4206,2024-11-25,BSE_SMALLCAP,36760.39
4207,2024-11-26,BSE_SMALLCAP,36595.04
4208,2024-11-27,BSE_SMALLCAP,36626.79
4209,2024-11-28,BSE_SMALLCAP,36239.2
4210,2024-11-29,BSE_SMALLCAP,35814.92
4211,2024-12-02,BSE_SMALLCAP,36085.33
4212,2024-12-03,BSE_SMALLCAP,36945.06
4213,2024-12-04,BSE_SMALLCAP,36017.96
4214,2024-12-05,BSE_SMALLCAP,35803.23
4215,2024-12-06,BSE_SMALLCAP,35471.92
4216,2024-12-09,BSE_SMALLCAP,36243.44
4217,2024-12-10,BSE_SMALLCAP,36634.67
4218,2024-12-11,BSE_SMALLCAP,37374.7
4219,2024-12-12,BSE_SMALLCAP,37863.38
4220,2024-12-13,BSE_SMALLCAP,38515.82
4221,2024-12-16,BSE_SMALLCAP,38696.78
4222,2024-12-17,BSE_SMALLCAP,38980.65
4223,2024-12-18,BSE_SMALLCAP,39293.25
4224,2024-12-19,BSE_SMALLCAP,39339.46
4225,2024-12-20,BSE_SMALLCAP,39370.34
4226,2024-12-23,BSE_SMALLCAP,39658.63
4227,2024-12-24,BSE_SMALLCAP,39935.01
4228,2024-12-25,BSE_SMALLCAP,40080.76
4229,2024-12-26,BSE_SMALLCAP,40209.98
4230,2024-12-27,BSE_SMALLCAP,40637.66
4231,2024-12-30,BSE_SMALLCAP,40594.86
4232,2024-12-31,BSE_SMALLCAP,39942.39
4233,2025-01-01,BSE_SMALLCAP,40085.12
4234,2025-01-02,BSE_SMALLCAP,39617.6
4235,2025-01-03,BSE_SMALLCAP,40220.72
4236,2025-01-06,BSE_SMALLCAP,39923.38
4237,2025-01-07,BSE_SMALLCAP,39675.82
4238,2025-01-08,BSE_SMALLCAP,39933.13
4239,2025-01-09,BSE_SMALLCAP,39955.18
4240,2025-01-10,BSE_SMALLCAP,40644.33
4241,2025-01-13,BSE_SMALLCAP,40555.66
4242,2025-01-14,BSE_SMALLCAP,40419.5
4243,2025-01-15,BSE_SMALLCAP,40022.8
4244,2025-01-16,BSE_SMALLCAP,39398.85
4245,2025-01-17,BSE_SMALLCAP,39140.44
4246,2025-01-20,BSE_SMALLCAP,39392.4
4247,2025-01-21,BSE_SMALLCAP,40128.05
4248,2025-01-22,BSE_SMALLCAP,40633.17
4249,2025-01-23,BSE_SMALLCAP,40342.01
4250,2025-01-24,BSE_SMALLCAP,40461.7
4251,2025-01-27,BSE_SMALLCAP,40506.36
4252,2025-01-28,BSE_SMALLCAP,41191.47
4253,2025-01-29,BSE_SMALLCAP,41979.28
4254,2025-01-30,BSE_SMALLCAP,40891.03
4255,2025-01-31,BSE_SMALLCAP,41718.09
4256,2025-02-03,BSE_SMALLCAP,40849.61
4257,2025-02-04,BSE_SMALLCAP,41033.82
4258,2025-02-05,BSE_SMALLCAP,39890.85
4259,2025-02-06,BSE_SMALLCAP,40485.18
4260,2025-02-07,BSE_SMALLCAP,40324.49
4261,2025-02-10,BSE_SMALLCAP,40733.43
4262,2025-02-11,BSE_SMALLCAP,40600.07
4263,2025-02-12,BSE_SMALLCAP,41179.76
4264,2025-02-13,BSE_SMALLCAP,40268.16
4265,2025-02-14,BSE_SMALLCAP,40638.98
4266,2025-02-17,BSE_SMALLCAP,40903.68
4267,2025-02-18,BSE_SMALLCAP,41146.18
4268,2025-02-19,BSE_SMALLCAP,41469.68
4269,2025-02-20,BSE_SMALLCAP,42157.23
4270,2025-02-21,BSE_SMALLCAP,42768.28
4271,2025-02-24,BSE_SMALLCAP,41969.79
4272,2025-02-25,BSE_SMALLCAP,42066.62
4273,2025-02-26,BSE_SMALLCAP,42304.46
4274,2025-02-27,BSE_SMALLCAP,42295.84
4275,2025-02-28,BSE_SMALLCAP,42416.92
4276,2025-03-03,BSE_SMALLCAP,42729.36
4277,2025-03-04,BSE_SMALLCAP,43210.87
4278,2025-03-05,BSE_SMALLCAP,43584.9
4279,2025-03-06,BSE_SMALLCAP,44141.31
4280,2025-03-07,BSE_SMALLCAP,45395.01
4281,2025-03-10,BSE_SMALLCAP,45297.14
4282,2025-03-11,BSE_SMALLCAP,45245.3
4283,2025-03-12,BSE_SMALLCAP,45720.97
4284,2025-03-13,BSE_SMALLCAP,45750.9
4285,2025-03-14,BSE_SMALLCAP,45569.23
4286,2025-03-17,BSE_SMALLCAP,45315.33
4287,2025-03-18,BSE_SMALLCAP,45744.38
4288,2025-03-19,BSE_SMALLCAP,46064.96
4289,2025-03-20,BSE_SMALLCAP,47305.18
4290,2025-03-21,BSE_SMALLCAP,46671.55
4291,2025-03-24,BSE_SMALLCAP,46061.68
4292,2025-03-25,BSE_SMALLCAP,46137.13
4293,2025-03-26,BSE_SMALLCAP,45670.98
4294,2025-03-27,BSE_SMALLCAP,44589.33
4295,2025-03-28,BSE_SMALLCAP,44361.17
4296,2025-03-31,BSE_SMALLCAP,45743.91
4297,2025-04-01,BSE_SMALLCAP,47381.75
4298,2025-04-02,BSE_SMALLCAP,47773.1
4299,2025-04-03,BSE_SMALLCAP,47075.11
4300,2025-04-04,BSE_SMALLCAP,46601.24
4301,2025-04-07,BSE_SMALLCAP,46694.46
4302,2025-04-08,BSE_SMALLCAP,46402.49
4303,2025-04-09,BSE_SMALLCAP,46540.96
4304,2025-04-10,BSE_SMALLCAP,46602.17
4305,2025-04-11,BSE_SMALLCAP,45850.77
4306,2025-04-14,BSE_SMALLCAP,45852.39
4307,2025-04-15,BSE_SMALLCAP,46180.52
4308,2025-04-16,BSE_SMALLCAP,45974.67
4309,2025-04-17,BSE_SMALLCAP,46615.06
4310,2025-04-18,BSE_SMALLCAP,46684.41
4311,2025-04-21,BSE_SMALLCAP,46633.49
4312,2025-04-22,BSE_SMALLCAP,46706.88
4313,2025-04-23,BSE_SMALLCAP,46391.03
4314,2025-04-24,BSE_SMALLCAP,46686.01
4315,2025-04-25,BSE_SMALLCAP,46167.51
4316,2025-04-28,BSE_SMALLCAP,47755.56
4317,2025-04-29,BSE_SMALLCAP,49152.45
4318,2025-04-30,BSE_SMALLCAP,49135.04
4319,2025-05-01,BSE_SMALLCAP,49559.78
4320,2025-05-02,BSE_SMALLCAP,50010.89
4321,2025-05-05,BSE_SMALLCAP,50460.77
4322,2025-05-06,BSE_SMALLCAP,50978.4
4323,2025-05-07,BSE_SMALLCAP,51552.42
4324,2025-05-08,BSE_SMALLCAP,52087.35
4325,2025-05-09,BSE_SMALLCAP,51560.11
4326,2025-05-12,BSE_SMALLCAP,51916.11
4327,2025-05-13,BSE_SMALLCAP,51419.84
4328,2025-05-14,BSE_SMALLCAP,51831.05
4329,2025-05-15,BSE_SMALLCAP,52545.44
4330,2025-05-16,BSE_SMALLCAP,52857.0
4331,2025-05-19,BSE_SMALLCAP,53446.3
4332,2025-05-20,BSE_SMALLCAP,53647.63
4333,2025-05-21,BSE_SMALLCAP,55079.57
4334,2025-05-22,BSE_SMALLCAP,55433.48
4335,2025-05-23,BSE_SMALLCAP,54771.35
4336,2025-05-26,BSE_SMALLCAP,54442.32
4337,2025-05-27,BSE_SMALLCAP,54810.27
4338,2025-05-28,BSE_SMALLCAP,55856.33
4339,2025-05-29,BSE_SMALLCAP,56208.48
4340,2025-05-30,BSE_SMALLCAP,56424.96
4341,2025-06-02,BSE_SMALLCAP,55597.2
4342,2025-06-03,BSE_SMALLCAP,57118.39
4343,2025-06-04,BSE_SMALLCAP,56116.96
4344,2025-06-05,BSE_SMALLCAP,54966.92
4345,2025-06-06,BSE_SMALLCAP,54648.9
4346,2025-06-09,BSE_SMALLCAP,55138.92
4347,2025-06-10,BSE_SMALLCAP,54873.27
4348,2025-06-11,BSE_SMALLCAP,54445.48
4349,2025-06-12,BSE_SMALLCAP,53866.98
4350,2025-06-13,BSE_SMALLCAP,55242.36
4351,2025-06-16,BSE_SMALLCAP,55539.29
4352,2025-06-17,BSE_SMALLCAP,56273.48
4353,2025-06-18,BSE_SMALLCAP,57942.32
4354,2025-06-19,BSE_SMALLCAP,59634.15
4355,2025-06-20,BSE_SMALLCAP,58938.35
4356,2025-06-23,BSE_SMALLCAP,59184.89
4357,2025-06-24,BSE_SMALLCAP,59877.05
4358,2025-06-25,BSE_SMALLCAP,60009.88
4359,2025-06-26,BSE_SMALLCAP,59492.99
4360,2025-06-27,BSE_SMALLCAP,57375.53
4361,2025-06-30,BSE_SMALLCAP,58497.48
4362,2025-07-01,BSE_SMALLCAP,60058.23
4363,2025-07-02,BSE_SMALLCAP,60717.87
4364,2025-07-03,BSE_SMALLCAP,60741.34
4365,2025-07-04,BSE_SMALLCAP,60320.87
4366,2025-07-07,BSE_SMALLCAP,60472.49
4367,2025-07-08,BSE_SMALLCAP,61646.45
4368,2025-07-09,BSE_SMALLCAP,62163.82
4369,2025-07-10,BSE_SMALLCAP,60359.81
4370,2025-07-11,BSE_SMALLCAP,61760.28
4371,2025-07-14,BSE_SMALLCAP,62388.31
4372,2025-07-15,BSE_SMALLCAP,61512.19
4373,2025-07-16,BSE_SMALLCAP,62062.91
4374,2025-07-17,BSE_SMALLCAP,62286.47
4375,2025-07-18,BSE_SMALLCAP,62507.67
4376,2025-07-21,BSE_SMALLCAP,61684.57
4377,2025-07-22,BSE_SMALLCAP,61505.58
4378,2025-07-23,BSE_SMALLCAP,60189.81
4379,2025-07-24,BSE_SMALLCAP,61264.97
4380,2025-07-25,BSE_SMALLCAP,60584.88
4381,2025-07-28,BSE_SMALLCAP,61578.47
4382,2025-07-29,BSE_SMALLCAP,62149.46
4383,2025-07-30,BSE_SMALLCAP,61853.45
4384,2025-07-31,BSE_SMALLCAP,61258.84
4385,2025-08-01,BSE_SMALLCAP,61480.78
4386,2025-08-04,BSE_SMALLCAP,62456.79
4387,2025-08-05,BSE_SMALLCAP,63209.53
4388,2025-08-06,BSE_SMALLCAP,63752.17
4389,2025-08-07,BSE_SMALLCAP,63653.66
4390,2025-08-08,BSE_SMALLCAP,64423.76
4391,2025-08-11,BSE_SMALLCAP,63106.13
4392,2025-08-12,BSE_SMALLCAP,63367.05
4393,2025-08-13,BSE_SMALLCAP,63420.05
4394,2025-08-14,BSE_SMALLCAP,62398.27
4395,2025-08-15,BSE_SMALLCAP,62141.03
4396,2025-08-18,BSE_SMALLCAP,63661.07
4397,2025-08-19,BSE_SMALLCAP,64212.71
4398,2025-08-20,BSE_SMALLCAP,65100.35
4399,2025-08-21,BSE_SMALLCAP,64745.56
4400,2025-08-22,BSE_SMALLCAP,63301.11
4401,2025-08-25,BSE_SMALLCAP,64677.98
4402,2025-08-26,BSE_SMALLCAP,64070.33
4403,2025-08-27,BSE_SMALLCAP,63823.75
4404,2025-08-28,BSE_SMALLCAP,62686.62
4405,2025-08-29,BSE_SMALLCAP,63953.73
4406,2025-09-01,BSE_SMALLCAP,64293.37
4407,2025-09-02,BSE_SMALLCAP,64221.84
4408,2025-09-03,BSE_SMALLCAP,64816.36
4409,2025-09-04,BSE_SMALLCAP,64530.86
4410,2025-09-05,BSE_SMALLCAP,64038.05
4411,2025-09-08,BSE_SMALLCAP,63043.37
4412,2025-09-09,BSE_SMALLCAP,61954.08
4413,2025-09-10,BSE_SMALLCAP,62925.38
4414,2025-09-11,BSE_SMALLCAP,64086.53
4415,2025-09-12,BSE_SMALLCAP,62642.8
4416,2025-09-15,BSE_SMALLCAP,62643.08
4417,2025-09-16,BSE_SMALLCAP,62779.6
4418,2025-09-17,BSE_SMALLCAP,62261.02
4419,2025-09-18,BSE_SMALLCAP,61605.69
4420,2025-09-19,BSE_SMALLCAP,61736.39
4421,2025-09-22,BSE_SMALLCAP,61186.87
4422,2025-09-23,BSE_SMALLCAP,61257.8
4423,2025-09-24,BSE_SMALLCAP,60390.72
4424,2025-09-25,BSE_SMALLCAP,59946.92
4425,2025-09-26,BSE_SMALLCAP,59760.2
4426,2025-09-29,BSE_SMALLCAP,59526.72
4427,2025-09-30,BSE_SMALLCAP,60522.99
4428,2025-10-01,BSE_SMALLCAP,60104.5
4429,2025-10-02,BSE_SMALLCAP,60938.43
4430,2025-10-03,BSE_SMALLCAP,58518.22
4431,2025-10-06,BSE_SMALLCAP,58561.7
4432,2025-10-07,BSE_SMALLCAP,56926.72
4433,2025-10-08,BSE_SMALLCAP,57949.49
4434,2025-10-09,BSE_SMALLCAP,59641.19
4435,2025-10-10,BSE_SMALLCAP,59653.95
4436,2025-10-13,BSE_SMALLCAP,61138.75
4437,2025-10-14,BSE_SMALLCAP,60510.43
4438,2025-10-15,BSE_SMALLCAP,61383.81
4439,2025-10-16,BSE_SMALLCAP,62151.96
4440,2025-10-17,BSE_SMALLCAP,62064.36
4441,2025-10-20,BSE_SMALLCAP,62100.98
4442,2025-10-21,BSE_SMALLCAP,62432.12
4443,2025-10-22,BSE_SMALLCAP,62655.24
4444,2025-10-23,BSE_SMALLCAP,62999.73
4445,2025-10-24,BSE_SMALLCAP,64942.0
4446,2025-10-27,BSE_SMALLCAP,66819.39
4447,2025-10-28,BSE_SMALLCAP,67658.02
4448,2025-10-29,BSE_SMALLCAP,69674.88
4449,2025-10-30,BSE_SMALLCAP,68673.97
4450,2025-10-31,BSE_SMALLCAP,69511.77
4451,2025-11-03,BSE_SMALLCAP,70397.44
4452,2025-11-04,BSE_SMALLCAP,70046.84
4453,2025-11-05,BSE_SMALLCAP,72223.38
4454,2025-11-06,BSE_SMALLCAP,73913.59
4455,2025-11-07,BSE_SMALLCAP,74517.79
4456,2025-11-10,BSE_SMALLCAP,73842.5
4457,2025-11-11,BSE_SMALLCAP,72338.85
4458,2025-11-12,BSE_SMALLCAP,71361.43
4459,2025-11-13,BSE_SMALLCAP,73052.97
4460,2025-11-14,BSE_SMALLCAP,72829.17
4461,2025-11-17,BSE_SMALLCAP,74055.29
4462,2025-11-18,BSE_SMALLCAP,74484.52
4463,2025-11-19,BSE_SMALLCAP,72475.31
4464,2025-11-20,BSE_SMALLCAP,72265.47
4465,2025-11-21,BSE_SMALLCAP,71363.39
4466,2025-11-24,BSE_SMALLCAP,72243.38
4467,2025-11-25,BSE_SMALLCAP,73190.26
4468,2025-11-26,BSE_SMALLCAP,73055.37
4469,2025-11-27,BSE_SMALLCAP,74685.48
4470,2025-11-28,BSE_SMALLCAP,75868.06
4471,2025-12-01,BSE_SMALLCAP,75473.32
4472,2025-12-02,BSE_SMALLCAP,76100.64
4473,2025-12-03,BSE_SMALLCAP,75323.76
4474,2025-12-04,BSE_SMALLCAP,75027.45
4475,2025-12-05,BSE_SMALLCAP,75717.9
4476,2025-12-08,BSE_SMALLCAP,75833.69
4477,2025-12-09,BSE_SMALLCAP,74412.42
4478,2025-12-10,BSE_SMALLCAP,74896.54
4479,2025-12-11,BSE_SMALLCAP,74619.95
4480,2025-12-12,BSE_SMALLCAP,73853.06
4481,2025-12-15,BSE_SMALLCAP,72792.85
4482,2025-12-16,BSE_SMALLCAP,72650.05
4483,2025-12-17,BSE_SMALLCAP,72959.31
4484,2025-12-18,BSE_SMALLCAP,72778.14
4485,2025-12-19,BSE_SMALLCAP,73139.87
4486,2025-12-22,BSE_SMALLCAP,72927.04
4487,2025-12-23,BSE_SMALLCAP,73579.58
4488,2025-12-24,BSE_SMALLCAP,73482.28
4489,2025-12-25,BSE_SMALLCAP,71886.73
4490,2025-12-26,BSE_SMALLCAP,70752.27
4491,2025-12-29,BSE_SMALLCAP,70288.68
4492,2025-12-30,BSE_SMALLCAP,71578.16
4493,2025-12-31,BSE_SMALLCAP,70687.19
4494,2026-01-01,BSE_SMALLCAP,71124.08
4495,2026-01-02,BSE_SMALLCAP,71577.2
4496,2026-01-05,BSE_SMALLCAP,70430.49
4497,2026-01-06,BSE_SMALLCAP,70217.76
4498,2026-01-07,BSE_SMALLCAP,70418.66
4499,2026-01-08,BSE_SMALLCAP,70196.48
4500,2026-01-09,BSE_SMALLCAP,70800.69
4501,2026-01-12,BSE_SMALLCAP,71372.41
4502,2026-01-13,BSE_SMALLCAP,71633.28
4503,2026-01-14,BSE_SMALLCAP,72601.95
4504,2026-01-15,BSE_SMALLCAP,72650.1
4505,2026-01-16,BSE_SMALLCAP,72816.28
4506,2026-01-19,BSE_SMALLCAP,73154.3
4507,2026-01-20,BSE_SMALLCAP,72100.73
4508,2026-01-21,BSE_SMALLCAP,72734.74
4509,2026-01-22,BSE_SMALLCAP,72170.7
4510,2026-01-23,BSE_SMALLCAP,72009.36
4511,2026-01-26,BSE_SMALLCAP,72608.98
4512,2026-01-27,BSE_SMALLCAP,73112.16
4513,2026-01-28,BSE_SMALLCAP,71737.63
4514,2026-01-29,BSE_SMALLCAP,70397.83
4515,2026-01-30,BSE_SMALLCAP,69482.28
4516,2026-02-02,BSE_SMALLCAP,69726.09
4517,2026-02-03,BSE_SMALLCAP,71050.88
4518,2026-02-04,BSE_SMALLCAP,70628.63
4519,2026-02-05,BSE_SMALLCAP,69762.84
4520,2026-02-06,BSE_SMALLCAP,68911.97
4521,2026-02-09,BSE_SMALLCAP,69380.27
4522,2026-02-10,BSE_SMALLCAP,70472.14
4523,2026-02-11,BSE_SMALLCAP,71524.24
4524,2026-02-12,BSE_SMALLCAP,70908.98
4525,2026-02-13,BSE_SMALLCAP,69482.99
4526,2026-02-16,BSE_SMALLCAP,69613.38
4527,2026-02-17,BSE_SMALLCAP,71108.54
4528,2026-02-18,BSE_SMALLCAP,71586.54
4529,2026-02-19,BSE_SMALLCAP,70302.44
4530,2026-02-20,BSE_SMALLCAP,70287.18
4531,2026-02-23,BSE_SMALLCAP,69360.06
4532,2026-02-24,BSE_SMALLCAP,69727.68
4533,2026-02-25,BSE_SMALLCAP,69735.98
4534,2026-02-26,BSE_SMALLCAP,69522.59
4535,2026-02-27,BSE_SMALLCAP,68966.76
4536,2026-03-02,BSE_SMALLCAP,69424.7
4537,2026-03-03,BSE_SMALLCAP,70633.48
4538,2026-03-04,BSE_SMALLCAP,72287.04
4539,2026-03-05,BSE_SMALLCAP,72754.29
4540,2026-03-06,BSE_SMALLCAP,74099.67
4541,2026-03-09,BSE_SMALLCAP,73120.68
4542,2026-03-10,BSE_SMALLCAP,72833.76
4543,2026-03-11,BSE_SMALLCAP,71924.06
4544,2026-03-12,BSE_SMALLCAP,71489.87
4545,2026-03-13,BSE_SMALLCAP,70531.17
4546,2026-03-16,BSE_SMALLCAP,72192.84
4547,2026-03-17,BSE_SMALLCAP,71872.15
4548,2026-03-18,BSE_SMALLCAP,71782.69
4549,2026-03-19,BSE_SMALLCAP,70311.39
4550,2026-03-20,BSE_SMALLCAP,68431.22
4551,2026-03-23,BSE_SMALLCAP,70112.32
4552,2026-03-24,BSE_SMALLCAP,69930.39
4553,2026-03-25,BSE_SMALLCAP,72240.96
4554,2026-03-26,BSE_SMALLCAP,72141.98
4555,2026-03-27,BSE_SMALLCAP,70959.65
4556,2026-03-30,BSE_SMALLCAP,71031.71
4557,2026-03-31,BSE_SMALLCAP,71155.43
4558,2026-04-01,BSE_SMALLCAP,71348.05
4559,2026-04-02,BSE_SMALLCAP,71330.28
4560,2026-04-03,BSE_SMALLCAP,69899.51
4561,2026-04-06,BSE_SMALLCAP,68477.32
4562,2026-04-07,BSE_SMALLCAP,69640.27
4563,2026-04-08,BSE_SMALLCAP,71615.98
4564,2026-04-09,BSE_SMALLCAP,71382.29
4565,2026-04-10,BSE_SMALLCAP,69644.93
4566,2026-04-13,BSE_SMALLCAP,70866.93
4567,2026-04-14,BSE_SMALLCAP,70089.25
4568,2026-04-15,BSE_SMALLCAP,70477.97
4569,2026-04-16,BSE_SMALLCAP,70017.76
4570,2026-04-17,BSE_SMALLCAP,69589.51
4571,2026-04-20,BSE_SMALLCAP,68811.19
4572,2026-04-21,BSE_SMALLCAP,70206.26
4573,2026-04-22,BSE_SMALLCAP,70697.91
4574,2026-04-23,BSE_SMALLCAP,71073.65
4575,2026-04-24,BSE_SMALLCAP,71161.83
4576,2026-04-27,BSE_SMALLCAP,71593.75
4577,2026-04-28,BSE_SMALLCAP,70478.28
4578,2026-04-29,BSE_SMALLCAP,71041.47
4579,2026-04-30,BSE_SMALLCAP,72293.74
4580,2026-05-01,BSE_SMALLCAP,72566.07
4581,2026-05-04,BSE_SMALLCAP,73494.88
4582,2026-05-05,BSE_SMALLCAP,73134.17
4583,2026-05-06,BSE_SMALLCAP,73602.81
4584,2026-05-07,BSE_SMALLCAP,73261.24
4585,2026-05-08,BSE_SMALLCAP,71659.04
4586,2026-05-11,BSE_SMALLCAP,71476.92
4587,2026-05-12,BSE_SMALLCAP,72652.8
4588,2026-05-13,BSE_SMALLCAP,71372.79
4589,2026-05-14,BSE_SMALLCAP,73057.74
4590,2026-05-15,BSE_SMALLCAP,72553.23
4591,2026-05-18,BSE_SMALLCAP,73173.39
4592,2026-05-19,BSE_SMALLCAP,74782.71
4593,2026-05-20,BSE_SMALLCAP,76755.97
4594,2026-05-21,BSE_SMALLCAP,78542.05
4595,2026-05-22,BSE_SMALLCAP,77776.16
4596,2026-05-25,BSE_SMALLCAP,79075.39
4597,2026-05-26,BSE_SMALLCAP,78483.7
4598,2026-05-27,BSE_SMALLCAP,77524.06
4599,2026-05-28,BSE_SMALLCAP,76951.24
4600,2026-05-29,BSE_SMALLCAP,78367.62
4601,2022-01-03,NIFTY500,14837.07
4602,2022-01-04,NIFTY500,14743.12
4603,2022-01-05,NIFTY500,14960.53
4604,2022-01-06,NIFTY500,14950.28
4605,2022-01-07,NIFTY500,15044.47
4606,2022-01-10,NIFTY500,14927.83
4607,2022-01-11,NIFTY500,14883.56
4608,2022-01-12,NIFTY500,14864.72
4609,2022-01-13,NIFTY500,14796.69
4610,2022-01-14,NIFTY500,14793.7
4611,2022-01-17,NIFTY500,14685.76
4612,2022-01-18,NIFTY500,14683.54
4613,2022-01-19,NIFTY500,14839.56
4614,2022-01-20,NIFTY500,14629.78
4615,2022-01-21,NIFTY500,14620.34
4616,2022-01-24,NIFTY500,14565.98
4617,2022-01-25,NIFTY500,14499.41
4618,2022-01-26,NIFTY500,14758.9
4619,2022-01-27,NIFTY500,14956.08
4620,2022-01-28,NIFTY500,14899.33
4621,2022-01-31,NIFTY500,14729.9
4622,2022-02-01,NIFTY500,14936.51
4623,2022-02-02,NIFTY500,14997.17
4624,2022-02-03,NIFTY500,14852.83
4625,2022-02-04,NIFTY500,14741.64
4626,2022-02-07,NIFTY500,14762.94
4627,2022-02-08,NIFTY500,15000.94
4628,2022-02-09,NIFTY500,14960.09
4629,2022-02-10,NIFTY500,15027.84
4630,2022-02-11,NIFTY500,14957.42
4631,2022-02-14,NIFTY500,15027.81
4632,2022-02-15,NIFTY500,14820.97
4633,2022-02-16,NIFTY500,14912.37
4634,2022-02-17,NIFTY500,14951.88
4635,2022-02-18,NIFTY500,14851.13
4636,2022-02-21,NIFTY500,14426.04
4637,2022-02-22,NIFTY500,14641.86
4638,2022-02-23,NIFTY500,14426.37
4639,2022-02-24,NIFTY500,14595.33
4640,2022-02-25,NIFTY500,14496.81
4641,2022-02-28,NIFTY500,14553.1
4642,2022-03-01,NIFTY500,14639.75
4643,2022-03-02,NIFTY500,14862.71
4644,2022-03-03,NIFTY500,14728.91
4645,2022-03-04,NIFTY500,14731.39
4646,2022-03-07,NIFTY500,14614.22
4647,2022-03-08,NIFTY500,14487.72
4648,2022-03-09,NIFTY500,14507.13
4649,2022-03-10,NIFTY500,14622.56
4650,2022-03-11,NIFTY500,14954.42
4651,2022-03-14,NIFTY500,14933.13
4652,2022-03-15,NIFTY500,14931.6
4653,2022-03-16,NIFTY500,14938.63
4654,2022-03-17,NIFTY500,14967.91
4655,2022-03-18,NIFTY500,15008.92
4656,2022-03-21,NIFTY500,14864.44
4657,2022-03-22,NIFTY500,14515.22
4658,2022-03-23,NIFTY500,14488.18
4659,2022-03-24,NIFTY500,14748.49
4660,2022-03-25,NIFTY500,14765.56
4661,2022-03-28,NIFTY500,14755.9
4662,2022-03-29,NIFTY500,14760.65
4663,2022-03-30,NIFTY500,14677.52
4664,2022-03-31,NIFTY500,14672.22
4665,2022-04-01,NIFTY500,14685.66
4666,2022-04-04,NIFTY500,14698.42
4667,2022-04-05,NIFTY500,14720.48
4668,2022-04-06,NIFTY500,14741.43
4669,2022-04-07,NIFTY500,14740.96
4670,2022-04-08,NIFTY500,14897.02
4671,2022-04-11,NIFTY500,15155.8
4672,2022-04-12,NIFTY500,14939.38
4673,2022-04-13,NIFTY500,14873.99
4674,2022-04-14,NIFTY500,14593.31
4675,2022-04-15,NIFTY500,14665.12
4676,2022-04-18,NIFTY500,14834.94
4677,2022-04-19,NIFTY500,14857.19
4678,2022-04-20,NIFTY500,14880.87
4679,2022-04-21,NIFTY500,14813.05
4680,2022-04-22,NIFTY500,14845.28
4681,2022-04-25,NIFTY500,14843.13
4682,2022-04-26,NIFTY500,14993.45
4683,2022-04-27,NIFTY500,15273.51
4684,2022-04-28,NIFTY500,15492.74
4685,2022-04-29,NIFTY500,15813.62
4686,2022-05-02,NIFTY500,15913.28
4687,2022-05-03,NIFTY500,15968.93
4688,2022-05-04,NIFTY500,15974.96
4689,2022-05-05,NIFTY500,16035.72
4690,2022-05-06,NIFTY500,16091.93
4691,2022-05-09,NIFTY500,16289.39
4692,2022-05-10,NIFTY500,16272.32
4693,2022-05-11,NIFTY500,16131.16
4694,2022-05-12,NIFTY500,16135.18
4695,2022-05-13,NIFTY500,16012.6
4696,2022-05-16,NIFTY500,15990.6
4697,2022-05-17,NIFTY500,15757.37
4698,2022-05-18,NIFTY500,15770.54
4699,2022-05-19,NIFTY500,15656.39
4700,2022-05-20,NIFTY500,15767.79
4701,2022-05-23,NIFTY500,15723.39
4702,2022-05-24,NIFTY500,15467.99
4703,2022-05-25,NIFTY500,15420.59
4704,2022-05-26,NIFTY500,15417.19
4705,2022-05-27,NIFTY500,15470.45
4706,2022-05-30,NIFTY500,15551.09
4707,2022-05-31,NIFTY500,15448.9
4708,2022-06-01,NIFTY500,15353.4
4709,2022-06-02,NIFTY500,15357.4
4710,2022-06-03,NIFTY500,15406.57
4711,2022-06-06,NIFTY500,15478.93
4712,2022-06-07,NIFTY500,15617.4
4713,2022-06-08,NIFTY500,15396.18
4714,2022-06-09,NIFTY500,15536.5
4715,2022-06-10,NIFTY500,15657.16
4716,2022-06-13,NIFTY500,15783.13
4717,2022-06-14,NIFTY500,15760.34
4718,2022-06-15,NIFTY500,15803.94
4719,2022-06-16,NIFTY500,15880.96
4720,2022-06-17,NIFTY500,15863.33
4721,2022-06-20,NIFTY500,16005.25
4722,2022-06-21,NIFTY500,15847.51
4723,2022-06-22,NIFTY500,15956.65
4724,2022-06-23,NIFTY500,16034.68
4725,2022-06-24,NIFTY500,16259.39
4726,2022-06-27,NIFTY500,16548.29
4727,2022-06-28,NIFTY500,16528.86
4728,2022-06-29,NIFTY500,16763.24
4729,2022-06-30,NIFTY500,16816.83
4730,2022-07-01,NIFTY500,16874.78
4731,2022-07-04,NIFTY500,16942.46
4732,2022-07-05,NIFTY500,16752.29
4733,2022-07-06,NIFTY500,16929.59
4734,2022-07-07,NIFTY500,16732.28
4735,2022-07-08,NIFTY500,16815.54
4736,2022-07-11,NIFTY500,16456.51
4737,2022-07-12,NIFTY500,16433.52
4738,2022-07-13,NIFTY500,16440.49
4739,2022-07-14,NIFTY500,16541.97
4740,2022-07-15,NIFTY500,16763.63
4741,2022-07-18,NIFTY500,16761.12
4742,2022-07-19,NIFTY500,16586.45
4743,2022-07-20,NIFTY500,16529.57
4744,2022-07-21,NIFTY500,16572.6
4745,2022-07-22,NIFTY500,16603.78
4746,2022-07-25,NIFTY500,16359.5
4747,2022-07-26,NIFTY500,16294.14
4748,2022-07-27,NIFTY500,16226.06
4749,2022-07-28,NIFTY500,16204.74
4750,2022-07-29,NIFTY500,16299.17
4751,2022-08-01,NIFTY500,16194.52
4752,2022-08-02,NIFTY500,16356.03
4753,2022-08-03,NIFTY500,16471.43
4754,2022-08-04,NIFTY500,16178.71
4755,2022-08-05,NIFTY500,16127.51
4756,2022-08-08,NIFTY500,16166.03
4757,2022-08-09,NIFTY500,16391.31
4758,2022-08-10,NIFTY500,16227.32
4759,2022-08-11,NIFTY500,15990.67
4760,2022-08-12,NIFTY500,16030.48
4761,2022-08-15,NIFTY500,15896.93
4762,2022-08-16,NIFTY500,15894.87
4763,2022-08-17,NIFTY500,15801.12
4764,2022-08-18,NIFTY500,15938.19
4765,2022-08-19,NIFTY500,16051.23
4766,2022-08-22,NIFTY500,15973.85
4767,2022-08-23,NIFTY500,16196.48
4768,2022-08-24,NIFTY500,16213.93
4769,2022-08-25,NIFTY500,16269.66
4770,2022-08-26,NIFTY500,16183.26
4771,2022-08-29,NIFTY500,16086.73
4772,2022-08-30,NIFTY500,16314.13
4773,2022-08-31,NIFTY500,16339.25
4774,2022-09-01,NIFTY500,16380.47
4775,2022-09-02,NIFTY500,16315.16
4776,2022-09-05,NIFTY500,16362.9
4777,2022-09-06,NIFTY500,16373.92
4778,2022-09-07,NIFTY500,16379.76
4779,2022-09-08,NIFTY500,16628.53
4780,2022-09-09,NIFTY500,16656.74
4781,2022-09-12,NIFTY500,16499.78
4782,2022-09-13,NIFTY500,16580.99
4783,2022-09-14,NIFTY500,16535.78
4784,2022-09-15,NIFTY500,16397.03
4785,2022-09-16,NIFTY500,16302.38
4786,2022-09-19,NIFTY500,16468.3
4787,2022-09-20,NIFTY500,16328.12
4788,2022-09-21,NIFTY500,16196.29
4789,2022-09-22,NIFTY500,16213.63
4790,2022-09-23,NIFTY500,16175.11
4791,2022-09-26,NIFTY500,16044.12
4792,2022-09-27,NIFTY500,16183.15
4793,2022-09-28,NIFTY500,16131.32
4794,2022-09-29,NIFTY500,15956.36
4795,2022-09-30,NIFTY500,16006.7
4796,2022-10-03,NIFTY500,16130.41
4797,2022-10-04,NIFTY500,16205.81
4798,2022-10-05,NIFTY500,16308.57
4799,2022-10-06,NIFTY500,16409.58
4800,2022-10-07,NIFTY500,16379.36
4801,2022-10-10,NIFTY500,16320.89
4802,2022-10-11,NIFTY500,16232.88
4803,2022-10-12,NIFTY500,16240.27
4804,2022-10-13,NIFTY500,16015.92
4805,2022-10-14,NIFTY500,15861.79
4806,2022-10-17,NIFTY500,16057.01
4807,2022-10-18,NIFTY500,16192.86
4808,2022-10-19,NIFTY500,16223.38
4809,2022-10-20,NIFTY500,16451.92
4810,2022-10-21,NIFTY500,16516.01
4811,2022-10-24,NIFTY500,16528.55
4812,2022-10-25,NIFTY500,16340.77
4813,2022-10-26,NIFTY500,16309.24
4814,2022-10-27,NIFTY500,16459.19
4815,2022-10-28,NIFTY500,16549.27
4816,2022-10-31,NIFTY500,16846.12
4817,2022-11-01,NIFTY500,16858.39
4818,2022-11-02,NIFTY500,16490.64
4819,2022-11-03,NIFTY500,16555.25
4820,2022-11-04,NIFTY500,16209.9
4821,2022-11-07,NIFTY500,16149.92
4822,2022-11-08,NIFTY500,16286.04
4823,2022-11-09,NIFTY500,16538.23
4824,2022-11-10,NIFTY500,16396.46
4825,2022-11-11,NIFTY500,16462.71
4826,2022-11-14,NIFTY500,16701.69
4827,2022-11-15,NIFTY500,16724.5
4828,2022-11-16,NIFTY500,16642.49
4829,2022-11-17,NIFTY500,16924.52
4830,2022-11-18,NIFTY500,17082.03
4831,2022-11-21,NIFTY500,17100.9
4832,2022-11-22,NIFTY500,16880.59
4833,2022-11-23,NIFTY500,16836.31
4834,2022-11-24,NIFTY500,16736.88
4835,2022-11-25,NIFTY500,16493.73
4836,2022-11-28,NIFTY500,16699.79
4837,2022-11-29,NIFTY500,16793.07
4838,2022-11-30,NIFTY500,16696.88
4839,2022-12-01,NIFTY500,16619.52
4840,2022-12-02,NIFTY500,16561.02
4841,2022-12-05,NIFTY500,16424.31
4842,2022-12-06,NIFTY500,16850.65
4843,2022-12-07,NIFTY500,16753.23
4844,2022-12-08,NIFTY500,16714.32
4845,2022-12-09,NIFTY500,16621.81
4846,2022-12-12,NIFTY500,16369.57
4847,2022-12-13,NIFTY500,16200.95
4848,2022-12-14,NIFTY500,16361.52
4849,2022-12-15,NIFTY500,16322.97
4850,2022-12-16,NIFTY500,16391.22
4851,2022-12-19,NIFTY500,16465.89
4852,2022-12-20,NIFTY500,16541.27
4853,2022-12-21,NIFTY500,16448.86
4854,2022-12-22,NIFTY500,16704.39
4855,2022-12-23,NIFTY500,16849.34
4856,2022-12-26,NIFTY500,16928.98
4857,2022-12-27,NIFTY500,16975.26
4858,2022-12-28,NIFTY500,16778.95
4859,2022-12-29,NIFTY500,16910.86
4860,2022-12-30,NIFTY500,16899.9
4861,2023-01-02,NIFTY500,16788.23
4862,2023-01-03,NIFTY500,16646.31
4863,2023-01-04,NIFTY500,16799.84
4864,2023-01-05,NIFTY500,16602.76
4865,2023-01-06,NIFTY500,16552.93
4866,2023-01-09,NIFTY500,16584.85
4867,2023-01-10,NIFTY500,16571.78
4868,2023-01-11,NIFTY500,16641.34
4869,2023-01-12,NIFTY500,16823.31
4870,2023-01-13,NIFTY500,16924.08
4871,2023-01-16,NIFTY500,16942.47
4872,2023-01-17,NIFTY500,16884.62
4873,2023-01-18,NIFTY500,16681.11
4874,2023-01-19,NIFTY500,16680.27
4875,2023-01-20,NIFTY500,16633.82
4876,2023-01-23,NIFTY500,16720.1
4877,2023-01-24,NIFTY500,16708.67
4878,2023-01-25,NIFTY500,16871.27
4879,2023-01-26,NIFTY500,16814.56
4880,2023-01-27,NIFTY500,16740.43
4881,2023-01-30,NIFTY500,16811.65
4882,2023-01-31,NIFTY500,16836.28
4883,2023-02-01,NIFTY500,16901.49
4884,2023-02-02,NIFTY500,16890.57
4885,2023-02-03,NIFTY500,16903.17
4886,2023-02-06,NIFTY500,16867.74
4887,2023-02-07,NIFTY500,16896.23
4888,2023-02-08,NIFTY500,17090.27
4889,2023-02-09,NIFTY500,17022.48
4890,2023-02-10,NIFTY500,16940.47
4891,2023-02-13,NIFTY500,16997.05
4892,2023-02-14,NIFTY500,16978.05
4893,2023-02-15,NIFTY500,17199.75
4894,2023-02-16,NIFTY500,17315.15
4895,2023-02-17,NIFTY500,17455.25
4896,2023-02-20,NIFTY500,17610.46
4897,2023-02-21,NIFTY500,17517.84
4898,2023-02-22,NIFTY500,17544.3
4899,2023-02-23,NIFTY500,17658.52
4900,2023-02-24,NIFTY500,17668.35
4901,2023-02-27,NIFTY500,17538.18
4902,2023-02-28,NIFTY500,17691.49
4903,2023-03-01,NIFTY500,17673.39
4904,2023-03-02,NIFTY500,17729.7
4905,2023-03-03,NIFTY500,17830.18
4906,2023-03-06,NIFTY500,18078.96
4907,2023-03-07,NIFTY500,18120.89
4908,2023-03-08,NIFTY500,17810.73
4909,2023-03-09,NIFTY500,17848.58
4910,2023-03-10,NIFTY500,17902.15
4911,2023-03-13,NIFTY500,17649.8
4912,2023-03-14,NIFTY500,17889.73
4913,2023-03-15,NIFTY500,17485.85
4914,2023-03-16,NIFTY500,17584.52
4915,2023-03-17,NIFTY500,17357.64
4916,2023-03-20,NIFTY500,17531.06
4917,2023-03-21,NIFTY500,17627.64
4918,2023-03-22,NIFTY500,17867.64
4919,2023-03-23,NIFTY500,17958.75
4920,2023-03-24,NIFTY500,18024.23
4921,2023-03-27,NIFTY500,17981.49
4922,2023-03-28,NIFTY500,17717.55
4923,2023-03-29,NIFTY500,18070.87
4924,2023-03-30,NIFTY500,18003.17
4925,2023-03-31,NIFTY500,18066.17
4926,2023-04-03,NIFTY500,17944.73
4927,2023-04-04,NIFTY500,17784.89
4928,2023-04-05,NIFTY500,17803.41
4929,2023-04-06,NIFTY500,17878.09
4930,2023-04-07,NIFTY500,18166.72
4931,2023-04-10,NIFTY500,18338.07
4932,2023-04-11,NIFTY500,18393.09
4933,2023-04-12,NIFTY500,18392.84
4934,2023-04-13,NIFTY500,18458.35
4935,2023-04-14,NIFTY500,18425.35
4936,2023-04-17,NIFTY500,18477.02
4937,2023-04-18,NIFTY500,18357.27
4938,2023-04-19,NIFTY500,18277.22
4939,2023-04-20,NIFTY500,18278.36
4940,2023-04-21,NIFTY500,18340.05
4941,2023-04-24,NIFTY500,18330.34
4942,2023-04-25,NIFTY500,18371.06
4943,2023-04-26,NIFTY500,18233.23
4944,2023-04-27,NIFTY500,18050.43
4945,2023-04-28,NIFTY500,18051.79
4946,2023-05-01,NIFTY500,17794.45
4947,2023-05-02,NIFTY500,17939.17
4948,2023-05-03,NIFTY500,17732.14
4949,2023-05-04,NIFTY500,17680.27
4950,2023-05-05,NIFTY500,17768.06
4951,2023-05-08,NIFTY500,17921.4
4952,2023-05-09,NIFTY500,18032.47
4953,2023-05-10,NIFTY500,18119.14
4954,2023-05-11,NIFTY500,18544.46
4955,2023-05-12,NIFTY500,18382.47
4956,2023-05-15,NIFTY500,18442.89
4957,2023-05-16,NIFTY500,18555.7
4958,2023-05-17,NIFTY500,18623.76
4959,2023-05-18,NIFTY500,18557.21
4960,2023-05-19,NIFTY500,18656.24
4961,2023-05-22,NIFTY500,18744.23
4962,2023-05-23,NIFTY500,18960.84
4963,2023-05-24,NIFTY500,19049.97
4964,2023-05-25,NIFTY500,18743.08
4965,2023-05-26,NIFTY500,18883.72
4966,2023-05-29,NIFTY500,18826.7
4967,2023-05-30,NIFTY500,18804.84
4968,2023-05-31,NIFTY500,18625.78
4969,2023-06-01,NIFTY500,18657.82
4970,2023-06-02,NIFTY500,18995.28
4971,2023-06-05,NIFTY500,19184.76
4972,2023-06-06,NIFTY500,18995.14
4973,2023-06-07,NIFTY500,18971.5
4974,2023-06-08,NIFTY500,19150.9
4975,2023-06-09,NIFTY500,19130.51
4976,2023-06-12,NIFTY500,18797.92
4977,2023-06-13,NIFTY500,18717.26
4978,2023-06-14,NIFTY500,18956.31
4979,2023-06-15,NIFTY500,19219.86
4980,2023-06-16,NIFTY500,19199.84
4981,2023-06-19,NIFTY500,19163.3
4982,2023-06-20,NIFTY500,18789.13
4983,2023-06-21,NIFTY500,18782.91
4984,2023-06-22,NIFTY500,18698.21
4985,2023-06-23,NIFTY500,18398.04
4986,2023-06-26,NIFTY500,18253.41
4987,2023-06-27,NIFTY500,18052.96
4988,2023-06-28,NIFTY500,18071.51
4989,2023-06-29,NIFTY500,18329.83
4990,2023-06-30,NIFTY500,18314.63
4991,2023-07-03,NIFTY500,18366.38
4992,2023-07-04,NIFTY500,18779.31
4993,2023-07-05,NIFTY500,18475.99
4994,2023-07-06,NIFTY500,18516.81
4995,2023-07-07,NIFTY500,18714.29
4996,2023-07-10,NIFTY500,18775.65
4997,2023-07-11,NIFTY500,18517.78
4998,2023-07-12,NIFTY500,18845.17
4999,2023-07-13,NIFTY500,18994.93
5000,2023-07-14,NIFTY500,19049.8
5001,2023-07-17,NIFTY500,18828.77
5002,2023-07-18,NIFTY500,19223.01
5003,2023-07-19,NIFTY500,19332.71
5004,2023-07-20,NIFTY500,19418.9
5005,2023-07-21,NIFTY500,19529.52
5006,2023-07-24,NIFTY500,19705.39
5007,2023-07-25,NIFTY500,19735.41
5008,2023-07-26,NIFTY500,19725.06
5009,2023-07-27,NIFTY500,19348.82
5010,2023-07-28,NIFTY500,19225.23
5011,2023-07-31,NIFTY500,19574.09
5012,2023-08-01,NIFTY500,19441.28
5013,2023-08-02,NIFTY500,19400.44
5014,2023-08-03,NIFTY500,19214.1
5015,2023-08-04,NIFTY500,19310.62
5016,2023-08-07,NIFTY500,19277.01
5017,2023-08-08,NIFTY500,19237.46
5018,2023-08-09,NIFTY500,19111.96
5019,2023-08-10,NIFTY500,19192.32
5020,2023-08-11,NIFTY500,19453.1
5021,2023-08-14,NIFTY500,19174.79
5022,2023-08-15,NIFTY500,19133.4
5023,2023-08-16,NIFTY500,19115.91
5024,2023-08-17,NIFTY500,18997.39
5025,2023-08-18,NIFTY500,19202.08
5026,2023-08-21,NIFTY500,19411.13
5027,2023-08-22,NIFTY500,19460.5
5028,2023-08-23,NIFTY500,19354.35
5029,2023-08-24,NIFTY500,19561.35
5030,2023-08-25,NIFTY500,19520.59
5031,2023-08-28,NIFTY500,19699.94
5032,2023-08-29,NIFTY500,20139.37
5033,2023-08-30,NIFTY500,20149.85
5034,2023-08-31,NIFTY500,20188.38
5035,2023-09-01,NIFTY500,20074.82
5036,2023-09-04,NIFTY500,20266.46
5037,2023-09-05,NIFTY500,20314.72
5038,2023-09-06,NIFTY500,20101.03
5039,2023-09-07,NIFTY500,19985.2
5040,2023-09-08,NIFTY500,20343.87
5041,2023-09-11,NIFTY500,20310.34
5042,2023-09-12,NIFTY500,20125.34
5043,2023-09-13,NIFTY500,20169.05
5044,2023-09-14,NIFTY500,20085.16
5045,2023-09-15,NIFTY500,20062.73
5046,2023-09-18,NIFTY500,20169.13
5047,2023-09-19,NIFTY500,20239.83
5048,2023-09-20,NIFTY500,20256.4
5049,2023-09-21,NIFTY500,20157.58
5050,2023-09-22,NIFTY500,19853.72
5051,2023-09-25,NIFTY500,20203.32
5052,2023-09-26,NIFTY500,20548.19
5053,2023-09-27,NIFTY500,20563.17
5054,2023-09-28,NIFTY500,20725.79
5055,2023-09-29,NIFTY500,20730.56
5056,2023-10-02,NIFTY500,20600.47
5057,2023-10-03,NIFTY500,20624.5
5058,2023-10-04,NIFTY500,20660.8
5059,2023-10-05,NIFTY500,20944.78
5060,2023-10-06,NIFTY500,20973.16
5061,2023-10-09,NIFTY500,21301.83
5062,2023-10-10,NIFTY500,21282.62
5063,2023-10-11,NIFTY500,21187.4
5064,2023-10-12,NIFTY500,21478.63
5065,2023-10-13,NIFTY500,21755.67
5066,2023-10-16,NIFTY500,21781.67
5067,2023-10-17,NIFTY500,21858.8
5068,2023-10-18,NIFTY500,21925.17
5069,2023-10-19,NIFTY500,21977.41
5070,2023-10-20,NIFTY500,21916.81
5071,2023-10-23,NIFTY500,22396.41
5072,2023-10-24,NIFTY500,22329.07
5073,2023-10-25,NIFTY500,22450.41
5074,2023-10-26,NIFTY500,22499.74
5075,2023-10-27,NIFTY500,22016.98
5076,2023-10-30,NIFTY500,22051.24
5077,2023-10-31,NIFTY500,22007.92
5078,2023-11-01,NIFTY500,21911.46
5079,2023-11-02,NIFTY500,21722.83
5080,2023-11-03,NIFTY500,22082.36
5081,2023-11-06,NIFTY500,21877.96
5082,2023-11-07,NIFTY500,21852.33
5083,2023-11-08,NIFTY500,21763.07
5084,2023-11-09,NIFTY500,21572.17
5085,2023-11-10,NIFTY500,21729.89
5086,2023-11-13,NIFTY500,21826.56
5087,2023-11-14,NIFTY500,21742.13
5088,2023-11-15,NIFTY500,21577.5
5089,2023-11-16,NIFTY500,21688.63
5090,2023-11-17,NIFTY500,21783.41
5091,2023-11-20,NIFTY500,21766.76
5092,2023-11-21,NIFTY500,22055.7
5093,2023-11-22,NIFTY500,22374.86
5094,2023-11-23,NIFTY500,22286.27
5095,2023-11-24,NIFTY500,22712.24
5096,2023-11-27,NIFTY500,22668.86
5097,2023-11-28,NIFTY500,22628.15
5098,2023-11-29,NIFTY500,22782.65
5099,2023-11-30,NIFTY500,22864.44
5100,2023-12-01,NIFTY500,22882.82
5101,2023-12-04,NIFTY500,22511.19
5102,2023-12-05,NIFTY500,22208.0
5103,2023-12-06,NIFTY500,21969.29
5104,2023-12-07,NIFTY500,21982.67
5105,2023-12-08,NIFTY500,21893.71
5106,2023-12-11,NIFTY500,21832.19
5107,2023-12-12,NIFTY500,21786.47
5108,2023-12-13,NIFTY500,21986.45
5109,2023-12-14,NIFTY500,22148.47
5110,2023-12-15,NIFTY500,22078.77
5111,2023-12-18,NIFTY500,22030.93
5112,2023-12-19,NIFTY500,21875.14
5113,2023-12-20,NIFTY500,21821.61
5114,2023-12-21,NIFTY500,22084.5
5115,2023-12-22,NIFTY500,22275.7
5116,2023-12-25,NIFTY500,22362.63
5117,2023-12-26,NIFTY500,22163.48
5118,2023-12-27,NIFTY500,22164.57
5119,2023-12-28,NIFTY500,22100.9
5120,2023-12-29,NIFTY500,22082.34
5121,2024-01-01,NIFTY500,22248.26
5122,2024-01-02,NIFTY500,22472.32
5123,2024-01-03,NIFTY500,22974.3
5124,2024-01-04,NIFTY500,22804.87
5125,2024-01-05,NIFTY500,23065.54
5126,2024-01-08,NIFTY500,23049.65
5127,2024-01-09,NIFTY500,22916.8
5128,2024-01-10,NIFTY500,23372.32
5129,2024-01-11,NIFTY500,23750.47
5130,2024-01-12,NIFTY500,23703.9
5131,2024-01-15,NIFTY500,23565.5
5132,2024-01-16,NIFTY500,23214.6
5133,2024-01-17,NIFTY500,23484.97
5134,2024-01-18,NIFTY500,23076.75
5135,2024-01-19,NIFTY500,23059.05
5136,2024-01-22,NIFTY500,22889.87
5137,2024-01-23,NIFTY500,23184.94
5138,2024-01-24,NIFTY500,23577.38
5139,2024-01-25,NIFTY500,23237.71
5140,2024-01-26,NIFTY500,23266.43
5141,2024-01-29,NIFTY500,23333.91
5142,2024-01-30,NIFTY500,23286.71
5143,2024-01-31,NIFTY500,23167.34
5144,2024-02-01,NIFTY500,23501.33
5145,2024-02-02,NIFTY500,23405.26
5146,2024-02-05,NIFTY500,23830.38
5147,2024-02-06,NIFTY500,23703.89
5148,2024-02-07,NIFTY500,23878.12
5149,2024-02-08,NIFTY500,24067.09
5150,2024-02-09,NIFTY500,23939.14
5151,2024-02-12,NIFTY500,23578.8
5152,2024-02-13,NIFTY500,23412.88
5153,2024-02-14,NIFTY500,23182.57
5154,2024-02-15,NIFTY500,23363.69
5155,2024-02-16,NIFTY500,23297.7
5156,2024-02-19,NIFTY500,23593.9
5157,2024-02-20,NIFTY500,23725.63
5158,2024-02-21,NIFTY500,23697.62
5159,2024-02-22,NIFTY500,23727.37
5160,2024-02-23,NIFTY500,23463.38
5161,2024-02-26,NIFTY500,23435.29
5162,2024-02-27,NIFTY500,23477.08
5163,2024-02-28,NIFTY500,23409.72
5164,2024-02-29,NIFTY500,23305.84
5165,2024-03-01,NIFTY500,23525.56
5166,2024-03-04,NIFTY500,23342.71
5167,2024-03-05,NIFTY500,23475.51
5168,2024-03-06,NIFTY500,23716.62
5169,2024-03-07,NIFTY500,23832.62
5170,2024-03-08,NIFTY500,23593.02
5171,2024-03-11,NIFTY500,23628.96
5172,2024-03-12,NIFTY500,23828.17
5173,2024-03-13,NIFTY500,23779.83
5174,2024-03-14,NIFTY500,23613.68
5175,2024-03-15,NIFTY500,23441.46
5176,2024-03-18,NIFTY500,23520.23
5177,2024-03-19,NIFTY500,23463.48
5178,2024-03-20,NIFTY500,23347.97
5179,2024-03-21,NIFTY500,22931.61
5180,2024-03-22,NIFTY500,23311.25
5181,2024-03-25,NIFTY500,23258.72
5182,2024-03-26,NIFTY500,23438.39
5183,2024-03-27,NIFTY500,23728.92
5184,2024-03-28,NIFTY500,24465.05
5185,2024-03-29,NIFTY500,24625.32
5186,2024-04-01,NIFTY500,24710.96
5187,2024-04-02,NIFTY500,24388.09
5188,2024-04-03,NIFTY500,23968.38
5189,2024-04-04,NIFTY500,23481.21
5190,2024-04-05,NIFTY500,23458.27
5191,2024-04-08,NIFTY500,23264.7
5192,2024-04-09,NIFTY500,23177.23
5193,2024-04-10,NIFTY500,23485.02
5194,2024-04-11,NIFTY500,23604.47
5195,2024-04-12,NIFTY500,23613.77
5196,2024-04-15,NIFTY500,23666.75
5197,2024-04-16,NIFTY500,23533.93
5198,2024-04-17,NIFTY500,23446.85
5199,2024-04-18,NIFTY500,23174.56
5200,2024-04-19,NIFTY500,23346.03
5201,2024-04-22,NIFTY500,23725.7
5202,2024-04-23,NIFTY500,24024.7
5203,2024-04-24,NIFTY500,24042.36
5204,2024-04-25,NIFTY500,24258.6
5205,2024-04-26,NIFTY500,24387.88
5206,2024-04-29,NIFTY500,24437.67
5207,2024-04-30,NIFTY500,24526.31
5208,2024-05-01,NIFTY500,24255.33
5209,2024-05-02,NIFTY500,24165.31
5210,2024-05-03,NIFTY500,24032.75
5211,2024-05-06,NIFTY500,23726.66
5212,2024-05-07,NIFTY500,23859.98
5213,2024-05-08,NIFTY500,24020.62
5214,2024-05-09,NIFTY500,23501.77
5215,2024-05-10,NIFTY500,23510.84
5216,2024-05-13,NIFTY500,23452.74
5217,2024-05-14,NIFTY500,23335.98
5218,2024-05-15,NIFTY500,23011.19
5219,2024-05-16,NIFTY500,23035.4
5220,2024-05-17,NIFTY500,23051.09
5221,2024-05-20,NIFTY500,22986.43
5222,2024-05-21,NIFTY500,23162.88
5223,2024-05-22,NIFTY500,23331.69
5224,2024-05-23,NIFTY500,22963.31
5225,2024-05-24,NIFTY500,23130.23
5226,2024-05-27,NIFTY500,22947.9
5227,2024-05-28,NIFTY500,22904.57
5228,2024-05-29,NIFTY500,23251.95
5229,2024-05-30,NIFTY500,23255.08
5230,2024-05-31,NIFTY500,23478.88
5231,2024-06-03,NIFTY500,23438.49
5232,2024-06-04,NIFTY500,23645.04
5233,2024-06-05,NIFTY500,23645.91
5234,2024-06-06,NIFTY500,23602.06
5235,2024-06-07,NIFTY500,23639.83
5236,2024-06-10,NIFTY500,23419.81
5237,2024-06-11,NIFTY500,23325.61
5238,2024-06-12,NIFTY500,23463.75
5239,2024-06-13,NIFTY500,23650.0
5240,2024-06-14,NIFTY500,23472.75
5241,2024-06-17,NIFTY500,23844.44
5242,2024-06-18,NIFTY500,24240.12
5243,2024-06-19,NIFTY500,24055.68
5244,2024-06-20,NIFTY500,23971.49
5245,2024-06-21,NIFTY500,23977.41
5246,2024-06-24,NIFTY500,24248.12
5247,2024-06-25,NIFTY500,24383.55
5248,2024-06-26,NIFTY500,24330.34
5249,2024-06-27,NIFTY500,24073.11
5250,2024-06-28,NIFTY500,23673.46
5251,2024-07-01,NIFTY500,23745.46
5252,2024-07-02,NIFTY500,24142.21
5253,2024-07-03,NIFTY500,24155.47
5254,2024-07-04,NIFTY500,24256.59
5255,2024-07-05,NIFTY500,24314.28
5256,2024-07-08,NIFTY500,23977.75
5257,2024-07-09,NIFTY500,24324.87
5258,2024-07-10,NIFTY500,24168.88
5259,2024-07-11,NIFTY500,24011.37
5260,2024-07-12,NIFTY500,24122.79
5261,2024-07-15,NIFTY500,23982.81
5262,2024-07-16,NIFTY500,23720.95
5263,2024-07-17,NIFTY500,23936.64
5264,2024-07-18,NIFTY500,23976.03
5265,2024-07-19,NIFTY500,24192.22
5266,2024-07-22,NIFTY500,24126.28
5267,2024-07-23,NIFTY500,24042.12
5268,2024-07-24,NIFTY500,24108.17
5269,2024-07-25,NIFTY500,24195.5
5270,2024-07-26,NIFTY500,24071.29
5271,2024-07-29,NIFTY500,23922.51
5272,2024-07-30,NIFTY500,24127.03
5273,2024-07-31,NIFTY500,24210.66
5274,2024-08-01,NIFTY500,24281.92
5275,2024-08-02,NIFTY500,23874.95
5276,2024-08-05,NIFTY500,23941.69
5277,2024-08-06,NIFTY500,24032.79
5278,2024-08-07,NIFTY500,23977.43
5279,2024-08-08,NIFTY500,24109.54
5280,2024-08-09,NIFTY500,23975.05
5281,2024-08-12,NIFTY500,24060.03
5282,2024-08-13,NIFTY500,23750.83
5283,2024-08-14,NIFTY500,23953.37
5284,2024-08-15,NIFTY500,23803.08
5285,2024-08-16,NIFTY500,23906.78
5286,2024-08-19,NIFTY500,24182.83
5287,2024-08-20,NIFTY500,24406.89
5288,2024-08-21,NIFTY500,24512.37
5289,2024-08-22,NIFTY500,24703.44
5290,2024-08-23,NIFTY500,25044.06
5291,2024-08-26,NIFTY500,25083.57
5292,2024-08-27,NIFTY500,25312.18
5293,2024-08-28,NIFTY500,25063.38
5294,2024-08-29,NIFTY500,24917.35
5295,2024-08-30,NIFTY500,25263.67
5296,2024-09-02,NIFTY500,25221.47
5297,2024-09-03,NIFTY500,25118.02
5298,2024-09-04,NIFTY500,25067.76
5299,2024-09-05,NIFTY500,24923.71
5300,2024-09-06,NIFTY500,24899.11
5301,2024-09-09,NIFTY500,24682.56
5302,2024-09-10,NIFTY500,24571.86
5303,2024-09-11,NIFTY500,24601.59
5304,2024-09-12,NIFTY500,24958.0
5305,2024-09-13,NIFTY500,24961.05
5306,2024-09-16,NIFTY500,24596.8
5307,2024-09-17,NIFTY500,24828.81
5308,2024-09-18,NIFTY500,25018.79
5309,2024-09-19,NIFTY500,24857.0
5310,2024-09-20,NIFTY500,25043.56
5311,2024-09-23,NIFTY500,25027.43
5312,2024-09-24,NIFTY500,25361.33
5313,2024-09-25,NIFTY500,25914.42
5314,2024-09-26,NIFTY500,26019.04
5315,2024-09-27,NIFTY500,26209.35
5316,2024-09-30,NIFTY500,26596.2
5317,2024-10-01,NIFTY500,26836.51
5318,2024-10-02,NIFTY500,26958.29
5319,2024-10-03,NIFTY500,26946.23
5320,2024-10-04,NIFTY500,26691.79
5321,2024-10-07,NIFTY500,26640.36
5322,2024-10-08,NIFTY500,26598.69
5323,2024-10-09,NIFTY500,26617.47
5324,2024-10-10,NIFTY500,26204.2
5325,2024-10-11,NIFTY500,26134.54
5326,2024-10-14,NIFTY500,26088.37
5327,2024-10-15,NIFTY500,25783.18
5328,2024-10-16,NIFTY500,25889.05
5329,2024-10-17,NIFTY500,26114.95
5330,2024-10-18,NIFTY500,26127.48
5331,2024-10-21,NIFTY500,25856.25
5332,2024-10-22,NIFTY500,25846.05
5333,2024-10-23,NIFTY500,26027.18
5334,2024-10-24,NIFTY500,26201.53
5335,2024-10-25,NIFTY500,26204.27
5336,2024-10-28,NIFTY500,26312.74
5337,2024-10-29,NIFTY500,26179.28
5338,2024-10-30,NIFTY500,26365.46
5339,2024-10-31,NIFTY500,26284.09
5340,2024-11-01,NIFTY500,26120.99
5341,2024-11-04,NIFTY500,26354.8
5342,2024-11-05,NIFTY500,26399.43
5343,2024-11-06,NIFTY500,26432.22
5344,2024-11-07,NIFTY500,26570.64
5345,2024-11-08,NIFTY500,26568.5
5346,2024-11-11,NIFTY500,26364.64
5347,2024-11-12,NIFTY500,26326.02
5348,2024-11-13,NIFTY500,25995.86
5349,2024-11-14,NIFTY500,26279.61
5350,2024-11-15,NIFTY500,26037.24
5351,2024-11-18,NIFTY500,26501.05
5352,2024-11-19,NIFTY500,26330.86
5353,2024-11-20,NIFTY500,26488.04
5354,2024-11-21,NIFTY500,26944.27
5355,2024-11-22,NIFTY500,27020.38
5356,2024-11-25,NIFTY500,26957.63
5357,2024-11-26,NIFTY500,26979.24
5358,2024-11-27,NIFTY500,26787.95
5359,2024-11-28,NIFTY500,26327.15
5360,2024-11-29,NIFTY500,26479.58
5361,2024-12-02,NIFTY500,26024.02
5362,2024-12-03,NIFTY500,25725.11
5363,2024-12-04,NIFTY500,25751.46
5364,2024-12-05,NIFTY500,25615.27
5365,2024-12-06,NIFTY500,25739.62
5366,2024-12-09,NIFTY500,26118.64
5367,2024-12-10,NIFTY500,26073.19
5368,2024-12-11,NIFTY500,25947.15
5369,2024-12-12,NIFTY500,26368.59
5370,2024-12-13,NIFTY500,26541.71
5371,2024-12-16,NIFTY500,26772.66
5372,2024-12-17,NIFTY500,26986.74
5373,2024-12-18,NIFTY500,26942.01
5374,2024-12-19,NIFTY500,26866.71
5375,2024-12-20,NIFTY500,26656.09
5376,2024-12-23,NIFTY500,26841.32
5377,2024-12-24,NIFTY500,26946.6
5378,2024-12-25,NIFTY500,27114.54
5379,2024-12-26,NIFTY500,26684.48
5380,2024-12-27,NIFTY500,26918.31
5381,2024-12-30,NIFTY500,26823.28
5382,2024-12-31,NIFTY500,26344.73
5383,2025-01-01,NIFTY500,26058.06
5384,2025-01-02,NIFTY500,25956.52
5385,2025-01-03,NIFTY500,25806.28
5386,2025-01-06,NIFTY500,25822.49
5387,2025-01-07,NIFTY500,25940.51
5388,2025-01-08,NIFTY500,25927.71
5389,2025-01-09,NIFTY500,25833.22
5390,2025-01-10,NIFTY500,25878.91
5391,2025-01-13,NIFTY500,25927.87
5392,2025-01-14,NIFTY500,26233.15
5393,2025-01-15,NIFTY500,26105.68
5394,2025-01-16,NIFTY500,26093.57
5395,2025-01-17,NIFTY500,26489.21
5396,2025-01-20,NIFTY500,26219.37
5397,2025-01-21,NIFTY500,26148.59
5398,2025-01-22,NIFTY500,25951.95
5399,2025-01-23,NIFTY500,25679.74
5400,2025-01-24,NIFTY500,25744.08
5401,2025-01-27,NIFTY500,26061.36
5402,2025-01-28,NIFTY500,26561.68
5403,2025-01-29,NIFTY500,26565.52
5404,2025-01-30,NIFTY500,26697.83
5405,2025-01-31,NIFTY500,26839.46
5406,2025-02-03,NIFTY500,26804.56
5407,2025-02-04,NIFTY500,27122.99
5408,2025-02-05,NIFTY500,27097.65
5409,2025-02-06,NIFTY500,27372.52
5410,2025-02-07,NIFTY500,27300.66
5411,2025-02-10,NIFTY500,27038.39
5412,2025-02-11,NIFTY500,26793.34
5413,2025-02-12,NIFTY500,26427.25
5414,2025-02-13,NIFTY500,26737.16
5415,2025-02-14,NIFTY500,27053.97
5416,2025-02-17,NIFTY500,26897.95
5417,2025-02-18,NIFTY500,26659.64
5418,2025-02-19,NIFTY500,26491.39
5419,2025-02-20,NIFTY500,26546.7
5420,2025-02-21,NIFTY500,26342.08
5421,2025-02-24,NIFTY500,26483.79
5422,2025-02-25,NIFTY500,26426.49
5423,2025-02-26,NIFTY500,26694.04
5424,2025-02-27,NIFTY500,26867.15
5425,2025-02-28,NIFTY500,26616.33
5426,2025-03-03,NIFTY500,26335.65
5427,2025-03-04,NIFTY500,26397.53
5428,2025-03-05,NIFTY500,26368.82
5429,2025-03-06,NIFTY500,26680.53
5430,2025-03-07,NIFTY500,26786.23
5431,2025-03-10,NIFTY500,26692.08
5432,2025-03-11,NIFTY500,27104.84
5433,2025-03-12,NIFTY500,27016.48
5434,2025-03-13,NIFTY500,26713.2
5435,2025-03-14,NIFTY500,26678.52
5436,2025-03-17,NIFTY500,26503.29
5437,2025-03-18,NIFTY500,26748.86
5438,2025-03-19,NIFTY500,26497.45
5439,2025-03-20,NIFTY500,26710.38
5440,2025-03-21,NIFTY500,26662.84
5441,2025-03-24,NIFTY500,26306.34
5442,2025-03-25,NIFTY500,26419.06
5443,2025-03-26,NIFTY500,26710.74
5444,2025-03-27,NIFTY500,26748.69
5445,2025-03-28,NIFTY500,26717.5
5446,2025-03-31,NIFTY500,27173.08
5447,2025-04-01,NIFTY500,27476.34
5448,2025-04-02,NIFTY500,27678.13
5449,2025-04-03,NIFTY500,27205.67
5450,2025-04-04,NIFTY500,27052.7
5451,2025-04-07,NIFTY500,27015.71
5452,2025-04-08,NIFTY500,27140.28
5453,2025-04-09,NIFTY500,27369.71
5454,2025-04-10,NIFTY500,27133.46
5455,2025-04-11,NIFTY500,27286.56
5456,2025-04-14,NIFTY500,27021.71
5457,2025-04-15,NIFTY500,27205.69
5458,2025-04-16,NIFTY500,26956.24
5459,2025-04-17,NIFTY500,27267.31
5460,2025-04-18,NIFTY500,27342.64
5461,2025-04-21,NIFTY500,27264.24
5462,2025-04-22,NIFTY500,27351.45
5463,2025-04-23,NIFTY500,27208.05
5464,2025-04-24,NIFTY500,27227.52
5465,2025-04-25,NIFTY500,27002.82
5466,2025-04-28,NIFTY500,27087.54
5467,2025-04-29,NIFTY500,27041.23
5468,2025-04-30,NIFTY500,27005.98
5469,2025-05-01,NIFTY500,27009.92
5470,2025-05-02,NIFTY500,26812.7
5471,2025-05-05,NIFTY500,27322.68
5472,2025-05-06,NIFTY500,27287.59
5473,2025-05-07,NIFTY500,27567.51
5474,2025-05-08,NIFTY500,27299.92
5475,2025-05-09,NIFTY500,26776.39
5476,2025-05-12,NIFTY500,26851.04
5477,2025-05-13,NIFTY500,27118.65
5478,2025-05-14,NIFTY500,27424.98
5479,2025-05-15,NIFTY500,27666.01
5480,2025-05-16,NIFTY500,27628.78
5481,2025-05-19,NIFTY500,27783.79
5482,2025-05-20,NIFTY500,27642.52
5483,2025-05-21,NIFTY500,27507.92
5484,2025-05-22,NIFTY500,27575.33
5485,2025-05-23,NIFTY500,27647.3
5486,2025-05-26,NIFTY500,27532.55
5487,2025-05-27,NIFTY500,27591.11
5488,2025-05-28,NIFTY500,27884.64
5489,2025-05-29,NIFTY500,27681.69
5490,2025-05-30,NIFTY500,27860.87
5491,2025-06-02,NIFTY500,27541.89
5492,2025-06-03,NIFTY500,27150.64
5493,2025-06-04,NIFTY500,27237.26
5494,2025-06-05,NIFTY500,27235.8
5495,2025-06-06,NIFTY500,27277.58
5496,2025-06-09,NIFTY500,27315.52
5497,2025-06-10,NIFTY500,27561.0
5498,2025-06-11,NIFTY500,27704.88
5499,2025-06-12,NIFTY500,27833.91
5500,2025-06-13,NIFTY500,28190.11
5501,2025-06-16,NIFTY500,28430.19
5502,2025-06-17,NIFTY500,28489.93
5503,2025-06-18,NIFTY500,28771.25
5504,2025-06-19,NIFTY500,28716.16
5505,2025-06-20,NIFTY500,28667.87
5506,2025-06-23,NIFTY500,29017.15
5507,2025-06-24,NIFTY500,28974.0
5508,2025-06-25,NIFTY500,29092.64
5509,2025-06-26,NIFTY500,29198.08
5510,2025-06-27,NIFTY500,29253.13
5511,2025-06-30,NIFTY500,29736.7
5512,2025-07-01,NIFTY500,29719.76
5513,2025-07-02,NIFTY500,30203.76
5514,2025-07-03,NIFTY500,29934.06
5515,2025-07-04,NIFTY500,29937.0
5516,2025-07-07,NIFTY500,29889.19
5517,2025-07-08,NIFTY500,30109.66
5518,2025-07-09,NIFTY500,29766.78
5519,2025-07-10,NIFTY500,29882.58
5520,2025-07-11,NIFTY500,30142.84
5521,2025-07-14,NIFTY500,30071.5
5522,2025-07-15,NIFTY500,29922.59
5523,2025-07-16,NIFTY500,29776.37
5524,2025-07-17,NIFTY500,29921.89
5525,2025-07-18,NIFTY500,29521.59
5526,2025-07-21,NIFTY500,29197.94
5527,2025-07-22,NIFTY500,29234.5
5528,2025-07-23,NIFTY500,29400.68
5529,2025-07-24,NIFTY500,29487.34
5530,2025-07-25,NIFTY500,29659.41
5531,2025-07-28,NIFTY500,29401.97
5532,2025-07-29,NIFTY500,28967.05
5533,2025-07-30,NIFTY500,29208.54
5534,2025-07-31,NIFTY500,28898.71
5535,2025-08-01,NIFTY500,29045.22
5536,2025-08-04,NIFTY500,28595.25
5537,2025-08-05,NIFTY500,28781.28
5538,2025-08-06,NIFTY500,28795.69
5539,2025-08-07,NIFTY500,29076.24
5540,2025-08-08,NIFTY500,29295.23
5541,2025-08-11,NIFTY500,29221.28
5542,2025-08-12,NIFTY500,29095.57
5543,2025-08-13,NIFTY500,29191.85
5544,2025-08-14,NIFTY500,29078.0
5545,2025-08-15,NIFTY500,28264.29
5546,2025-08-18,NIFTY500,28208.95
5547,2025-08-19,NIFTY500,28010.11
5548,2025-08-20,NIFTY500,27892.58
5549,2025-08-21,NIFTY500,27980.22
5550,2025-08-22,NIFTY500,28302.75
5551,2025-08-25,NIFTY500,28780.02
5552,2025-08-26,NIFTY500,28919.48
5553,2025-08-27,NIFTY500,28782.96
5554,2025-08-28,NIFTY500,29045.06
5555,2025-08-29,NIFTY500,28675.37
5556,2025-09-01,NIFTY500,28515.93
5557,2025-09-02,NIFTY500,28472.92
5558,2025-09-03,NIFTY500,28007.99
5559,2025-09-04,NIFTY500,28083.53
5560,2025-09-05,NIFTY500,27895.02
5561,2025-09-08,NIFTY500,27969.82
5562,2025-09-09,NIFTY500,27918.76
5563,2025-09-10,NIFTY500,27726.67
5564,2025-09-11,NIFTY500,27497.61
5565,2025-09-12,NIFTY500,27500.06
5566,2025-09-15,NIFTY500,27690.7
5567,2025-09-16,NIFTY500,27875.06
5568,2025-09-17,NIFTY500,27961.73
5569,2025-09-18,NIFTY500,28117.79
5570,2025-09-19,NIFTY500,28150.75
5571,2025-09-22,NIFTY500,28002.35
5572,2025-09-23,NIFTY500,28365.97
5573,2025-09-24,NIFTY500,28217.1
5574,2025-09-25,NIFTY500,28626.77
5575,2025-09-26,NIFTY500,28802.72
5576,2025-09-29,NIFTY500,28753.36
5577,2025-09-30,NIFTY500,28444.08
5578,2025-10-01,NIFTY500,28543.42
5579,2025-10-02,NIFTY500,28546.17
5580,2025-10-03,NIFTY500,28868.18
5581,2025-10-06,NIFTY500,28619.76
5582,2025-10-07,NIFTY500,28902.69
5583,2025-10-08,NIFTY500,29296.19
5584,2025-10-09,NIFTY500,29125.95
5585,2025-10-10,NIFTY500,29331.25
5586,2025-10-13,NIFTY500,29711.93
5587,2025-10-14,NIFTY500,30086.24
5588,2025-10-15,NIFTY500,30382.49
5589,2025-10-16,NIFTY500,30862.74
5590,2025-10-17,NIFTY500,30896.85
5591,2025-10-20,NIFTY500,30900.56
5592,2025-10-21,NIFTY500,31347.36
5593,2025-10-22,NIFTY500,30717.62
5594,2025-10-23,NIFTY500,30656.38
5595,2025-10-24,NIFTY500,30452.17
5596,2025-10-27,NIFTY500,30479.11
5597,2025-10-28,NIFTY500,30607.19
5598,2025-10-29,NIFTY500,30781.96
5599,2025-10-30,NIFTY500,30819.15
5600,2025-10-31,NIFTY500,30881.97
5601,2025-11-03,NIFTY500,31163.15
5602,2025-11-04,NIFTY500,31022.5
5603,2025-11-05,NIFTY500,30944.33
5604,2025-11-06,NIFTY500,30711.38
5605,2025-11-07,NIFTY500,30723.73
5606,2025-11-10,NIFTY500,30303.1
5607,2025-11-11,NIFTY500,30668.24
5608,2025-11-12,NIFTY500,30900.17
5609,2025-11-13,NIFTY500,30649.55
5610,2025-11-14,NIFTY500,31001.26
5611,2025-11-17,NIFTY500,30944.57
5612,2025-11-18,NIFTY500,30769.7
5613,2025-11-19,NIFTY500,30887.19
5614,2025-11-20,NIFTY500,30456.38
5615,2025-11-21,NIFTY500,30379.16
5616,2025-11-24,NIFTY500,30494.98
5617,2025-11-25,NIFTY500,30994.15
5618,2025-11-26,NIFTY500,30664.05
5619,2025-11-27,NIFTY500,30358.88
5620,2025-11-28,NIFTY500,30310.29
5621,2025-12-01,NIFTY500,30239.55
5622,2025-12-02,NIFTY500,30465.1
5623,2025-12-03,NIFTY500,30892.98
5624,2025-12-04,NIFTY500,31190.19
5625,2025-12-05,NIFTY500,31085.07
5626,2025-12-08,NIFTY500,31501.78
5627,2025-12-09,NIFTY500,31496.69
5628,2025-12-10,NIFTY500,31657.41
5629,2025-12-11,NIFTY500,31791.03
5630,2025-12-12,NIFTY500,31933.17
5631,2025-12-15,NIFTY500,32196.83
5632,2025-12-16,NIFTY500,32443.13
5633,2025-12-17,NIFTY500,32668.27
5634,2025-12-18,NIFTY500,32534.25
5635,2025-12-19,NIFTY500,32302.55
5636,2025-12-22,NIFTY500,32532.07
5637,2025-12-23,NIFTY500,32645.1
5638,2025-12-24,NIFTY500,32916.02
5639,2025-12-25,NIFTY500,32798.95
5640,2025-12-26,NIFTY500,33031.2
5641,2025-12-29,NIFTY500,32959.96
5642,2025-12-30,NIFTY500,32870.98
5643,2025-12-31,NIFTY500,33230.1
5644,2026-01-01,NIFTY500,33571.28
5645,2026-01-02,NIFTY500,33653.42
5646,2026-01-05,NIFTY500,33568.07
5647,2026-01-06,NIFTY500,33560.81
5648,2026-01-07,NIFTY500,33621.87
5649,2026-01-08,NIFTY500,33524.45
5650,2026-01-09,NIFTY500,33637.11
5651,2026-01-12,NIFTY500,33504.72
5652,2026-01-13,NIFTY500,33984.43
5653,2026-01-14,NIFTY500,33412.5
5654,2026-01-15,NIFTY500,33243.44
5655,2026-01-16,NIFTY500,33488.11
5656,2026-01-19,NIFTY500,33974.62
5657,2026-01-20,NIFTY500,33813.26
5658,2026-01-21,NIFTY500,33762.06
5659,2026-01-22,NIFTY500,33916.67
5660,2026-01-23,NIFTY500,34083.98
5661,2026-01-26,NIFTY500,34142.45
5662,2026-01-27,NIFTY500,34396.06
5663,2026-01-28,NIFTY500,34503.72
5664,2026-01-29,NIFTY500,34617.89
5665,2026-01-30,NIFTY500,35118.14
5666,2026-02-02,NIFTY500,35084.87
5667,2026-02-03,NIFTY500,35028.32
5668,2026-02-04,NIFTY500,34952.53
5669,2026-02-05,NIFTY500,34789.12
5670,2026-02-06,NIFTY500,34771.71
5671,2026-02-09,NIFTY500,34601.37
5672,2026-02-10,NIFTY500,34760.46
5673,2026-02-11,NIFTY500,34924.42
5674,2026-02-12,NIFTY500,35017.03
5675,2026-02-13,NIFTY500,35158.47
5676,2026-02-16,NIFTY500,35429.45
5677,2026-02-17,NIFTY500,35128.61
5678,2026-02-18,NIFTY500,35231.41
5679,2026-02-19,NIFTY500,35752.53
5680,2026-02-20,NIFTY500,35603.65
5681,2026-02-23,NIFTY500,36418.15
5682,2026-02-24,NIFTY500,36339.84
5683,2026-02-25,NIFTY500,36438.27
5684,2026-02-26,NIFTY500,36551.17
5685,2026-02-27,NIFTY500,36111.37
5686,2026-03-02,NIFTY500,35876.16
5687,2026-03-03,NIFTY500,36104.36
5688,2026-03-04,NIFTY500,36049.18
5689,2026-03-05,NIFTY500,35792.23
5690,2026-03-06,NIFTY500,36196.72
5691,2026-03-09,NIFTY500,36314.15
5692,2026-03-10,NIFTY500,36287.63
5693,2026-03-11,NIFTY500,37045.24
5694,2026-03-12,NIFTY500,36739.01
5695,2026-03-13,NIFTY500,36424.66
5696,2026-03-16,NIFTY500,36315.8
5697,2026-03-17,NIFTY500,36424.03
5698,2026-03-18,NIFTY500,36588.4
5699,2026-03-19,NIFTY500,36373.23
5700,2026-03-20,NIFTY500,35947.96
5701,2026-03-23,NIFTY500,36152.24
5702,2026-03-24,NIFTY500,36030.26
5703,2026-03-25,NIFTY500,36051.39
5704,2026-03-26,NIFTY500,36097.46
5705,2026-03-27,NIFTY500,36421.99
5706,2026-03-30,NIFTY500,36276.4
5707,2026-03-31,NIFTY500,36807.25
5708,2026-04-01,NIFTY500,36778.65
5709,2026-04-02,NIFTY500,36364.63
5710,2026-04-03,NIFTY500,36061.37
5711,2026-04-06,NIFTY500,35746.47
5712,2026-04-07,NIFTY500,35535.93
5713,2026-04-08,NIFTY500,35635.3
5714,2026-04-09,NIFTY500,35971.46
5715,2026-04-10,NIFTY500,35291.81
5716,2026-04-13,NIFTY500,35589.83
5717,2026-04-14,NIFTY500,36054.78
5718,2026-04-15,NIFTY500,36731.91
5719,2026-04-16,NIFTY500,36887.15
5720,2026-04-17,NIFTY500,36331.91
5721,2026-04-20,NIFTY500,35922.39
5722,2026-04-21,NIFTY500,36224.88
5723,2026-04-22,NIFTY500,36273.42
5724,2026-04-23,NIFTY500,36091.04
5725,2026-04-24,NIFTY500,35637.61
5726,2026-04-27,NIFTY500,35319.08
5727,2026-04-28,NIFTY500,35501.26
5728,2026-04-29,NIFTY500,35669.99
5729,2026-04-30,NIFTY500,35993.84
5730,2026-05-01,NIFTY500,36434.05
5731,2026-05-04,NIFTY500,36171.78
5732,2026-05-05,NIFTY500,36486.19
5733,2026-05-06,NIFTY500,36266.94
5734,2026-05-07,NIFTY500,36245.67
5735,2026-05-08,NIFTY500,36030.83
5736,2026-05-11,NIFTY500,36295.09
5737,2026-05-12,NIFTY500,36128.67
5738,2026-05-13,NIFTY500,36354.36
5739,2026-05-14,NIFTY500,36527.04
5740,2026-05-15,NIFTY500,36914.79
5741,2026-05-18,NIFTY500,37124.71
5742,2026-05-19,NIFTY500,37761.23
5743,2026-05-20,NIFTY500,37567.22
5744,2026-05-21,NIFTY500,37851.06
5745,2026-05-22,NIFTY500,38004.83
5746,2026-05-25,NIFTY500,37772.25
5747,2026-05-26,NIFTY500,38111.96
5748,2026-05-27,NIFTY500,38418.87
5749,2026-05-28,NIFTY500,38220.66
5750,2026-05-29,NIFTY500,37680.76
5751,2022-01-03,CRISIL_LIQUID,2281.51
5752,2022-01-04,CRISIL_LIQUID,2281.61
5753,2022-01-05,CRISIL_LIQUID,2282.31
5754,2022-01-06,CRISIL_LIQUID,2282.91
5755,2022-01-07,CRISIL_LIQUID,2284.78
5756,2022-01-10,CRISIL_LIQUID,2284.84
5757,2022-01-11,CRISIL_LIQUID,2285.86
5758,2022-01-12,CRISIL_LIQUID,2285.47
5759,2022-01-13,CRISIL_LIQUID,2285.36
5760,2022-01-14,CRISIL_LIQUID,2285.63
5761,2022-01-17,CRISIL_LIQUID,2285.61
5762,2022-01-18,CRISIL_LIQUID,2286.51
5763,2022-01-19,CRISIL_LIQUID,2287.08
5764,2022-01-20,CRISIL_LIQUID,2288.27
5765,2022-01-21,CRISIL_LIQUID,2288.12
5766,2022-01-24,CRISIL_LIQUID,2288.84
5767,2022-01-25,CRISIL_LIQUID,2288.89
5768,2022-01-26,CRISIL_LIQUID,2290.4
5769,2022-01-27,CRISIL_LIQUID,2290.25
5770,2022-01-28,CRISIL_LIQUID,2289.57
5771,2022-01-31,CRISIL_LIQUID,2289.74
5772,2022-02-01,CRISIL_LIQUID,2289.52
5773,2022-02-02,CRISIL_LIQUID,2290.22
5774,2022-02-03,CRISIL_LIQUID,2291.23
5775,2022-02-04,CRISIL_LIQUID,2292.34
5776,2022-02-07,CRISIL_LIQUID,2291.39
5777,2022-02-08,CRISIL_LIQUID,2292.51
5778,2022-02-09,CRISIL_LIQUID,2293.26
5779,2022-02-10,CRISIL_LIQUID,2294.36
5780,2022-02-11,CRISIL_LIQUID,2295.59
5781,2022-02-14,CRISIL_LIQUID,2295.73
5782,2022-02-15,CRISIL_LIQUID,2295.67
5783,2022-02-16,CRISIL_LIQUID,2296.5
5784,2022-02-17,CRISIL_LIQUID,2297.79
5785,2022-02-18,CRISIL_LIQUID,2297.48
5786,2022-02-21,CRISIL_LIQUID,2298.12
5787,2022-02-22,CRISIL_LIQUID,2298.33
5788,2022-02-23,CRISIL_LIQUID,2298.55
5789,2022-02-24,CRISIL_LIQUID,2298.86
5790,2022-02-25,CRISIL_LIQUID,2299.93
5791,2022-02-28,CRISIL_LIQUID,2300.94
5792,2022-03-01,CRISIL_LIQUID,2300.89
5793,2022-03-02,CRISIL_LIQUID,2300.49
5794,2022-03-03,CRISIL_LIQUID,2301.86
5795,2022-03-04,CRISIL_LIQUID,2303.04
5796,2022-03-07,CRISIL_LIQUID,2304.53
5797,2022-03-08,CRISIL_LIQUID,2305.52
5798,2022-03-09,CRISIL_LIQUID,2307.08
5799,2022-03-10,CRISIL_LIQUID,2306.0
5800,2022-03-11,CRISIL_LIQUID,2306.51
5801,2022-03-14,CRISIL_LIQUID,2306.6
5802,2022-03-15,CRISIL_LIQUID,2308.64
5803,2022-03-16,CRISIL_LIQUID,2308.36
5804,2022-03-17,CRISIL_LIQUID,2307.98
5805,2022-03-18,CRISIL_LIQUID,2308.12
5806,2022-03-21,CRISIL_LIQUID,2308.33
5807,2022-03-22,CRISIL_LIQUID,2308.65
5808,2022-03-23,CRISIL_LIQUID,2309.91
5809,2022-03-24,CRISIL_LIQUID,2311.58
5810,2022-03-25,CRISIL_LIQUID,2312.88
5811,2022-03-28,CRISIL_LIQUID,2315.29
5812,2022-03-29,CRISIL_LIQUID,2316.82
5813,2022-03-30,CRISIL_LIQUID,2316.96
5814,2022-03-31,CRISIL_LIQUID,2317.47
5815,2022-04-01,CRISIL_LIQUID,2318.65
5816,2022-04-04,CRISIL_LIQUID,2318.4
5817,2022-04-05,CRISIL_LIQUID,2318.77
5818,2022-04-06,CRISIL_LIQUID,2319.84
5819,2022-04-07,CRISIL_LIQUID,2321.84
5820,2022-04-08,CRISIL_LIQUID,2322.46
5821,2022-04-11,CRISIL_LIQUID,2323.2
5822,2022-04-12,CRISIL_LIQUID,2324.18
5823,2022-04-13,CRISIL_LIQUID,2323.51
5824,2022-04-14,CRISIL_LIQUID,2323.85
5825,2022-04-15,CRISIL_LIQUID,2323.82
5826,2022-04-18,CRISIL_LIQUID,2324.99
5827,2022-04-19,CRISIL_LIQUID,2325.27
5828,2022-04-20,CRISIL_LIQUID,2326.76
5829,2022-04-21,CRISIL_LIQUID,2327.68
5830,2022-04-22,CRISIL_LIQUID,2328.16
5831,2022-04-25,CRISIL_LIQUID,2328.35
5832,2022-04-26,CRISIL_LIQUID,2328.43
5833,2022-04-27,CRISIL_LIQUID,2330.21
5834,2022-04-28,CRISIL_LIQUID,2329.32
5835,2022-04-29,CRISIL_LIQUID,2329.86
5836,2022-05-02,CRISIL_LIQUID,2330.52
5837,2022-05-03,CRISIL_LIQUID,2329.47
5838,2022-05-04,CRISIL_LIQUID,2331.03
5839,2022-05-05,CRISIL_LIQUID,2331.78
5840,2022-05-06,CRISIL_LIQUID,2332.92
5841,2022-05-09,CRISIL_LIQUID,2334.07
5842,2022-05-10,CRISIL_LIQUID,2335.34
5843,2022-05-11,CRISIL_LIQUID,2336.54
5844,2022-05-12,CRISIL_LIQUID,2337.74
5845,2022-05-13,CRISIL_LIQUID,2338.63
5846,2022-05-16,CRISIL_LIQUID,2339.96
5847,2022-05-17,CRISIL_LIQUID,2342.58
5848,2022-05-18,CRISIL_LIQUID,2342.55
5849,2022-05-19,CRISIL_LIQUID,2343.53
5850,2022-05-20,CRISIL_LIQUID,2344.76
5851,2022-05-23,CRISIL_LIQUID,2344.23
5852,2022-05-24,CRISIL_LIQUID,2346.23
5853,2022-05-25,CRISIL_LIQUID,2347.32
5854,2022-05-26,CRISIL_LIQUID,2348.15
5855,2022-05-27,CRISIL_LIQUID,2348.49
5856,2022-05-30,CRISIL_LIQUID,2349.72
5857,2022-05-31,CRISIL_LIQUID,2349.5
5858,2022-06-01,CRISIL_LIQUID,2351.39
5859,2022-06-02,CRISIL_LIQUID,2352.77
5860,2022-06-03,CRISIL_LIQUID,2353.29
5861,2022-06-06,CRISIL_LIQUID,2354.96
5862,2022-06-07,CRISIL_LIQUID,2354.28
5863,2022-06-08,CRISIL_LIQUID,2354.14
5864,2022-06-09,CRISIL_LIQUID,2354.79
5865,2022-06-10,CRISIL_LIQUID,2355.48
5866,2022-06-13,CRISIL_LIQUID,2356.42
5867,2022-06-14,CRISIL_LIQUID,2357.19
5868,2022-06-15,CRISIL_LIQUID,2358.73
5869,2022-06-16,CRISIL_LIQUID,2358.25
5870,2022-06-17,CRISIL_LIQUID,2357.44
5871,2022-06-20,CRISIL_LIQUID,2357.02
5872,2022-06-21,CRISIL_LIQUID,2356.67
5873,2022-06-22,CRISIL_LIQUID,2357.31
5874,2022-06-23,CRISIL_LIQUID,2357.82
5875,2022-06-24,CRISIL_LIQUID,2358.68
5876,2022-06-27,CRISIL_LIQUID,2359.57
5877,2022-06-28,CRISIL_LIQUID,2360.39
5878,2022-06-29,CRISIL_LIQUID,2359.88
5879,2022-06-30,CRISIL_LIQUID,2360.34
5880,2022-07-01,CRISIL_LIQUID,2360.59
5881,2022-07-04,CRISIL_LIQUID,2362.13
5882,2022-07-05,CRISIL_LIQUID,2363.02
5883,2022-07-06,CRISIL_LIQUID,2365.04
5884,2022-07-07,CRISIL_LIQUID,2364.93
5885,2022-07-08,CRISIL_LIQUID,2365.34
5886,2022-07-11,CRISIL_LIQUID,2366.66
5887,2022-07-12,CRISIL_LIQUID,2366.92
5888,2022-07-13,CRISIL_LIQUID,2367.84
5889,2022-07-14,CRISIL_LIQUID,2368.02
5890,2022-07-15,CRISIL_LIQUID,2369.53
5891,2022-07-18,CRISIL_LIQUID,2369.11
5892,2022-07-19,CRISIL_LIQUID,2371.18
5893,2022-07-20,CRISIL_LIQUID,2372.39
5894,2022-07-21,CRISIL_LIQUID,2373.4
5895,2022-07-22,CRISIL_LIQUID,2374.34
5896,2022-07-25,CRISIL_LIQUID,2374.45
5897,2022-07-26,CRISIL_LIQUID,2375.62
5898,2022-07-27,CRISIL_LIQUID,2375.88
5899,2022-07-28,CRISIL_LIQUID,2374.94
5900,2022-07-29,CRISIL_LIQUID,2375.65
5901,2022-08-01,CRISIL_LIQUID,2375.74
5902,2022-08-02,CRISIL_LIQUID,2376.49
5903,2022-08-03,CRISIL_LIQUID,2377.12
5904,2022-08-04,CRISIL_LIQUID,2376.7
5905,2022-08-05,CRISIL_LIQUID,2378.54
5906,2022-08-08,CRISIL_LIQUID,2378.68
5907,2022-08-09,CRISIL_LIQUID,2380.12
5908,2022-08-10,CRISIL_LIQUID,2380.23
5909,2022-08-11,CRISIL_LIQUID,2380.88
5910,2022-08-12,CRISIL_LIQUID,2381.73
5911,2022-08-15,CRISIL_LIQUID,2380.85
5912,2022-08-16,CRISIL_LIQUID,2381.02
5913,2022-08-17,CRISIL_LIQUID,2381.86
5914,2022-08-18,CRISIL_LIQUID,2382.54
5915,2022-08-19,CRISIL_LIQUID,2383.21
5916,2022-08-22,CRISIL_LIQUID,2384.53
5917,2022-08-23,CRISIL_LIQUID,2384.56
5918,2022-08-24,CRISIL_LIQUID,2385.25
5919,2022-08-25,CRISIL_LIQUID,2384.86
5920,2022-08-26,CRISIL_LIQUID,2385.12
5921,2022-08-29,CRISIL_LIQUID,2386.68
5922,2022-08-30,CRISIL_LIQUID,2387.32
5923,2022-08-31,CRISIL_LIQUID,2387.6
5924,2022-09-01,CRISIL_LIQUID,2387.62
5925,2022-09-02,CRISIL_LIQUID,2387.22
5926,2022-09-05,CRISIL_LIQUID,2388.56
5927,2022-09-06,CRISIL_LIQUID,2390.79
5928,2022-09-07,CRISIL_LIQUID,2391.1
5929,2022-09-08,CRISIL_LIQUID,2390.36
5930,2022-09-09,CRISIL_LIQUID,2392.14
5931,2022-09-12,CRISIL_LIQUID,2392.09
5932,2022-09-13,CRISIL_LIQUID,2393.0
5933,2022-09-14,CRISIL_LIQUID,2394.02
5934,2022-09-15,CRISIL_LIQUID,2395.49
5935,2022-09-16,CRISIL_LIQUID,2395.93
5936,2022-09-19,CRISIL_LIQUID,2396.9
5937,2022-09-20,CRISIL_LIQUID,2397.28
5938,2022-09-21,CRISIL_LIQUID,2396.39
5939,2022-09-22,CRISIL_LIQUID,2396.7
5940,2022-09-23,CRISIL_LIQUID,2397.6
5941,2022-09-26,CRISIL_LIQUID,2397.46
5942,2022-09-27,CRISIL_LIQUID,2398.15
5943,2022-09-28,CRISIL_LIQUID,2398.97
5944,2022-09-29,CRISIL_LIQUID,2400.61
5945,2022-09-30,CRISIL_LIQUID,2400.53
5946,2022-10-03,CRISIL_LIQUID,2401.33
5947,2022-10-04,CRISIL_LIQUID,2401.12
5948,2022-10-05,CRISIL_LIQUID,2400.09
5949,2022-10-06,CRISIL_LIQUID,2400.35
5950,2022-10-07,CRISIL_LIQUID,2400.56
5951,2022-10-10,CRISIL_LIQUID,2401.43
5952,2022-10-11,CRISIL_LIQUID,2402.93
5953,2022-10-12,CRISIL_LIQUID,2403.63
5954,2022-10-13,CRISIL_LIQUID,2403.76
5955,2022-10-14,CRISIL_LIQUID,2403.76
5956,2022-10-17,CRISIL_LIQUID,2405.26
5957,2022-10-18,CRISIL_LIQUID,2406.4
5958,2022-10-19,CRISIL_LIQUID,2406.36
5959,2022-10-20,CRISIL_LIQUID,2405.94
5960,2022-10-21,CRISIL_LIQUID,2405.89
5961,2022-10-24,CRISIL_LIQUID,2407.26
5962,2022-10-25,CRISIL_LIQUID,2407.17
5963,2022-10-26,CRISIL_LIQUID,2408.14
5964,2022-10-27,CRISIL_LIQUID,2410.04
5965,2022-10-28,CRISIL_LIQUID,2410.06
5966,2022-10-31,CRISIL_LIQUID,2410.39
5967,2022-11-01,CRISIL_LIQUID,2410.99
5968,2022-11-02,CRISIL_LIQUID,2410.4
5969,2022-11-03,CRISIL_LIQUID,2410.48
5970,2022-11-04,CRISIL_LIQUID,2411.24
5971,2022-11-07,CRISIL_LIQUID,2411.12
5972,2022-11-08,CRISIL_LIQUID,2413.36
5973,2022-11-09,CRISIL_LIQUID,2413.61
5974,2022-11-10,CRISIL_LIQUID,2414.1
5975,2022-11-11,CRISIL_LIQUID,2414.29
5976,2022-11-14,CRISIL_LIQUID,2414.72
5977,2022-11-15,CRISIL_LIQUID,2414.8
5978,2022-11-16,CRISIL_LIQUID,2413.84
5979,2022-11-17,CRISIL_LIQUID,2414.19
5980,2022-11-18,CRISIL_LIQUID,2416.19
5981,2022-11-21,CRISIL_LIQUID,2418.05
5982,2022-11-22,CRISIL_LIQUID,2417.87
5983,2022-11-23,CRISIL_LIQUID,2417.28
5984,2022-11-24,CRISIL_LIQUID,2416.34
5985,2022-11-25,CRISIL_LIQUID,2416.22
5986,2022-11-28,CRISIL_LIQUID,2416.42
5987,2022-11-29,CRISIL_LIQUID,2417.35
5988,2022-11-30,CRISIL_LIQUID,2417.66
5989,2022-12-01,CRISIL_LIQUID,2418.95
5990,2022-12-02,CRISIL_LIQUID,2420.03
5991,2022-12-05,CRISIL_LIQUID,2420.92
5992,2022-12-06,CRISIL_LIQUID,2421.45
5993,2022-12-07,CRISIL_LIQUID,2422.83
5994,2022-12-08,CRISIL_LIQUID,2423.94
5995,2022-12-09,CRISIL_LIQUID,2423.45
5996,2022-12-12,CRISIL_LIQUID,2424.48
5997,2022-12-13,CRISIL_LIQUID,2424.66
5998,2022-12-14,CRISIL_LIQUID,2425.99
5999,2022-12-15,CRISIL_LIQUID,2427.12
6000,2022-12-16,CRISIL_LIQUID,2429.06
6001,2022-12-19,CRISIL_LIQUID,2428.16
6002,2022-12-20,CRISIL_LIQUID,2429.02
6003,2022-12-21,CRISIL_LIQUID,2429.15
6004,2022-12-22,CRISIL_LIQUID,2431.41
6005,2022-12-23,CRISIL_LIQUID,2429.71
6006,2022-12-26,CRISIL_LIQUID,2430.67
6007,2022-12-27,CRISIL_LIQUID,2431.73
6008,2022-12-28,CRISIL_LIQUID,2430.72
6009,2022-12-29,CRISIL_LIQUID,2431.74
6010,2022-12-30,CRISIL_LIQUID,2430.82
6011,2023-01-02,CRISIL_LIQUID,2430.9
6012,2023-01-03,CRISIL_LIQUID,2431.84
6013,2023-01-04,CRISIL_LIQUID,2431.71
6014,2023-01-05,CRISIL_LIQUID,2432.4
6015,2023-01-06,CRISIL_LIQUID,2433.02
6016,2023-01-09,CRISIL_LIQUID,2434.06
6017,2023-01-10,CRISIL_LIQUID,2433.87
6018,2023-01-11,CRISIL_LIQUID,2435.21
6019,2023-01-12,CRISIL_LIQUID,2433.62
6020,2023-01-13,CRISIL_LIQUID,2435.41
6021,2023-01-16,CRISIL_LIQUID,2435.84
6022,2023-01-17,CRISIL_LIQUID,2436.35
6023,2023-01-18,CRISIL_LIQUID,2437.22
6024,2023-01-19,CRISIL_LIQUID,2437.99
6025,2023-01-20,CRISIL_LIQUID,2438.62
6026,2023-01-23,CRISIL_LIQUID,2440.21
6027,2023-01-24,CRISIL_LIQUID,2439.66
6028,2023-01-25,CRISIL_LIQUID,2439.56
6029,2023-01-26,CRISIL_LIQUID,2440.52
6030,2023-01-27,CRISIL_LIQUID,2440.87
6031,2023-01-30,CRISIL_LIQUID,2442.49
6032,2023-01-31,CRISIL_LIQUID,2444.84
6033,2023-02-01,CRISIL_LIQUID,2445.48
6034,2023-02-02,CRISIL_LIQUID,2444.78
6035,2023-02-03,CRISIL_LIQUID,2444.74
6036,2023-02-06,CRISIL_LIQUID,2443.8
6037,2023-02-07,CRISIL_LIQUID,2444.9
6038,2023-02-08,CRISIL_LIQUID,2444.8
6039,2023-02-09,CRISIL_LIQUID,2445.31
6040,2023-02-10,CRISIL_LIQUID,2445.72
6041,2023-02-13,CRISIL_LIQUID,2447.22
6042,2023-02-14,CRISIL_LIQUID,2447.9
6043,2023-02-15,CRISIL_LIQUID,2448.32
6044,2023-02-16,CRISIL_LIQUID,2448.24
6045,2023-02-17,CRISIL_LIQUID,2449.34
6046,2023-02-20,CRISIL_LIQUID,2449.12
6047,2023-02-21,CRISIL_LIQUID,2448.78
6048,2023-02-22,CRISIL_LIQUID,2448.96
6049,2023-02-23,CRISIL_LIQUID,2451.2
6050,2023-02-24,CRISIL_LIQUID,2451.75
6051,2023-02-27,CRISIL_LIQUID,2452.35
6052,2023-02-28,CRISIL_LIQUID,2453.23
6053,2023-03-01,CRISIL_LIQUID,2454.04
6054,2023-03-02,CRISIL_LIQUID,2454.5
6055,2023-03-03,CRISIL_LIQUID,2454.39
6056,2023-03-06,CRISIL_LIQUID,2454.68
6057,2023-03-07,CRISIL_LIQUID,2455.16
6058,2023-03-08,CRISIL_LIQUID,2454.69
6059,2023-03-09,CRISIL_LIQUID,2455.16
6060,2023-03-10,CRISIL_LIQUID,2455.94
6061,2023-03-13,CRISIL_LIQUID,2456.16
6062,2023-03-14,CRISIL_LIQUID,2457.76
6063,2023-03-15,CRISIL_LIQUID,2458.6
6064,2023-03-16,CRISIL_LIQUID,2458.65
6065,2023-03-17,CRISIL_LIQUID,2458.96
6066,2023-03-20,CRISIL_LIQUID,2460.55
6067,2023-03-21,CRISIL_LIQUID,2460.7
6068,2023-03-22,CRISIL_LIQUID,2460.72
6069,2023-03-23,CRISIL_LIQUID,2460.7
6070,2023-03-24,CRISIL_LIQUID,2461.39
6071,2023-03-27,CRISIL_LIQUID,2462.19
6072,2023-03-28,CRISIL_LIQUID,2463.36
6073,2023-03-29,CRISIL_LIQUID,2463.43
6074,2023-03-30,CRISIL_LIQUID,2465.24
6075,2023-03-31,CRISIL_LIQUID,2466.27
6076,2023-04-03,CRISIL_LIQUID,2466.59
6077,2023-04-04,CRISIL_LIQUID,2467.87
6078,2023-04-05,CRISIL_LIQUID,2469.98
6079,2023-04-06,CRISIL_LIQUID,2471.0
6080,2023-04-07,CRISIL_LIQUID,2473.01
6081,2023-04-10,CRISIL_LIQUID,2472.86
6082,2023-04-11,CRISIL_LIQUID,2471.99
6083,2023-04-12,CRISIL_LIQUID,2473.05
6084,2023-04-13,CRISIL_LIQUID,2474.57
6085,2023-04-14,CRISIL_LIQUID,2474.17
6086,2023-04-17,CRISIL_LIQUID,2475.78
6087,2023-04-18,CRISIL_LIQUID,2476.08
6088,2023-04-19,CRISIL_LIQUID,2477.19
6089,2023-04-20,CRISIL_LIQUID,2478.04
6090,2023-04-21,CRISIL_LIQUID,2479.04
6091,2023-04-24,CRISIL_LIQUID,2480.12
6092,2023-04-25,CRISIL_LIQUID,2480.7
6093,2023-04-26,CRISIL_LIQUID,2481.0
6094,2023-04-27,CRISIL_LIQUID,2481.91
6095,2023-04-28,CRISIL_LIQUID,2482.33
6096,2023-05-01,CRISIL_LIQUID,2482.43
6097,2023-05-02,CRISIL_LIQUID,2483.32
6098,2023-05-03,CRISIL_LIQUID,2483.49
6099,2023-05-04,CRISIL_LIQUID,2483.98
6100,2023-05-05,CRISIL_LIQUID,2484.21
6101,2023-05-08,CRISIL_LIQUID,2486.07
6102,2023-05-09,CRISIL_LIQUID,2486.79
6103,2023-05-10,CRISIL_LIQUID,2486.19
6104,2023-05-11,CRISIL_LIQUID,2487.81
6105,2023-05-12,CRISIL_LIQUID,2487.03
6106,2023-05-15,CRISIL_LIQUID,2489.35
6107,2023-05-16,CRISIL_LIQUID,2490.02
6108,2023-05-17,CRISIL_LIQUID,2490.18
6109,2023-05-18,CRISIL_LIQUID,2490.53
6110,2023-05-19,CRISIL_LIQUID,2489.93
6111,2023-05-22,CRISIL_LIQUID,2490.49
6112,2023-05-23,CRISIL_LIQUID,2490.78
6113,2023-05-24,CRISIL_LIQUID,2491.37
6114,2023-05-25,CRISIL_LIQUID,2492.72
6115,2023-05-26,CRISIL_LIQUID,2493.6
6116,2023-05-29,CRISIL_LIQUID,2493.34
6117,2023-05-30,CRISIL_LIQUID,2493.2
6118,2023-05-31,CRISIL_LIQUID,2494.05
6119,2023-06-01,CRISIL_LIQUID,2495.07
6120,2023-06-02,CRISIL_LIQUID,2495.66
6121,2023-06-05,CRISIL_LIQUID,2496.74
6122,2023-06-06,CRISIL_LIQUID,2497.5
6123,2023-06-07,CRISIL_LIQUID,2498.28
6124,2023-06-08,CRISIL_LIQUID,2499.58
6125,2023-06-09,CRISIL_LIQUID,2501.74
6126,2023-06-12,CRISIL_LIQUID,2502.62
6127,2023-06-13,CRISIL_LIQUID,2505.7
6128,2023-06-14,CRISIL_LIQUID,2506.46
6129,2023-06-15,CRISIL_LIQUID,2507.21
6130,2023-06-16,CRISIL_LIQUID,2509.4
6131,2023-06-19,CRISIL_LIQUID,2509.92
6132,2023-06-20,CRISIL_LIQUID,2509.13
6133,2023-06-21,CRISIL_LIQUID,2508.91
6134,2023-06-22,CRISIL_LIQUID,2510.28
6135,2023-06-23,CRISIL_LIQUID,2511.31
6136,2023-06-26,CRISIL_LIQUID,2511.22
6137,2023-06-27,CRISIL_LIQUID,2510.32
6138,2023-06-28,CRISIL_LIQUID,2510.67
6139,2023-06-29,CRISIL_LIQUID,2512.26
6140,2023-06-30,CRISIL_LIQUID,2512.82
6141,2023-07-03,CRISIL_LIQUID,2513.19
6142,2023-07-04,CRISIL_LIQUID,2512.97
6143,2023-07-05,CRISIL_LIQUID,2513.36
6144,2023-07-06,CRISIL_LIQUID,2514.43
6145,2023-07-07,CRISIL_LIQUID,2514.93
6146,2023-07-10,CRISIL_LIQUID,2515.44
6147,2023-07-11,CRISIL_LIQUID,2516.98
6148,2023-07-12,CRISIL_LIQUID,2517.01
6149,2023-07-13,CRISIL_LIQUID,2518.03
6150,2023-07-14,CRISIL_LIQUID,2518.56
6151,2023-07-17,CRISIL_LIQUID,2520.51
6152,2023-07-18,CRISIL_LIQUID,2521.85
6153,2023-07-19,CRISIL_LIQUID,2523.56
6154,2023-07-20,CRISIL_LIQUID,2524.7
6155,2023-07-21,CRISIL_LIQUID,2524.96
6156,2023-07-24,CRISIL_LIQUID,2526.74
6157,2023-07-25,CRISIL_LIQUID,2527.68
6158,2023-07-26,CRISIL_LIQUID,2528.51
6159,2023-07-27,CRISIL_LIQUID,2528.53
6160,2023-07-28,CRISIL_LIQUID,2529.77
6161,2023-07-31,CRISIL_LIQUID,2530.08
6162,2023-08-01,CRISIL_LIQUID,2530.31
6163,2023-08-02,CRISIL_LIQUID,2531.21
6164,2023-08-03,CRISIL_LIQUID,2531.37
6165,2023-08-04,CRISIL_LIQUID,2531.41
6166,2023-08-07,CRISIL_LIQUID,2531.32
6167,2023-08-08,CRISIL_LIQUID,2532.79
6168,2023-08-09,CRISIL_LIQUID,2534.59
6169,2023-08-10,CRISIL_LIQUID,2536.77
6170,2023-08-11,CRISIL_LIQUID,2538.17
6171,2023-08-14,CRISIL_LIQUID,2536.98
6172,2023-08-15,CRISIL_LIQUID,2537.89
6173,2023-08-16,CRISIL_LIQUID,2538.34
6174,2023-08-17,CRISIL_LIQUID,2540.91
6175,2023-08-18,CRISIL_LIQUID,2541.88
6176,2023-08-21,CRISIL_LIQUID,2541.87
6177,2023-08-22,CRISIL_LIQUID,2541.95
6178,2023-08-23,CRISIL_LIQUID,2541.2
6179,2023-08-24,CRISIL_LIQUID,2541.8
6180,2023-08-25,CRISIL_LIQUID,2541.2
6181,2023-08-28,CRISIL_LIQUID,2540.24
6182,2023-08-29,CRISIL_LIQUID,2540.15
6183,2023-08-30,CRISIL_LIQUID,2539.99
6184,2023-08-31,CRISIL_LIQUID,2540.7
6185,2023-09-01,CRISIL_LIQUID,2541.66
6186,2023-09-04,CRISIL_LIQUID,2542.32
6187,2023-09-05,CRISIL_LIQUID,2542.89
6188,2023-09-06,CRISIL_LIQUID,2543.86
6189,2023-09-07,CRISIL_LIQUID,2545.44
6190,2023-09-08,CRISIL_LIQUID,2545.3
6191,2023-09-11,CRISIL_LIQUID,2546.22
6192,2023-09-12,CRISIL_LIQUID,2546.89
6193,2023-09-13,CRISIL_LIQUID,2547.88
6194,2023-09-14,CRISIL_LIQUID,2548.38
6195,2023-09-15,CRISIL_LIQUID,2548.33
6196,2023-09-18,CRISIL_LIQUID,2548.87
6197,2023-09-19,CRISIL_LIQUID,2548.94
6198,2023-09-20,CRISIL_LIQUID,2548.81
6199,2023-09-21,CRISIL_LIQUID,2550.42
6200,2023-09-22,CRISIL_LIQUID,2551.2
6201,2023-09-25,CRISIL_LIQUID,2550.27
6202,2023-09-26,CRISIL_LIQUID,2548.28
6203,2023-09-27,CRISIL_LIQUID,2548.81
6204,2023-09-28,CRISIL_LIQUID,2548.96
6205,2023-09-29,CRISIL_LIQUID,2549.64
6206,2023-10-02,CRISIL_LIQUID,2550.49
6207,2023-10-03,CRISIL_LIQUID,2551.14
6208,2023-10-04,CRISIL_LIQUID,2551.17
6209,2023-10-05,CRISIL_LIQUID,2552.61
6210,2023-10-06,CRISIL_LIQUID,2552.33
6211,2023-10-09,CRISIL_LIQUID,2553.97
6212,2023-10-10,CRISIL_LIQUID,2555.1
6213,2023-10-11,CRISIL_LIQUID,2555.23
6214,2023-10-12,CRISIL_LIQUID,2556.24
6215,2023-10-13,CRISIL_LIQUID,2556.61
6216,2023-10-16,CRISIL_LIQUID,2558.37
6217,2023-10-17,CRISIL_LIQUID,2558.52
6218,2023-10-18,CRISIL_LIQUID,2559.83
6219,2023-10-19,CRISIL_LIQUID,2559.47
6220,2023-10-20,CRISIL_LIQUID,2560.4
6221,2023-10-23,CRISIL_LIQUID,2561.3
6222,2023-10-24,CRISIL_LIQUID,2562.48
6223,2023-10-25,CRISIL_LIQUID,2563.54
6224,2023-10-26,CRISIL_LIQUID,2563.95
6225,2023-10-27,CRISIL_LIQUID,2563.05
6226,2023-10-30,CRISIL_LIQUID,2562.62
6227,2023-10-31,CRISIL_LIQUID,2561.62
6228,2023-11-01,CRISIL_LIQUID,2562.06
6229,2023-11-02,CRISIL_LIQUID,2563.64
6230,2023-11-03,CRISIL_LIQUID,2563.7
6231,2023-11-06,CRISIL_LIQUID,2564.04
6232,2023-11-07,CRISIL_LIQUID,2564.23
6233,2023-11-08,CRISIL_LIQUID,2565.09
6234,2023-11-09,CRISIL_LIQUID,2565.89
6235,2023-11-10,CRISIL_LIQUID,2566.21
6236,2023-11-13,CRISIL_LIQUID,2566.09
6237,2023-11-14,CRISIL_LIQUID,2567.26
6238,2023-11-15,CRISIL_LIQUID,2568.81
6239,2023-11-16,CRISIL_LIQUID,2570.12
6240,2023-11-17,CRISIL_LIQUID,2569.86
6241,2023-11-20,CRISIL_LIQUID,2568.68
6242,2023-11-21,CRISIL_LIQUID,2569.15
6243,2023-11-22,CRISIL_LIQUID,2570.92
6244,2023-11-23,CRISIL_LIQUID,2569.98
6245,2023-11-24,CRISIL_LIQUID,2570.31
6246,2023-11-27,CRISIL_LIQUID,2572.27
6247,2023-11-28,CRISIL_LIQUID,2573.73
6248,2023-11-29,CRISIL_LIQUID,2574.58
6249,2023-11-30,CRISIL_LIQUID,2574.28
6250,2023-12-01,CRISIL_LIQUID,2576.15
6251,2023-12-04,CRISIL_LIQUID,2576.67
6252,2023-12-05,CRISIL_LIQUID,2575.51
6253,2023-12-06,CRISIL_LIQUID,2577.34
6254,2023-12-07,CRISIL_LIQUID,2577.17
6255,2023-12-08,CRISIL_LIQUID,2580.42
6256,2023-12-11,CRISIL_LIQUID,2580.93
6257,2023-12-12,CRISIL_LIQUID,2581.94
6258,2023-12-13,CRISIL_LIQUID,2582.69
6259,2023-12-14,CRISIL_LIQUID,2583.14
6260,2023-12-15,CRISIL_LIQUID,2584.45
6261,2023-12-18,CRISIL_LIQUID,2585.28
6262,2023-12-19,CRISIL_LIQUID,2585.99
6263,2023-12-20,CRISIL_LIQUID,2585.82
6264,2023-12-21,CRISIL_LIQUID,2586.37
6265,2023-12-22,CRISIL_LIQUID,2586.08
6266,2023-12-25,CRISIL_LIQUID,2587.08
6267,2023-12-26,CRISIL_LIQUID,2588.02
6268,2023-12-27,CRISIL_LIQUID,2588.83
6269,2023-12-28,CRISIL_LIQUID,2590.51
6270,2023-12-29,CRISIL_LIQUID,2591.84
6271,2024-01-01,CRISIL_LIQUID,2594.21
6272,2024-01-02,CRISIL_LIQUID,2595.68
6273,2024-01-03,CRISIL_LIQUID,2596.48
6274,2024-01-04,CRISIL_LIQUID,2596.91
6275,2024-01-05,CRISIL_LIQUID,2596.42
6276,2024-01-08,CRISIL_LIQUID,2598.22
6277,2024-01-09,CRISIL_LIQUID,2599.35
6278,2024-01-10,CRISIL_LIQUID,2599.65
6279,2024-01-11,CRISIL_LIQUID,2600.58
6280,2024-01-12,CRISIL_LIQUID,2601.36
6281,2024-01-15,CRISIL_LIQUID,2601.96
6282,2024-01-16,CRISIL_LIQUID,2603.39
6283,2024-01-17,CRISIL_LIQUID,2602.79
6284,2024-01-18,CRISIL_LIQUID,2604.16
6285,2024-01-19,CRISIL_LIQUID,2605.91
6286,2024-01-22,CRISIL_LIQUID,2605.67
6287,2024-01-23,CRISIL_LIQUID,2604.74
6288,2024-01-24,CRISIL_LIQUID,2605.79
6289,2024-01-25,CRISIL_LIQUID,2607.26
6290,2024-01-26,CRISIL_LIQUID,2607.21
6291,2024-01-29,CRISIL_LIQUID,2606.73
6292,2024-01-30,CRISIL_LIQUID,2605.86
6293,2024-01-31,CRISIL_LIQUID,2607.42
6294,2024-02-01,CRISIL_LIQUID,2608.01
6295,2024-02-02,CRISIL_LIQUID,2609.75
6296,2024-02-05,CRISIL_LIQUID,2608.14
6297,2024-02-06,CRISIL_LIQUID,2608.88
6298,2024-02-07,CRISIL_LIQUID,2610.47
6299,2024-02-08,CRISIL_LIQUID,2610.37
6300,2024-02-09,CRISIL_LIQUID,2611.65
6301,2024-02-12,CRISIL_LIQUID,2611.46
6302,2024-02-13,CRISIL_LIQUID,2611.35
6303,2024-02-14,CRISIL_LIQUID,2612.09
6304,2024-02-15,CRISIL_LIQUID,2612.26
6305,2024-02-16,CRISIL_LIQUID,2614.06
6306,2024-02-19,CRISIL_LIQUID,2614.74
6307,2024-02-20,CRISIL_LIQUID,2616.58
6308,2024-02-21,CRISIL_LIQUID,2617.81
6309,2024-02-22,CRISIL_LIQUID,2617.73
6310,2024-02-23,CRISIL_LIQUID,2618.59
6311,2024-02-26,CRISIL_LIQUID,2618.58
6312,2024-02-27,CRISIL_LIQUID,2620.21
6313,2024-02-28,CRISIL_LIQUID,2622.09
6314,2024-02-29,CRISIL_LIQUID,2621.33
6315,2024-03-01,CRISIL_LIQUID,2622.48
6316,2024-03-04,CRISIL_LIQUID,2624.16
6317,2024-03-05,CRISIL_LIQUID,2625.57
6318,2024-03-06,CRISIL_LIQUID,2626.16
6319,2024-03-07,CRISIL_LIQUID,2629.11
6320,2024-03-08,CRISIL_LIQUID,2629.99
6321,2024-03-11,CRISIL_LIQUID,2629.44
6322,2024-03-12,CRISIL_LIQUID,2630.69
6323,2024-03-13,CRISIL_LIQUID,2632.27
6324,2024-03-14,CRISIL_LIQUID,2633.44
6325,2024-03-15,CRISIL_LIQUID,2634.29
6326,2024-03-18,CRISIL_LIQUID,2633.82
6327,2024-03-19,CRISIL_LIQUID,2633.13
6328,2024-03-20,CRISIL_LIQUID,2633.0
6329,2024-03-21,CRISIL_LIQUID,2631.69
6330,2024-03-22,CRISIL_LIQUID,2633.63
6331,2024-03-25,CRISIL_LIQUID,2634.37
6332,2024-03-26,CRISIL_LIQUID,2634.77
6333,2024-03-27,CRISIL_LIQUID,2634.26
6334,2024-03-28,CRISIL_LIQUID,2633.87
6335,2024-03-29,CRISIL_LIQUID,2634.57
6336,2024-04-01,CRISIL_LIQUID,2635.01
6337,2024-04-02,CRISIL_LIQUID,2635.8
6338,2024-04-03,CRISIL_LIQUID,2635.37
6339,2024-04-04,CRISIL_LIQUID,2636.37
6340,2024-04-05,CRISIL_LIQUID,2638.12
6341,2024-04-08,CRISIL_LIQUID,2638.56
6342,2024-04-09,CRISIL_LIQUID,2639.89
6343,2024-04-10,CRISIL_LIQUID,2640.43
6344,2024-04-11,CRISIL_LIQUID,2640.79
6345,2024-04-12,CRISIL_LIQUID,2641.83
6346,2024-04-15,CRISIL_LIQUID,2642.12
6347,2024-04-16,CRISIL_LIQUID,2642.28
6348,2024-04-17,CRISIL_LIQUID,2643.86
6349,2024-04-18,CRISIL_LIQUID,2643.03
6350,2024-04-19,CRISIL_LIQUID,2643.79
6351,2024-04-22,CRISIL_LIQUID,2643.59
6352,2024-04-23,CRISIL_LIQUID,2645.78
6353,2024-04-24,CRISIL_LIQUID,2647.21
6354,2024-04-25,CRISIL_LIQUID,2648.96
6355,2024-04-26,CRISIL_LIQUID,2649.81
6356,2024-04-29,CRISIL_LIQUID,2651.02
6357,2024-04-30,CRISIL_LIQUID,2651.88
6358,2024-05-01,CRISIL_LIQUID,2652.1
6359,2024-05-02,CRISIL_LIQUID,2654.26
6360,2024-05-03,CRISIL_LIQUID,2655.53
6361,2024-05-06,CRISIL_LIQUID,2655.53
6362,2024-05-07,CRISIL_LIQUID,2654.9
6363,2024-05-08,CRISIL_LIQUID,2654.74
6364,2024-05-09,CRISIL_LIQUID,2655.47
6365,2024-05-10,CRISIL_LIQUID,2655.61
6366,2024-05-13,CRISIL_LIQUID,2657.08
6367,2024-05-14,CRISIL_LIQUID,2658.0
6368,2024-05-15,CRISIL_LIQUID,2658.47
6369,2024-05-16,CRISIL_LIQUID,2659.16
6370,2024-05-17,CRISIL_LIQUID,2659.74
6371,2024-05-20,CRISIL_LIQUID,2660.23
6372,2024-05-21,CRISIL_LIQUID,2661.24
6373,2024-05-22,CRISIL_LIQUID,2661.5
6374,2024-05-23,CRISIL_LIQUID,2661.21
6375,2024-05-24,CRISIL_LIQUID,2662.52
6376,2024-05-27,CRISIL_LIQUID,2662.54
6377,2024-05-28,CRISIL_LIQUID,2664.27
6378,2024-05-29,CRISIL_LIQUID,2664.82
6379,2024-05-30,CRISIL_LIQUID,2665.13
6380,2024-05-31,CRISIL_LIQUID,2665.03
6381,2024-06-03,CRISIL_LIQUID,2665.46
6382,2024-06-04,CRISIL_LIQUID,2666.44
6383,2024-06-05,CRISIL_LIQUID,2666.46
6384,2024-06-06,CRISIL_LIQUID,2667.77
6385,2024-06-07,CRISIL_LIQUID,2667.53
6386,2024-06-10,CRISIL_LIQUID,2668.99
6387,2024-06-11,CRISIL_LIQUID,2669.77
6388,2024-06-12,CRISIL_LIQUID,2670.08
6389,2024-06-13,CRISIL_LIQUID,2671.09
6390,2024-06-14,CRISIL_LIQUID,2673.13
6391,2024-06-17,CRISIL_LIQUID,2674.79
6392,2024-06-18,CRISIL_LIQUID,2675.79
6393,2024-06-19,CRISIL_LIQUID,2677.26
6394,2024-06-20,CRISIL_LIQUID,2677.6
6395,2024-06-21,CRISIL_LIQUID,2677.76
6396,2024-06-24,CRISIL_LIQUID,2679.05
6397,2024-06-25,CRISIL_LIQUID,2679.94
6398,2024-06-26,CRISIL_LIQUID,2680.39
6399,2024-06-27,CRISIL_LIQUID,2681.76
6400,2024-06-28,CRISIL_LIQUID,2682.49
6401,2024-07-01,CRISIL_LIQUID,2684.27
6402,2024-07-02,CRISIL_LIQUID,2683.17
6403,2024-07-03,CRISIL_LIQUID,2683.44
6404,2024-07-04,CRISIL_LIQUID,2684.91
6405,2024-07-05,CRISIL_LIQUID,2687.0
6406,2024-07-08,CRISIL_LIQUID,2688.82
6407,2024-07-09,CRISIL_LIQUID,2688.97
6408,2024-07-10,CRISIL_LIQUID,2690.74
6409,2024-07-11,CRISIL_LIQUID,2689.9
6410,2024-07-12,CRISIL_LIQUID,2689.81
6411,2024-07-15,CRISIL_LIQUID,2690.29
6412,2024-07-16,CRISIL_LIQUID,2691.37
6413,2024-07-17,CRISIL_LIQUID,2691.23
6414,2024-07-18,CRISIL_LIQUID,2691.81
6415,2024-07-19,CRISIL_LIQUID,2693.66
6416,2024-07-22,CRISIL_LIQUID,2693.36
6417,2024-07-23,CRISIL_LIQUID,2692.99
6418,2024-07-24,CRISIL_LIQUID,2693.01
6419,2024-07-25,CRISIL_LIQUID,2695.73
6420,2024-07-26,CRISIL_LIQUID,2696.79
6421,2024-07-29,CRISIL_LIQUID,2696.75
6422,2024-07-30,CRISIL_LIQUID,2698.23
6423,2024-07-31,CRISIL_LIQUID,2697.36
6424,2024-08-01,CRISIL_LIQUID,2697.95
6425,2024-08-02,CRISIL_LIQUID,2698.76
6426,2024-08-05,CRISIL_LIQUID,2700.4
6427,2024-08-06,CRISIL_LIQUID,2699.87
6428,2024-08-07,CRISIL_LIQUID,2701.66
6429,2024-08-08,CRISIL_LIQUID,2703.23
6430,2024-08-09,CRISIL_LIQUID,2705.07
6431,2024-08-12,CRISIL_LIQUID,2704.74
6432,2024-08-13,CRISIL_LIQUID,2706.92
6433,2024-08-14,CRISIL_LIQUID,2706.01
6434,2024-08-15,CRISIL_LIQUID,2705.64
6435,2024-08-16,CRISIL_LIQUID,2706.49
6436,2024-08-19,CRISIL_LIQUID,2706.87
6437,2024-08-20,CRISIL_LIQUID,2706.43
6438,2024-08-21,CRISIL_LIQUID,2709.14
6439,2024-08-22,CRISIL_LIQUID,2708.39
6440,2024-08-23,CRISIL_LIQUID,2707.61
6441,2024-08-26,CRISIL_LIQUID,2708.58
6442,2024-08-27,CRISIL_LIQUID,2709.24
6443,2024-08-28,CRISIL_LIQUID,2708.69
6444,2024-08-29,CRISIL_LIQUID,2711.25
6445,2024-08-30,CRISIL_LIQUID,2712.03
6446,2024-09-02,CRISIL_LIQUID,2712.25
6447,2024-09-03,CRISIL_LIQUID,2712.95
6448,2024-09-04,CRISIL_LIQUID,2712.3
6449,2024-09-05,CRISIL_LIQUID,2713.93
6450,2024-09-06,CRISIL_LIQUID,2714.86
6451,2024-09-09,CRISIL_LIQUID,2715.34
6452,2024-09-10,CRISIL_LIQUID,2716.04
6453,2024-09-11,CRISIL_LIQUID,2715.98
6454,2024-09-12,CRISIL_LIQUID,2717.66
6455,2024-09-13,CRISIL_LIQUID,2717.8
6456,2024-09-16,CRISIL_LIQUID,2718.02
6457,2024-09-17,CRISIL_LIQUID,2718.89
6458,2024-09-18,CRISIL_LIQUID,2717.88
6459,2024-09-19,CRISIL_LIQUID,2719.05
6460,2024-09-20,CRISIL_LIQUID,2719.73
6461,2024-09-23,CRISIL_LIQUID,2720.89
6462,2024-09-24,CRISIL_LIQUID,2721.38
6463,2024-09-25,CRISIL_LIQUID,2721.36
6464,2024-09-26,CRISIL_LIQUID,2722.16
6465,2024-09-27,CRISIL_LIQUID,2723.72
6466,2024-09-30,CRISIL_LIQUID,2723.94
6467,2024-10-01,CRISIL_LIQUID,2725.36
6468,2024-10-02,CRISIL_LIQUID,2725.8
6469,2024-10-03,CRISIL_LIQUID,2726.12
6470,2024-10-04,CRISIL_LIQUID,2727.58
6471,2024-10-07,CRISIL_LIQUID,2728.58
6472,2024-10-08,CRISIL_LIQUID,2728.11
6473,2024-10-09,CRISIL_LIQUID,2728.64
6474,2024-10-10,CRISIL_LIQUID,2728.34
6475,2024-10-11,CRISIL_LIQUID,2729.5
6476,2024-10-14,CRISIL_LIQUID,2729.42
6477,2024-10-15,CRISIL_LIQUID,2730.26
6478,2024-10-16,CRISIL_LIQUID,2731.42
6479,2024-10-17,CRISIL_LIQUID,2732.58
6480,2024-10-18,CRISIL_LIQUID,2732.81
6481,2024-10-21,CRISIL_LIQUID,2733.56
6482,2024-10-22,CRISIL_LIQUID,2733.66
6483,2024-10-23,CRISIL_LIQUID,2734.0
6484,2024-10-24,CRISIL_LIQUID,2733.89
6485,2024-10-25,CRISIL_LIQUID,2734.64
6486,2024-10-28,CRISIL_LIQUID,2735.76
6487,2024-10-29,CRISIL_LIQUID,2735.74
6488,2024-10-30,CRISIL_LIQUID,2735.72
6489,2024-10-31,CRISIL_LIQUID,2737.8
6490,2024-11-01,CRISIL_LIQUID,2737.79
6491,2024-11-04,CRISIL_LIQUID,2739.11
6492,2024-11-05,CRISIL_LIQUID,2740.69
6493,2024-11-06,CRISIL_LIQUID,2741.64
6494,2024-11-07,CRISIL_LIQUID,2742.66
6495,2024-11-08,CRISIL_LIQUID,2743.43
6496,2024-11-11,CRISIL_LIQUID,2742.96
6497,2024-11-12,CRISIL_LIQUID,2744.59
6498,2024-11-13,CRISIL_LIQUID,2744.92
6499,2024-11-14,CRISIL_LIQUID,2746.34
6500,2024-11-15,CRISIL_LIQUID,2747.03
6501,2024-11-18,CRISIL_LIQUID,2748.16
6502,2024-11-19,CRISIL_LIQUID,2749.1
6503,2024-11-20,CRISIL_LIQUID,2749.41
6504,2024-11-21,CRISIL_LIQUID,2750.8
6505,2024-11-22,CRISIL_LIQUID,2750.35
6506,2024-11-25,CRISIL_LIQUID,2752.13
6507,2024-11-26,CRISIL_LIQUID,2753.79
6508,2024-11-27,CRISIL_LIQUID,2754.27
6509,2024-11-28,CRISIL_LIQUID,2755.2
6510,2024-11-29,CRISIL_LIQUID,2755.69
6511,2024-12-02,CRISIL_LIQUID,2755.68
6512,2024-12-03,CRISIL_LIQUID,2756.32
6513,2024-12-04,CRISIL_LIQUID,2757.27
6514,2024-12-05,CRISIL_LIQUID,2759.14
6515,2024-12-06,CRISIL_LIQUID,2759.68
6516,2024-12-09,CRISIL_LIQUID,2760.4
6517,2024-12-10,CRISIL_LIQUID,2762.24
6518,2024-12-11,CRISIL_LIQUID,2763.4
6519,2024-12-12,CRISIL_LIQUID,2762.9
6520,2024-12-13,CRISIL_LIQUID,2763.58
6521,2024-12-16,CRISIL_LIQUID,2765.02
6522,2024-12-17,CRISIL_LIQUID,2767.88
6523,2024-12-18,CRISIL_LIQUID,2768.75
6524,2024-12-19,CRISIL_LIQUID,2767.65
6525,2024-12-20,CRISIL_LIQUID,2766.78
6526,2024-12-23,CRISIL_LIQUID,2766.89
6527,2024-12-24,CRISIL_LIQUID,2766.78
6528,2024-12-25,CRISIL_LIQUID,2768.22
6529,2024-12-26,CRISIL_LIQUID,2770.56
6530,2024-12-27,CRISIL_LIQUID,2771.95
6531,2024-12-30,CRISIL_LIQUID,2773.46
6532,2024-12-31,CRISIL_LIQUID,2774.76
6533,2025-01-01,CRISIL_LIQUID,2775.79
6534,2025-01-02,CRISIL_LIQUID,2775.84
6535,2025-01-03,CRISIL_LIQUID,2777.25
6536,2025-01-06,CRISIL_LIQUID,2777.64
6537,2025-01-07,CRISIL_LIQUID,2779.08
6538,2025-01-08,CRISIL_LIQUID,2780.18
6539,2025-01-09,CRISIL_LIQUID,2780.9
6540,2025-01-10,CRISIL_LIQUID,2780.96
6541,2025-01-13,CRISIL_LIQUID,2781.62
6542,2025-01-14,CRISIL_LIQUID,2781.83
6543,2025-01-15,CRISIL_LIQUID,2781.03
6544,2025-01-16,CRISIL_LIQUID,2780.78
6545,2025-01-17,CRISIL_LIQUID,2781.75
6546,2025-01-20,CRISIL_LIQUID,2780.19
6547,2025-01-21,CRISIL_LIQUID,2782.99
6548,2025-01-22,CRISIL_LIQUID,2783.26
6549,2025-01-23,CRISIL_LIQUID,2784.73
6550,2025-01-24,CRISIL_LIQUID,2783.56
6551,2025-01-27,CRISIL_LIQUID,2783.42
6552,2025-01-28,CRISIL_LIQUID,2785.06
6553,2025-01-29,CRISIL_LIQUID,2786.15
6554,2025-01-30,CRISIL_LIQUID,2786.52
6555,2025-01-31,CRISIL_LIQUID,2788.99
6556,2025-02-03,CRISIL_LIQUID,2788.46
6557,2025-02-04,CRISIL_LIQUID,2790.15
6558,2025-02-05,CRISIL_LIQUID,2790.49
6559,2025-02-06,CRISIL_LIQUID,2790.46
6560,2025-02-07,CRISIL_LIQUID,2789.45
6561,2025-02-10,CRISIL_LIQUID,2788.57
6562,2025-02-11,CRISIL_LIQUID,2789.41
6563,2025-02-12,CRISIL_LIQUID,2790.2
6564,2025-02-13,CRISIL_LIQUID,2790.25
6565,2025-02-14,CRISIL_LIQUID,2790.79
6566,2025-02-17,CRISIL_LIQUID,2791.38
6567,2025-02-18,CRISIL_LIQUID,2791.69
6568,2025-02-19,CRISIL_LIQUID,2791.53
6569,2025-02-20,CRISIL_LIQUID,2792.71
6570,2025-02-21,CRISIL_LIQUID,2794.53
6571,2025-02-24,CRISIL_LIQUID,2795.58
6572,2025-02-25,CRISIL_LIQUID,2796.68
6573,2025-02-26,CRISIL_LIQUID,2798.07
6574,2025-02-27,CRISIL_LIQUID,2798.59
6575,2025-02-28,CRISIL_LIQUID,2798.74
6576,2025-03-03,CRISIL_LIQUID,2797.71
6577,2025-03-04,CRISIL_LIQUID,2797.95
6578,2025-03-05,CRISIL_LIQUID,2798.11
6579,2025-03-06,CRISIL_LIQUID,2797.91
6580,2025-03-07,CRISIL_LIQUID,2798.84
6581,2025-03-10,CRISIL_LIQUID,2799.39
6582,2025-03-11,CRISIL_LIQUID,2800.49
6583,2025-03-12,CRISIL_LIQUID,2800.22
6584,2025-03-13,CRISIL_LIQUID,2799.59
6585,2025-03-14,CRISIL_LIQUID,2800.91
6586,2025-03-17,CRISIL_LIQUID,2802.36
6587,2025-03-18,CRISIL_LIQUID,2802.34
6588,2025-03-19,CRISIL_LIQUID,2802.75
6589,2025-03-20,CRISIL_LIQUID,2803.71
6590,2025-03-21,CRISIL_LIQUID,2804.95
6591,2025-03-24,CRISIL_LIQUID,2804.12
6592,2025-03-25,CRISIL_LIQUID,2805.71
6593,2025-03-26,CRISIL_LIQUID,2805.26
6594,2025-03-27,CRISIL_LIQUID,2804.74
6595,2025-03-28,CRISIL_LIQUID,2805.1
6596,2025-03-31,CRISIL_LIQUID,2805.44
6597,2025-04-01,CRISIL_LIQUID,2806.19
6598,2025-04-02,CRISIL_LIQUID,2807.05
6599,2025-04-03,CRISIL_LIQUID,2809.28
6600,2025-04-04,CRISIL_LIQUID,2809.2
6601,2025-04-07,CRISIL_LIQUID,2810.86
6602,2025-04-08,CRISIL_LIQUID,2810.28
6603,2025-04-09,CRISIL_LIQUID,2809.91
6604,2025-04-10,CRISIL_LIQUID,2809.8
6605,2025-04-11,CRISIL_LIQUID,2808.82
6606,2025-04-14,CRISIL_LIQUID,2809.94
6607,2025-04-15,CRISIL_LIQUID,2811.75
6608,2025-04-16,CRISIL_LIQUID,2813.27
6609,2025-04-17,CRISIL_LIQUID,2812.63
6610,2025-04-18,CRISIL_LIQUID,2815.38
6611,2025-04-21,CRISIL_LIQUID,2816.2
6612,2025-04-22,CRISIL_LIQUID,2818.3
6613,2025-04-23,CRISIL_LIQUID,2818.91
6614,2025-04-24,CRISIL_LIQUID,2819.52
6615,2025-04-25,CRISIL_LIQUID,2819.91
6616,2025-04-28,CRISIL_LIQUID,2822.48
6617,2025-04-29,CRISIL_LIQUID,2824.44
6618,2025-04-30,CRISIL_LIQUID,2825.11
6619,2025-05-01,CRISIL_LIQUID,2825.56
6620,2025-05-02,CRISIL_LIQUID,2826.95
6621,2025-05-05,CRISIL_LIQUID,2826.02
6622,2025-05-06,CRISIL_LIQUID,2824.81
6623,2025-05-07,CRISIL_LIQUID,2824.62
6624,2025-05-08,CRISIL_LIQUID,2825.68
6625,2025-05-09,CRISIL_LIQUID,2827.36
6626,2025-05-12,CRISIL_LIQUID,2826.98
6627,2025-05-13,CRISIL_LIQUID,2829.08
6628,2025-05-14,CRISIL_LIQUID,2829.33
6629,2025-05-15,CRISIL_LIQUID,2830.44
6630,2025-05-16,CRISIL_LIQUID,2830.69
6631,2025-05-19,CRISIL_LIQUID,2831.32
6632,2025-05-20,CRISIL_LIQUID,2833.66
6633,2025-05-21,CRISIL_LIQUID,2833.91
6634,2025-05-22,CRISIL_LIQUID,2833.8
6635,2025-05-23,CRISIL_LIQUID,2835.13
6636,2025-05-26,CRISIL_LIQUID,2836.73
6637,2025-05-27,CRISIL_LIQUID,2836.11
6638,2025-05-28,CRISIL_LIQUID,2837.17
6639,2025-05-29,CRISIL_LIQUID,2838.39
6640,2025-05-30,CRISIL_LIQUID,2840.68
6641,2025-06-02,CRISIL_LIQUID,2841.05
6642,2025-06-03,CRISIL_LIQUID,2842.99
6643,2025-06-04,CRISIL_LIQUID,2843.87
6644,2025-06-05,CRISIL_LIQUID,2844.33
6645,2025-06-06,CRISIL_LIQUID,2844.4
6646,2025-06-09,CRISIL_LIQUID,2845.58
6647,2025-06-10,CRISIL_LIQUID,2845.27
6648,2025-06-11,CRISIL_LIQUID,2845.02
6649,2025-06-12,CRISIL_LIQUID,2846.3
6650,2025-06-13,CRISIL_LIQUID,2848.69
6651,2025-06-16,CRISIL_LIQUID,2848.15
6652,2025-06-17,CRISIL_LIQUID,2848.23
6653,2025-06-18,CRISIL_LIQUID,2849.23
6654,2025-06-19,CRISIL_LIQUID,2849.47
6655,2025-06-20,CRISIL_LIQUID,2848.51
6656,2025-06-23,CRISIL_LIQUID,2848.48
6657,2025-06-24,CRISIL_LIQUID,2849.66
6658,2025-06-25,CRISIL_LIQUID,2850.14
6659,2025-06-26,CRISIL_LIQUID,2851.2
6660,2025-06-27,CRISIL_LIQUID,2850.72
6661,2025-06-30,CRISIL_LIQUID,2851.75
6662,2025-07-01,CRISIL_LIQUID,2850.61
6663,2025-07-02,CRISIL_LIQUID,2852.04
6664,2025-07-03,CRISIL_LIQUID,2854.01
6665,2025-07-04,CRISIL_LIQUID,2853.49
6666,2025-07-07,CRISIL_LIQUID,2853.71
6667,2025-07-08,CRISIL_LIQUID,2853.12
6668,2025-07-09,CRISIL_LIQUID,2853.94
6669,2025-07-10,CRISIL_LIQUID,2854.81
6670,2025-07-11,CRISIL_LIQUID,2854.34
6671,2025-07-14,CRISIL_LIQUID,2854.56
6672,2025-07-15,CRISIL_LIQUID,2856.26
6673,2025-07-16,CRISIL_LIQUID,2857.5
6674,2025-07-17,CRISIL_LIQUID,2858.41
6675,2025-07-18,CRISIL_LIQUID,2860.14
6676,2025-07-21,CRISIL_LIQUID,2862.51
6677,2025-07-22,CRISIL_LIQUID,2863.37
6678,2025-07-23,CRISIL_LIQUID,2864.38
6679,2025-07-24,CRISIL_LIQUID,2864.87
6680,2025-07-25,CRISIL_LIQUID,2865.76
6681,2025-07-28,CRISIL_LIQUID,2865.86
6682,2025-07-29,CRISIL_LIQUID,2865.08
6683,2025-07-30,CRISIL_LIQUID,2866.54
6684,2025-07-31,CRISIL_LIQUID,2867.91
6685,2025-08-01,CRISIL_LIQUID,2868.71
6686,2025-08-04,CRISIL_LIQUID,2869.57
6687,2025-08-05,CRISIL_LIQUID,2869.68
6688,2025-08-06,CRISIL_LIQUID,2871.51
6689,2025-08-07,CRISIL_LIQUID,2871.15
6690,2025-08-08,CRISIL_LIQUID,2873.16
6691,2025-08-11,CRISIL_LIQUID,2874.43
6692,2025-08-12,CRISIL_LIQUID,2875.44
6693,2025-08-13,CRISIL_LIQUID,2876.5
6694,2025-08-14,CRISIL_LIQUID,2878.16
6695,2025-08-15,CRISIL_LIQUID,2878.39
6696,2025-08-18,CRISIL_LIQUID,2879.85
6697,2025-08-19,CRISIL_LIQUID,2880.23
6698,2025-08-20,CRISIL_LIQUID,2881.4
6699,2025-08-21,CRISIL_LIQUID,2880.71
6700,2025-08-22,CRISIL_LIQUID,2880.84
6701,2025-08-25,CRISIL_LIQUID,2883.18
6702,2025-08-26,CRISIL_LIQUID,2885.13
6703,2025-08-27,CRISIL_LIQUID,2887.37
6704,2025-08-28,CRISIL_LIQUID,2889.16
6705,2025-08-29,CRISIL_LIQUID,2889.33
6706,2025-09-01,CRISIL_LIQUID,2889.61
6707,2025-09-02,CRISIL_LIQUID,2891.25
6708,2025-09-03,CRISIL_LIQUID,2892.98
6709,2025-09-04,CRISIL_LIQUID,2894.99
6710,2025-09-05,CRISIL_LIQUID,2895.92
6711,2025-09-08,CRISIL_LIQUID,2896.6
6712,2025-09-09,CRISIL_LIQUID,2898.44
6713,2025-09-10,CRISIL_LIQUID,2897.8
6714,2025-09-11,CRISIL_LIQUID,2898.39
6715,2025-09-12,CRISIL_LIQUID,2898.9
6716,2025-09-15,CRISIL_LIQUID,2899.42
6717,2025-09-16,CRISIL_LIQUID,2901.38
6718,2025-09-17,CRISIL_LIQUID,2902.7
6719,2025-09-18,CRISIL_LIQUID,2903.56
6720,2025-09-19,CRISIL_LIQUID,2902.91
6721,2025-09-22,CRISIL_LIQUID,2902.62
6722,2025-09-23,CRISIL_LIQUID,2904.11
6723,2025-09-24,CRISIL_LIQUID,2905.09
6724,2025-09-25,CRISIL_LIQUID,2906.97
6725,2025-09-26,CRISIL_LIQUID,2907.07
6726,2025-09-29,CRISIL_LIQUID,2907.86
6727,2025-09-30,CRISIL_LIQUID,2908.45
6728,2025-10-01,CRISIL_LIQUID,2910.01
6729,2025-10-02,CRISIL_LIQUID,2912.65
6730,2025-10-03,CRISIL_LIQUID,2912.89
6731,2025-10-06,CRISIL_LIQUID,2911.77
6732,2025-10-07,CRISIL_LIQUID,2912.97
6733,2025-10-08,CRISIL_LIQUID,2914.1
6734,2025-10-09,CRISIL_LIQUID,2913.19
6735,2025-10-10,CRISIL_LIQUID,2913.03
6736,2025-10-13,CRISIL_LIQUID,2913.38
6737,2025-10-14,CRISIL_LIQUID,2915.18
6738,2025-10-15,CRISIL_LIQUID,2914.99
6739,2025-10-16,CRISIL_LIQUID,2915.5
6740,2025-10-17,CRISIL_LIQUID,2914.44
6741,2025-10-20,CRISIL_LIQUID,2915.64
6742,2025-10-21,CRISIL_LIQUID,2915.25
6743,2025-10-22,CRISIL_LIQUID,2918.0
6744,2025-10-23,CRISIL_LIQUID,2917.97
6745,2025-10-24,CRISIL_LIQUID,2919.6
6746,2025-10-27,CRISIL_LIQUID,2920.84
6747,2025-10-28,CRISIL_LIQUID,2920.8
6748,2025-10-29,CRISIL_LIQUID,2922.57
6749,2025-10-30,CRISIL_LIQUID,2921.47
6750,2025-10-31,CRISIL_LIQUID,2922.2
6751,2025-11-03,CRISIL_LIQUID,2923.6
6752,2025-11-04,CRISIL_LIQUID,2924.13
6753,2025-11-05,CRISIL_LIQUID,2923.83
6754,2025-11-06,CRISIL_LIQUID,2926.04
6755,2025-11-07,CRISIL_LIQUID,2926.68
6756,2025-11-10,CRISIL_LIQUID,2926.92
6757,2025-11-11,CRISIL_LIQUID,2926.66
6758,2025-11-12,CRISIL_LIQUID,2927.5
6759,2025-11-13,CRISIL_LIQUID,2928.06
6760,2025-11-14,CRISIL_LIQUID,2928.55
6761,2025-11-17,CRISIL_LIQUID,2930.83
6762,2025-11-18,CRISIL_LIQUID,2933.09
6763,2025-11-19,CRISIL_LIQUID,2934.08
6764,2025-11-20,CRISIL_LIQUID,2935.47
6765,2025-11-21,CRISIL_LIQUID,2934.85
6766,2025-11-24,CRISIL_LIQUID,2935.69
6767,2025-11-25,CRISIL_LIQUID,2936.7
6768,2025-11-26,CRISIL_LIQUID,2937.26
6769,2025-11-27,CRISIL_LIQUID,2937.61
6770,2025-11-28,CRISIL_LIQUID,2937.64
6771,2025-12-01,CRISIL_LIQUID,2938.43
6772,2025-12-02,CRISIL_LIQUID,2940.25
6773,2025-12-03,CRISIL_LIQUID,2942.22
6774,2025-12-04,CRISIL_LIQUID,2942.98
6775,2025-12-05,CRISIL_LIQUID,2944.73
6776,2025-12-08,CRISIL_LIQUID,2944.62
6777,2025-12-09,CRISIL_LIQUID,2945.9
6778,2025-12-10,CRISIL_LIQUID,2946.56
6779,2025-12-11,CRISIL_LIQUID,2946.69
6780,2025-12-12,CRISIL_LIQUID,2949.45
6781,2025-12-15,CRISIL_LIQUID,2949.77
6782,2025-12-16,CRISIL_LIQUID,2950.19
6783,2025-12-17,CRISIL_LIQUID,2950.53
6784,2025-12-18,CRISIL_LIQUID,2951.61
6785,2025-12-19,CRISIL_LIQUID,2953.62
6786,2025-12-22,CRISIL_LIQUID,2953.31
6787,2025-12-23,CRISIL_LIQUID,2954.52
6788,2025-12-24,CRISIL_LIQUID,2955.61
6789,2025-12-25,CRISIL_LIQUID,2954.87
6790,2025-12-26,CRISIL_LIQUID,2956.89
6791,2025-12-29,CRISIL_LIQUID,2957.9
6792,2025-12-30,CRISIL_LIQUID,2959.34
6793,2025-12-31,CRISIL_LIQUID,2958.17
6794,2026-01-01,CRISIL_LIQUID,2960.3
6795,2026-01-02,CRISIL_LIQUID,2962.98
6796,2026-01-05,CRISIL_LIQUID,2963.61
6797,2026-01-06,CRISIL_LIQUID,2963.7
6798,2026-01-07,CRISIL_LIQUID,2962.18
6799,2026-01-08,CRISIL_LIQUID,2961.73
6800,2026-01-09,CRISIL_LIQUID,2963.27
6801,2026-01-12,CRISIL_LIQUID,2964.01
6802,2026-01-13,CRISIL_LIQUID,2963.36
6803,2026-01-14,CRISIL_LIQUID,2965.55
6804,2026-01-15,CRISIL_LIQUID,2965.69
6805,2026-01-16,CRISIL_LIQUID,2965.07
6806,2026-01-19,CRISIL_LIQUID,2965.88
6807,2026-01-20,CRISIL_LIQUID,2967.12
6808,2026-01-21,CRISIL_LIQUID,2966.63
6809,2026-01-22,CRISIL_LIQUID,2967.12
6810,2026-01-23,CRISIL_LIQUID,2969.32
6811,2026-01-26,CRISIL_LIQUID,2968.82
6812,2026-01-27,CRISIL_LIQUID,2969.91
6813,2026-01-28,CRISIL_LIQUID,2970.38
6814,2026-01-29,CRISIL_LIQUID,2971.65
6815,2026-01-30,CRISIL_LIQUID,2971.44
6816,2026-02-02,CRISIL_LIQUID,2972.42
6817,2026-02-03,CRISIL_LIQUID,2972.3
6818,2026-02-04,CRISIL_LIQUID,2971.19
6819,2026-02-05,CRISIL_LIQUID,2970.64
6820,2026-02-06,CRISIL_LIQUID,2971.2
6821,2026-02-09,CRISIL_LIQUID,2972.18
6822,2026-02-10,CRISIL_LIQUID,2974.08
6823,2026-02-11,CRISIL_LIQUID,2975.19
6824,2026-02-12,CRISIL_LIQUID,2977.42
6825,2026-02-13,CRISIL_LIQUID,2978.0
6826,2026-02-16,CRISIL_LIQUID,2979.28
6827,2026-02-17,CRISIL_LIQUID,2979.13
6828,2026-02-18,CRISIL_LIQUID,2980.19
6829,2026-02-19,CRISIL_LIQUID,2980.61
6830,2026-02-20,CRISIL_LIQUID,2980.93
6831,2026-02-23,CRISIL_LIQUID,2981.76
6832,2026-02-24,CRISIL_LIQUID,2981.2
6833,2026-02-25,CRISIL_LIQUID,2982.28
6834,2026-02-26,CRISIL_LIQUID,2983.71
6835,2026-02-27,CRISIL_LIQUID,2983.82
6836,2026-03-02,CRISIL_LIQUID,2984.76
6837,2026-03-03,CRISIL_LIQUID,2986.71
6838,2026-03-04,CRISIL_LIQUID,2988.19
6839,2026-03-05,CRISIL_LIQUID,2988.83
6840,2026-03-06,CRISIL_LIQUID,2989.98
6841,2026-03-09,CRISIL_LIQUID,2992.15
6842,2026-03-10,CRISIL_LIQUID,2993.17
6843,2026-03-11,CRISIL_LIQUID,2994.83
6844,2026-03-12,CRISIL_LIQUID,2996.35
6845,2026-03-13,CRISIL_LIQUID,2997.22
6846,2026-03-16,CRISIL_LIQUID,2999.21
6847,2026-03-17,CRISIL_LIQUID,2999.03
6848,2026-03-18,CRISIL_LIQUID,3000.2
6849,2026-03-19,CRISIL_LIQUID,3000.46
6850,2026-03-20,CRISIL_LIQUID,3002.07
6851,2026-03-23,CRISIL_LIQUID,3002.83
6852,2026-03-24,CRISIL_LIQUID,3004.51
6853,2026-03-25,CRISIL_LIQUID,3006.01
6854,2026-03-26,CRISIL_LIQUID,3006.39
6855,2026-03-27,CRISIL_LIQUID,3007.67
6856,2026-03-30,CRISIL_LIQUID,3008.88
6857,2026-03-31,CRISIL_LIQUID,3009.46
6858,2026-04-01,CRISIL_LIQUID,3011.06
6859,2026-04-02,CRISIL_LIQUID,3011.73
6860,2026-04-03,CRISIL_LIQUID,3011.77
6861,2026-04-06,CRISIL_LIQUID,3012.82
6862,2026-04-07,CRISIL_LIQUID,3014.03
6863,2026-04-08,CRISIL_LIQUID,3011.98
6864,2026-04-09,CRISIL_LIQUID,3015.03
6865,2026-04-10,CRISIL_LIQUID,3018.5
6866,2026-04-13,CRISIL_LIQUID,3018.49
6867,2026-04-14,CRISIL_LIQUID,3019.85
6868,2026-04-15,CRISIL_LIQUID,3019.61
6869,2026-04-16,CRISIL_LIQUID,3018.81
6870,2026-04-17,CRISIL_LIQUID,3019.15
6871,2026-04-20,CRISIL_LIQUID,3018.62
6872,2026-04-21,CRISIL_LIQUID,3019.9
6873,2026-04-22,CRISIL_LIQUID,3021.52
6874,2026-04-23,CRISIL_LIQUID,3023.97
6875,2026-04-24,CRISIL_LIQUID,3024.8
6876,2026-04-27,CRISIL_LIQUID,3026.4
6877,2026-04-28,CRISIL_LIQUID,3027.55
6878,2026-04-29,CRISIL_LIQUID,3028.61
6879,2026-04-30,CRISIL_LIQUID,3028.44
6880,2026-05-01,CRISIL_LIQUID,3028.99
6881,2026-05-04,CRISIL_LIQUID,3029.42
6882,2026-05-05,CRISIL_LIQUID,3030.77
6883,2026-05-06,CRISIL_LIQUID,3029.54
6884,2026-05-07,CRISIL_LIQUID,3031.32
6885,2026-05-08,CRISIL_LIQUID,3031.85
6886,2026-05-11,CRISIL_LIQUID,3032.0
6887,2026-05-12,CRISIL_LIQUID,3033.11
6888,2026-05-13,CRISIL_LIQUID,3033.87
6889,2026-05-14,CRISIL_LIQUID,3034.8
6890,2026-05-15,CRISIL_LIQUID,3036.84
6891,2026-05-18,CRISIL_LIQUID,3035.91
6892,2026-05-19,CRISIL_LIQUID,3035.36
6893,2026-05-20,CRISIL_LIQUID,3035.61
6894,2026-05-21,CRISIL_LIQUID,3037.74
6895,2026-05-22,CRISIL_LIQUID,3039.28
6896,2026-05-25,CRISIL_LIQUID,3039.94
6897,2026-05-26,CRISIL_LIQUID,3041.31
6898,2026-05-27,CRISIL_LIQUID,3042.89
6899,2026-05-28,CRISIL_LIQUID,3044.18
6900,2026-05-29,CRISIL_LIQUID,3046.0
6901,2022-01-03,CRISIL_GILT,1451.06
6902,2022-01-04,CRISIL_GILT,1453.26
6903,2022-01-05,CRISIL_GILT,1455.5
6904,2022-01-06,CRISIL_GILT,1454.41
6905,2022-01-07,CRISIL_GILT,1454.33
6906,2022-01-10,CRISIL_GILT,1456.61
6907,2022-01-11,CRISIL_GILT,1453.45
6908,2022-01-12,CRISIL_GILT,1451.21
6909,2022-01-13,CRISIL_GILT,1450.67
6910,2022-01-14,CRISIL_GILT,1451.29
6911,2022-01-17,CRISIL_GILT,1451.63
6912,2022-01-18,CRISIL_GILT,1451.98
6913,2022-01-19,CRISIL_GILT,1452.89
6914,2022-01-20,CRISIL_GILT,1452.45
6915,2022-01-21,CRISIL_GILT,1450.36
6916,2022-01-24,CRISIL_GILT,1450.91
6917,2022-01-25,CRISIL_GILT,1453.66
6918,2022-01-26,CRISIL_GILT,1457.24
6919,2022-01-27,CRISIL_GILT,1450.36
6920,2022-01-28,CRISIL_GILT,1447.15
6921,2022-01-31,CRISIL_GILT,1451.01
6922,2022-02-01,CRISIL_GILT,1450.41
6923,2022-02-02,CRISIL_GILT,1444.13
6924,2022-02-03,CRISIL_GILT,1448.99
6925,2022-02-04,CRISIL_GILT,1453.09
6926,2022-02-07,CRISIL_GILT,1449.18
6927,2022-02-08,CRISIL_GILT,1445.31
6928,2022-02-09,CRISIL_GILT,1456.63
6929,2022-02-10,CRISIL_GILT,1453.68
6930,2022-02-11,CRISIL_GILT,1458.56
6931,2022-02-14,CRISIL_GILT,1464.67
6932,2022-02-15,CRISIL_GILT,1459.74
6933,2022-02-16,CRISIL_GILT,1456.81
6934,2022-02-17,CRISIL_GILT,1461.01
6935,2022-02-18,CRISIL_GILT,1456.42
6936,2022-02-21,CRISIL_GILT,1452.91
6937,2022-02-22,CRISIL_GILT,1452.61
6938,2022-02-23,CRISIL_GILT,1452.57
6939,2022-02-24,CRISIL_GILT,1456.98
6940,2022-02-25,CRISIL_GILT,1459.47
6941,2022-02-28,CRISIL_GILT,1460.64
6942,2022-03-01,CRISIL_GILT,1460.52
6943,2022-03-02,CRISIL_GILT,1457.07
6944,2022-03-03,CRISIL_GILT,1461.96
6945,2022-03-04,CRISIL_GILT,1462.89
6946,2022-03-07,CRISIL_GILT,1465.73
6947,2022-03-08,CRISIL_GILT,1466.97
6948,2022-03-09,CRISIL_GILT,1467.8
6949,2022-03-10,CRISIL_GILT,1468.61
6950,2022-03-11,CRISIL_GILT,1469.04
6951,2022-03-14,CRISIL_GILT,1468.94
6952,2022-03-15,CRISIL_GILT,1467.14
6953,2022-03-16,CRISIL_GILT,1469.53
6954,2022-03-17,CRISIL_GILT,1474.12
6955,2022-03-18,CRISIL_GILT,1475.43
6956,2022-03-21,CRISIL_GILT,1481.84
6957,2022-03-22,CRISIL_GILT,1480.54
6958,2022-03-23,CRISIL_GILT,1489.0
6959,2022-03-24,CRISIL_GILT,1491.09
6960,2022-03-25,CRISIL_GILT,1481.13
6961,2022-03-28,CRISIL_GILT,1488.71
6962,2022-03-29,CRISIL_GILT,1485.57
6963,2022-03-30,CRISIL_GILT,1486.78
6964,2022-03-31,CRISIL_GILT,1489.12
6965,2022-04-01,CRISIL_GILT,1489.8
6966,2022-04-04,CRISIL_GILT,1489.81
6967,2022-04-05,CRISIL_GILT,1487.83
6968,2022-04-06,CRISIL_GILT,1486.33
6969,2022-04-07,CRISIL_GILT,1491.21
6970,2022-04-08,CRISIL_GILT,1487.82
6971,2022-04-11,CRISIL_GILT,1488.45
6972,2022-04-12,CRISIL_GILT,1491.54
6973,2022-04-13,CRISIL_GILT,1488.01
6974,2022-04-14,CRISIL_GILT,1490.18
6975,2022-04-15,CRISIL_GILT,1494.55
6976,2022-04-18,CRISIL_GILT,1496.31
6977,2022-04-19,CRISIL_GILT,1500.99
6978,2022-04-20,CRISIL_GILT,1501.26
6979,2022-04-21,CRISIL_GILT,1498.49
6980,2022-04-22,CRISIL_GILT,1498.34
6981,2022-04-25,CRISIL_GILT,1493.62
6982,2022-04-26,CRISIL_GILT,1503.02
6983,2022-04-27,CRISIL_GILT,1503.42
6984,2022-04-28,CRISIL_GILT,1496.73
6985,2022-04-29,CRISIL_GILT,1494.7
6986,2022-05-02,CRISIL_GILT,1494.38
6987,2022-05-03,CRISIL_GILT,1489.99
6988,2022-05-04,CRISIL_GILT,1485.58
6989,2022-05-05,CRISIL_GILT,1484.72
6990,2022-05-06,CRISIL_GILT,1487.17
6991,2022-05-09,CRISIL_GILT,1491.16
6992,2022-05-10,CRISIL_GILT,1495.78
6993,2022-05-11,CRISIL_GILT,1493.99
6994,2022-05-12,CRISIL_GILT,1484.38
6995,2022-05-13,CRISIL_GILT,1491.47
6996,2022-05-16,CRISIL_GILT,1491.08
6997,2022-05-17,CRISIL_GILT,1489.87
6998,2022-05-18,CRISIL_GILT,1494.95
6999,2022-05-19,CRISIL_GILT,1494.21
7000,2022-05-20,CRISIL_GILT,1496.48
7001,2022-05-23,CRISIL_GILT,1497.84
7002,2022-05-24,CRISIL_GILT,1493.6
7003,2022-05-25,CRISIL_GILT,1489.94
7004,2022-05-26,CRISIL_GILT,1489.54
7005,2022-05-27,CRISIL_GILT,1489.9
7006,2022-05-30,CRISIL_GILT,1487.99
7007,2022-05-31,CRISIL_GILT,1486.05
7008,2022-06-01,CRISIL_GILT,1486.21
7009,2022-06-02,CRISIL_GILT,1484.0
7010,2022-06-03,CRISIL_GILT,1487.77
7011,2022-06-06,CRISIL_GILT,1489.32
7012,2022-06-07,CRISIL_GILT,1487.77
7013,2022-06-08,CRISIL_GILT,1490.4
7014,2022-06-09,CRISIL_GILT,1495.84
7015,2022-06-10,CRISIL_GILT,1496.93
7016,2022-06-13,CRISIL_GILT,1491.92
7017,2022-06-14,CRISIL_GILT,1498.27
7018,2022-06-15,CRISIL_GILT,1505.01
7019,2022-06-16,CRISIL_GILT,1510.15
7020,2022-06-17,CRISIL_GILT,1512.99
7021,2022-06-20,CRISIL_GILT,1515.36
7022,2022-06-21,CRISIL_GILT,1516.33
7023,2022-06-22,CRISIL_GILT,1517.14
7024,2022-06-23,CRISIL_GILT,1513.13
7025,2022-06-24,CRISIL_GILT,1509.22
7026,2022-06-27,CRISIL_GILT,1506.31
7027,2022-06-28,CRISIL_GILT,1499.13
7028,2022-06-29,CRISIL_GILT,1494.85
7029,2022-06-30,CRISIL_GILT,1495.26
7030,2022-07-01,CRISIL_GILT,1487.29
7031,2022-07-04,CRISIL_GILT,1484.15
7032,2022-07-05,CRISIL_GILT,1483.71
7033,2022-07-06,CRISIL_GILT,1481.27
7034,2022-07-07,CRISIL_GILT,1480.44
7035,2022-07-08,CRISIL_GILT,1481.93
7036,2022-07-11,CRISIL_GILT,1485.95
7037,2022-07-12,CRISIL_GILT,1483.61
7038,2022-07-13,CRISIL_GILT,1482.9
7039,2022-07-14,CRISIL_GILT,1475.08
7040,2022-07-15,CRISIL_GILT,1477.71
7041,2022-07-18,CRISIL_GILT,1474.92
7042,2022-07-19,CRISIL_GILT,1476.62
7043,2022-07-20,CRISIL_GILT,1475.87
7044,2022-07-21,CRISIL_GILT,1484.62
7045,2022-07-22,CRISIL_GILT,1491.91
7046,2022-07-25,CRISIL_GILT,1494.7
7047,2022-07-26,CRISIL_GILT,1496.73
7048,2022-07-27,CRISIL_GILT,1498.12
7049,2022-07-28,CRISIL_GILT,1496.81
7050,2022-07-29,CRISIL_GILT,1494.33
7051,2022-08-01,CRISIL_GILT,1491.22
7052,2022-08-02,CRISIL_GILT,1489.27
7053,2022-08-03,CRISIL_GILT,1491.27
7054,2022-08-04,CRISIL_GILT,1490.8
7055,2022-08-05,CRISIL_GILT,1483.56
7056,2022-08-08,CRISIL_GILT,1493.61
7057,2022-08-09,CRISIL_GILT,1493.42
7058,2022-08-10,CRISIL_GILT,1501.96
7059,2022-08-11,CRISIL_GILT,1500.87
7060,2022-08-12,CRISIL_GILT,1500.36
7061,2022-08-15,CRISIL_GILT,1504.3
7062,2022-08-16,CRISIL_GILT,1503.6
7063,2022-08-17,CRISIL_GILT,1505.55
7064,2022-08-18,CRISIL_GILT,1504.74
7065,2022-08-19,CRISIL_GILT,1503.35
7066,2022-08-22,CRISIL_GILT,1509.62
7067,2022-08-23,CRISIL_GILT,1505.46
7068,2022-08-24,CRISIL_GILT,1503.96
7069,2022-08-25,CRISIL_GILT,1511.33
7070,2022-08-26,CRISIL_GILT,1510.5
7071,2022-08-29,CRISIL_GILT,1505.35
7072,2022-08-30,CRISIL_GILT,1508.11
7073,2022-08-31,CRISIL_GILT,1508.41
7074,2022-09-01,CRISIL_GILT,1510.55
7075,2022-09-02,CRISIL_GILT,1511.23
7076,2022-09-05,CRISIL_GILT,1507.46
7077,2022-09-06,CRISIL_GILT,1508.8
7078,2022-09-07,CRISIL_GILT,1514.05
7079,2022-09-08,CRISIL_GILT,1512.57
7080,2022-09-09,CRISIL_GILT,1509.63
7081,2022-09-12,CRISIL_GILT,1509.4
7082,2022-09-13,CRISIL_GILT,1509.04
7083,2022-09-14,CRISIL_GILT,1508.25
7084,2022-09-15,CRISIL_GILT,1513.38
7085,2022-09-16,CRISIL_GILT,1514.74
7086,2022-09-19,CRISIL_GILT,1521.52
7087,2022-09-20,CRISIL_GILT,1522.82
7088,2022-09-21,CRISIL_GILT,1524.64
7089,2022-09-22,CRISIL_GILT,1533.48
7090,2022-09-23,CRISIL_GILT,1535.24
7091,2022-09-26,CRISIL_GILT,1534.69
7092,2022-09-27,CRISIL_GILT,1531.49
7093,2022-09-28,CRISIL_GILT,1528.64
7094,2022-09-29,CRISIL_GILT,1527.47
7095,2022-09-30,CRISIL_GILT,1526.94
7096,2022-10-03,CRISIL_GILT,1519.46
7097,2022-10-04,CRISIL_GILT,1519.83
7098,2022-10-05,CRISIL_GILT,1509.85
7099,2022-10-06,CRISIL_GILT,1515.15
7100,2022-10-07,CRISIL_GILT,1508.39
7101,2022-10-10,CRISIL_GILT,1509.52
7102,2022-10-11,CRISIL_GILT,1510.51
7103,2022-10-12,CRISIL_GILT,1516.06
7104,2022-10-13,CRISIL_GILT,1517.01
7105,2022-10-14,CRISIL_GILT,1517.07
7106,2022-10-17,CRISIL_GILT,1518.71
7107,2022-10-18,CRISIL_GILT,1517.12
7108,2022-10-19,CRISIL_GILT,1515.6
7109,2022-10-20,CRISIL_GILT,1516.85
7110,2022-10-21,CRISIL_GILT,1516.16
7111,2022-10-24,CRISIL_GILT,1519.05
7112,2022-10-25,CRISIL_GILT,1516.11
7113,2022-10-26,CRISIL_GILT,1520.19
7114,2022-10-27,CRISIL_GILT,1522.42
7115,2022-10-28,CRISIL_GILT,1522.96
7116,2022-10-31,CRISIL_GILT,1517.49
7117,2022-11-01,CRISIL_GILT,1521.13
7118,2022-11-02,CRISIL_GILT,1529.11
7119,2022-11-03,CRISIL_GILT,1527.76
7120,2022-11-04,CRISIL_GILT,1531.51
7121,2022-11-07,CRISIL_GILT,1531.5
7122,2022-11-08,CRISIL_GILT,1527.71
7123,2022-11-09,CRISIL_GILT,1525.2
7124,2022-11-10,CRISIL_GILT,1525.22
7125,2022-11-11,CRISIL_GILT,1527.4
7126,2022-11-14,CRISIL_GILT,1522.23
7127,2022-11-15,CRISIL_GILT,1519.96
7128,2022-11-16,CRISIL_GILT,1520.52
7129,2022-11-17,CRISIL_GILT,1516.13
7130,2022-11-18,CRISIL_GILT,1518.06
7131,2022-11-21,CRISIL_GILT,1525.11
7132,2022-11-22,CRISIL_GILT,1525.15
7133,2022-11-23,CRISIL_GILT,1528.42
7134,2022-11-24,CRISIL_GILT,1523.95
7135,2022-11-25,CRISIL_GILT,1521.96
7136,2022-11-28,CRISIL_GILT,1526.22
7137,2022-11-29,CRISIL_GILT,1521.42
7138,2022-11-30,CRISIL_GILT,1519.13
7139,2022-12-01,CRISIL_GILT,1523.95
7140,2022-12-02,CRISIL_GILT,1522.04
7141,2022-12-05,CRISIL_GILT,1514.82
7142,2022-12-06,CRISIL_GILT,1513.11
7143,2022-12-07,CRISIL_GILT,1520.2
7144,2022-12-08,CRISIL_GILT,1526.16
7145,2022-12-09,CRISIL_GILT,1526.3
7146,2022-12-12,CRISIL_GILT,1525.84
7147,2022-12-13,CRISIL_GILT,1535.37
7148,2022-12-14,CRISIL_GILT,1532.19
7149,2022-12-15,CRISIL_GILT,1530.15
7150,2022-12-16,CRISIL_GILT,1534.68
7151,2022-12-19,CRISIL_GILT,1531.77
7152,2022-12-20,CRISIL_GILT,1533.63
7153,2022-12-21,CRISIL_GILT,1529.29
7154,2022-12-22,CRISIL_GILT,1535.49
7155,2022-12-23,CRISIL_GILT,1534.25
7156,2022-12-26,CRISIL_GILT,1532.18
7157,2022-12-27,CRISIL_GILT,1529.37
7158,2022-12-28,CRISIL_GILT,1525.38
7159,2022-12-29,CRISIL_GILT,1524.47
7160,2022-12-30,CRISIL_GILT,1515.87
7161,2023-01-02,CRISIL_GILT,1512.14
7162,2023-01-03,CRISIL_GILT,1512.64
7163,2023-01-04,CRISIL_GILT,1513.41
7164,2023-01-05,CRISIL_GILT,1513.57
7165,2023-01-06,CRISIL_GILT,1511.11
7166,2023-01-09,CRISIL_GILT,1517.32
7167,2023-01-10,CRISIL_GILT,1521.08
7168,2023-01-11,CRISIL_GILT,1521.12
7169,2023-01-12,CRISIL_GILT,1521.11
7170,2023-01-13,CRISIL_GILT,1519.73
7171,2023-01-16,CRISIL_GILT,1517.7
7172,2023-01-17,CRISIL_GILT,1517.53
7173,2023-01-18,CRISIL_GILT,1521.59
7174,2023-01-19,CRISIL_GILT,1520.31
7175,2023-01-20,CRISIL_GILT,1525.66
7176,2023-01-23,CRISIL_GILT,1523.59
7177,2023-01-24,CRISIL_GILT,1529.77
7178,2023-01-25,CRISIL_GILT,1529.06
7179,2023-01-26,CRISIL_GILT,1532.12
7180,2023-01-27,CRISIL_GILT,1541.37
7181,2023-01-30,CRISIL_GILT,1551.24
7182,2023-01-31,CRISIL_GILT,1546.44
7183,2023-02-01,CRISIL_GILT,1550.92
7184,2023-02-02,CRISIL_GILT,1547.67
7185,2023-02-03,CRISIL_GILT,1549.58
7186,2023-02-06,CRISIL_GILT,1551.93
7187,2023-02-07,CRISIL_GILT,1555.75
7188,2023-02-08,CRISIL_GILT,1551.18
7189,2023-02-09,CRISIL_GILT,1547.03
7190,2023-02-10,CRISIL_GILT,1544.24
7191,2023-02-13,CRISIL_GILT,1546.96
7192,2023-02-14,CRISIL_GILT,1548.36
7193,2023-02-15,CRISIL_GILT,1550.41
7194,2023-02-16,CRISIL_GILT,1546.26
7195,2023-02-17,CRISIL_GILT,1547.35
7196,2023-02-20,CRISIL_GILT,1545.23
7197,2023-02-21,CRISIL_GILT,1543.27
7198,2023-02-22,CRISIL_GILT,1543.22
7199,2023-02-23,CRISIL_GILT,1537.77
7200,2023-02-24,CRISIL_GILT,1540.27
7201,2023-02-27,CRISIL_GILT,1535.16
7202,2023-02-28,CRISIL_GILT,1534.01
7203,2023-03-01,CRISIL_GILT,1537.31
7204,2023-03-02,CRISIL_GILT,1531.91
7205,2023-03-03,CRISIL_GILT,1526.94
7206,2023-03-06,CRISIL_GILT,1531.37
7207,2023-03-07,CRISIL_GILT,1527.66
7208,2023-03-08,CRISIL_GILT,1531.83
7209,2023-03-09,CRISIL_GILT,1533.96
7210,2023-03-10,CRISIL_GILT,1529.23
7211,2023-03-13,CRISIL_GILT,1530.33
7212,2023-03-14,CRISIL_GILT,1532.51
7213,2023-03-15,CRISIL_GILT,1527.57
7214,2023-03-16,CRISIL_GILT,1528.24
7215,2023-03-17,CRISIL_GILT,1531.9
7216,2023-03-20,CRISIL_GILT,1532.03
7217,2023-03-21,CRISIL_GILT,1533.04
7218,2023-03-22,CRISIL_GILT,1532.94
7219,2023-03-23,CRISIL_GILT,1537.34
7220,2023-03-24,CRISIL_GILT,1537.4
7221,2023-03-27,CRISIL_GILT,1535.14
7222,2023-03-28,CRISIL_GILT,1534.71
7223,2023-03-29,CRISIL_GILT,1529.11
7224,2023-03-30,CRISIL_GILT,1517.97
7225,2023-03-31,CRISIL_GILT,1515.24
7226,2023-04-03,CRISIL_GILT,1521.51
7227,2023-04-04,CRISIL_GILT,1525.85
7228,2023-04-05,CRISIL_GILT,1519.98
7229,2023-04-06,CRISIL_GILT,1516.4
7230,2023-04-07,CRISIL_GILT,1514.45
7231,2023-04-10,CRISIL_GILT,1514.16
7232,2023-04-11,CRISIL_GILT,1510.66
7233,2023-04-12,CRISIL_GILT,1508.77
7234,2023-04-13,CRISIL_GILT,1513.1
7235,2023-04-14,CRISIL_GILT,1509.72
7236,2023-04-17,CRISIL_GILT,1512.29
7237,2023-04-18,CRISIL_GILT,1515.63
7238,2023-04-19,CRISIL_GILT,1525.26
7239,2023-04-20,CRISIL_GILT,1523.05
7240,2023-04-21,CRISIL_GILT,1519.2
7241,2023-04-24,CRISIL_GILT,1513.06
7242,2023-04-25,CRISIL_GILT,1516.02
7243,2023-04-26,CRISIL_GILT,1518.09
7244,2023-04-27,CRISIL_GILT,1518.13
7245,2023-04-28,CRISIL_GILT,1519.8
7246,2023-05-01,CRISIL_GILT,1520.55
7247,2023-05-02,CRISIL_GILT,1519.42
7248,2023-05-03,CRISIL_GILT,1518.57
7249,2023-05-04,CRISIL_GILT,1518.63
7250,2023-05-05,CRISIL_GILT,1528.48
7251,2023-05-08,CRISIL_GILT,1532.43
7252,2023-05-09,CRISIL_GILT,1528.37
7253,2023-05-10,CRISIL_GILT,1530.34
7254,2023-05-11,CRISIL_GILT,1530.75
7255,2023-05-12,CRISIL_GILT,1538.17
7256,2023-05-15,CRISIL_GILT,1543.5
7257,2023-05-16,CRISIL_GILT,1543.55
7258,2023-05-17,CRISIL_GILT,1543.88
7259,2023-05-18,CRISIL_GILT,1539.9
7260,2023-05-19,CRISIL_GILT,1542.89
7261,2023-05-22,CRISIL_GILT,1547.79
7262,2023-05-23,CRISIL_GILT,1548.71
7263,2023-05-24,CRISIL_GILT,1550.18
7264,2023-05-25,CRISIL_GILT,1549.35
7265,2023-05-26,CRISIL_GILT,1553.24
7266,2023-05-29,CRISIL_GILT,1548.44
7267,2023-05-30,CRISIL_GILT,1544.53
7268,2023-05-31,CRISIL_GILT,1548.59
7269,2023-06-01,CRISIL_GILT,1543.54
7270,2023-06-02,CRISIL_GILT,1541.51
7271,2023-06-05,CRISIL_GILT,1540.87
7272,2023-06-06,CRISIL_GILT,1543.14
7273,2023-06-07,CRISIL_GILT,1544.18
7274,2023-06-08,CRISIL_GILT,1532.69
7275,2023-06-09,CRISIL_GILT,1535.38
7276,2023-06-12,CRISIL_GILT,1534.96
7277,2023-06-13,CRISIL_GILT,1539.53
7278,2023-06-14,CRISIL_GILT,1536.21
7279,2023-06-15,CRISIL_GILT,1542.77
7280,2023-06-16,CRISIL_GILT,1538.64
7281,2023-06-19,CRISIL_GILT,1537.29
7282,2023-06-20,CRISIL_GILT,1542.62
7283,2023-06-21,CRISIL_GILT,1551.85
7284,2023-06-22,CRISIL_GILT,1547.71
7285,2023-06-23,CRISIL_GILT,1557.91
7286,2023-06-26,CRISIL_GILT,1549.04
7287,2023-06-27,CRISIL_GILT,1552.44
7288,2023-06-28,CRISIL_GILT,1559.79
7289,2023-06-29,CRISIL_GILT,1556.18
7290,2023-06-30,CRISIL_GILT,1561.45
7291,2023-07-03,CRISIL_GILT,1559.89
7292,2023-07-04,CRISIL_GILT,1557.39
7293,2023-07-05,CRISIL_GILT,1552.52
7294,2023-07-06,CRISIL_GILT,1552.66
7295,2023-07-07,CRISIL_GILT,1553.66
7296,2023-07-10,CRISIL_GILT,1549.43
7297,2023-07-11,CRISIL_GILT,1555.45
7298,2023-07-12,CRISIL_GILT,1553.51
7299,2023-07-13,CRISIL_GILT,1553.81
7300,2023-07-14,CRISIL_GILT,1555.16
7301,2023-07-17,CRISIL_GILT,1567.39
7302,2023-07-18,CRISIL_GILT,1572.91
7303,2023-07-19,CRISIL_GILT,1576.6
7304,2023-07-20,CRISIL_GILT,1575.3
7305,2023-07-21,CRISIL_GILT,1577.23
7306,2023-07-24,CRISIL_GILT,1579.58
7307,2023-07-25,CRISIL_GILT,1579.91
7308,2023-07-26,CRISIL_GILT,1584.18
7309,2023-07-27,CRISIL_GILT,1597.19
7310,2023-07-28,CRISIL_GILT,1593.18
7311,2023-07-31,CRISIL_GILT,1595.3
7312,2023-08-01,CRISIL_GILT,1597.33
7313,2023-08-02,CRISIL_GILT,1596.83
7314,2023-08-03,CRISIL_GILT,1594.59
7315,2023-08-04,CRISIL_GILT,1592.15
7316,2023-08-07,CRISIL_GILT,1601.63
7317,2023-08-08,CRISIL_GILT,1602.73
7318,2023-08-09,CRISIL_GILT,1607.28
7319,2023-08-10,CRISIL_GILT,1606.61
7320,2023-08-11,CRISIL_GILT,1608.82
7321,2023-08-14,CRISIL_GILT,1611.38
7322,2023-08-15,CRISIL_GILT,1610.87
7323,2023-08-16,CRISIL_GILT,1612.4
7324,2023-08-17,CRISIL_GILT,1618.09
7325,2023-08-18,CRISIL_GILT,1614.02
7326,2023-08-21,CRISIL_GILT,1615.4
7327,2023-08-22,CRISIL_GILT,1618.19
7328,2023-08-23,CRISIL_GILT,1621.91
7329,2023-08-24,CRISIL_GILT,1626.3
7330,2023-08-25,CRISIL_GILT,1629.74
7331,2023-08-28,CRISIL_GILT,1635.12
7332,2023-08-29,CRISIL_GILT,1633.92
7333,2023-08-30,CRISIL_GILT,1640.4
7334,2023-08-31,CRISIL_GILT,1641.38
7335,2023-09-01,CRISIL_GILT,1645.47
7336,2023-09-04,CRISIL_GILT,1640.52
7337,2023-09-05,CRISIL_GILT,1643.73
7338,2023-09-06,CRISIL_GILT,1644.84
7339,2023-09-07,CRISIL_GILT,1644.06
7340,2023-09-08,CRISIL_GILT,1649.91
7341,2023-09-11,CRISIL_GILT,1651.31
7342,2023-09-12,CRISIL_GILT,1652.62
7343,2023-09-13,CRISIL_GILT,1647.15
7344,2023-09-14,CRISIL_GILT,1644.78
7345,2023-09-15,CRISIL_GILT,1646.01
7346,2023-09-18,CRISIL_GILT,1643.69
7347,2023-09-19,CRISIL_GILT,1650.18
7348,2023-09-20,CRISIL_GILT,1649.43
7349,2023-09-21,CRISIL_GILT,1645.9
7350,2023-09-22,CRISIL_GILT,1641.75
7351,2023-09-25,CRISIL_GILT,1641.67
7352,2023-09-26,CRISIL_GILT,1645.66
7353,2023-09-27,CRISIL_GILT,1642.24
7354,2023-09-28,CRISIL_GILT,1638.39
7355,2023-09-29,CRISIL_GILT,1636.48
7356,2023-10-02,CRISIL_GILT,1636.67
7357,2023-10-03,CRISIL_GILT,1632.78
7358,2023-10-04,CRISIL_GILT,1633.75
7359,2023-10-05,CRISIL_GILT,1640.64
7360,2023-10-06,CRISIL_GILT,1641.05
7361,2023-10-09,CRISIL_GILT,1639.83
7362,2023-10-10,CRISIL_GILT,1644.93
7363,2023-10-11,CRISIL_GILT,1640.63
7364,2023-10-12,CRISIL_GILT,1643.29
7365,2023-10-13,CRISIL_GILT,1643.87
7366,2023-10-16,CRISIL_GILT,1651.37
7367,2023-10-17,CRISIL_GILT,1657.07
7368,2023-10-18,CRISIL_GILT,1649.4
7369,2023-10-19,CRISIL_GILT,1650.74
7370,2023-10-20,CRISIL_GILT,1645.15
7371,2023-10-23,CRISIL_GILT,1650.36
7372,2023-10-24,CRISIL_GILT,1646.87
7373,2023-10-25,CRISIL_GILT,1650.61
7374,2023-10-26,CRISIL_GILT,1655.88
7375,2023-10-27,CRISIL_GILT,1648.77
7376,2023-10-30,CRISIL_GILT,1655.37
7377,2023-10-31,CRISIL_GILT,1660.54
7378,2023-11-01,CRISIL_GILT,1656.61
7379,2023-11-02,CRISIL_GILT,1661.94
7380,2023-11-03,CRISIL_GILT,1657.4
7381,2023-11-06,CRISIL_GILT,1661.67
7382,2023-11-07,CRISIL_GILT,1661.76
7383,2023-11-08,CRISIL_GILT,1656.3
7384,2023-11-09,CRISIL_GILT,1662.95
7385,2023-11-10,CRISIL_GILT,1669.61
7386,2023-11-13,CRISIL_GILT,1670.9
7387,2023-11-14,CRISIL_GILT,1671.47
7388,2023-11-15,CRISIL_GILT,1670.26
7389,2023-11-16,CRISIL_GILT,1673.07
7390,2023-11-17,CRISIL_GILT,1675.27
7391,2023-11-20,CRISIL_GILT,1682.21
7392,2023-11-21,CRISIL_GILT,1683.58
7393,2023-11-22,CRISIL_GILT,1690.01
7394,2023-11-23,CRISIL_GILT,1682.59
7395,2023-11-24,CRISIL_GILT,1686.51
7396,2023-11-27,CRISIL_GILT,1687.75
7397,2023-11-28,CRISIL_GILT,1689.76
7398,2023-11-29,CRISIL_GILT,1698.01
7399,2023-11-30,CRISIL_GILT,1703.24
7400,2023-12-01,CRISIL_GILT,1702.22
7401,2023-12-04,CRISIL_GILT,1699.05
7402,2023-12-05,CRISIL_GILT,1691.35
7403,2023-12-06,CRISIL_GILT,1693.76
7404,2023-12-07,CRISIL_GILT,1699.5
7405,2023-12-08,CRISIL_GILT,1705.43
7406,2023-12-11,CRISIL_GILT,1704.18
7407,2023-12-12,CRISIL_GILT,1710.05
7408,2023-12-13,CRISIL_GILT,1716.02
7409,2023-12-14,CRISIL_GILT,1720.69
7410,2023-12-15,CRISIL_GILT,1721.41
7411,2023-12-18,CRISIL_GILT,1721.71
7412,2023-12-19,CRISIL_GILT,1724.52
7413,2023-12-20,CRISIL_GILT,1727.99
7414,2023-12-21,CRISIL_GILT,1726.41
7415,2023-12-22,CRISIL_GILT,1725.33
7416,2023-12-25,CRISIL_GILT,1727.0
7417,2023-12-26,CRISIL_GILT,1724.8
7418,2023-12-27,CRISIL_GILT,1723.08
7419,2023-12-28,CRISIL_GILT,1715.95
7420,2023-12-29,CRISIL_GILT,1712.08
7421,2024-01-01,CRISIL_GILT,1715.79
7422,2024-01-02,CRISIL_GILT,1720.64
7423,2024-01-03,CRISIL_GILT,1720.96
7424,2024-01-04,CRISIL_GILT,1724.88
7425,2024-01-05,CRISIL_GILT,1715.7
7426,2024-01-08,CRISIL_GILT,1718.05
7427,2024-01-09,CRISIL_GILT,1712.23
7428,2024-01-10,CRISIL_GILT,1709.1
7429,2024-01-11,CRISIL_GILT,1712.39
7430,2024-01-12,CRISIL_GILT,1716.41
7431,2024-01-15,CRISIL_GILT,1708.68
7432,2024-01-16,CRISIL_GILT,1702.0
7433,2024-01-17,CRISIL_GILT,1699.61
7434,2024-01-18,CRISIL_GILT,1692.44
7435,2024-01-19,CRISIL_GILT,1691.16
7436,2024-01-22,CRISIL_GILT,1695.34
7437,2024-01-23,CRISIL_GILT,1689.21
7438,2024-01-24,CRISIL_GILT,1698.28
7439,2024-01-25,CRISIL_GILT,1697.65
7440,2024-01-26,CRISIL_GILT,1699.73
7441,2024-01-29,CRISIL_GILT,1695.82
7442,2024-01-30,CRISIL_GILT,1700.76
7443,2024-01-31,CRISIL_GILT,1702.25
7444,2024-02-01,CRISIL_GILT,1703.82
7445,2024-02-02,CRISIL_GILT,1705.97
7446,2024-02-05,CRISIL_GILT,1700.91
7447,2024-02-06,CRISIL_GILT,1703.16
7448,2024-02-07,CRISIL_GILT,1706.67
7449,2024-02-08,CRISIL_GILT,1700.58
7450,2024-02-09,CRISIL_GILT,1699.92
7451,2024-02-12,CRISIL_GILT,1699.08
7452,2024-02-13,CRISIL_GILT,1699.75
7453,2024-02-14,CRISIL_GILT,1703.33
7454,2024-02-15,CRISIL_GILT,1707.33
7455,2024-02-16,CRISIL_GILT,1707.39
7456,2024-02-19,CRISIL_GILT,1712.0
7457,2024-02-20,CRISIL_GILT,1706.55
7458,2024-02-21,CRISIL_GILT,1708.17
7459,2024-02-22,CRISIL_GILT,1700.01
7460,2024-02-23,CRISIL_GILT,1698.36
7461,2024-02-26,CRISIL_GILT,1700.91
7462,2024-02-27,CRISIL_GILT,1704.46
7463,2024-02-28,CRISIL_GILT,1706.21
7464,2024-02-29,CRISIL_GILT,1713.48
7465,2024-03-01,CRISIL_GILT,1714.44
7466,2024-03-04,CRISIL_GILT,1707.58
7467,2024-03-05,CRISIL_GILT,1698.31
7468,2024-03-06,CRISIL_GILT,1694.55
7469,2024-03-07,CRISIL_GILT,1690.78
7470,2024-03-08,CRISIL_GILT,1691.42
7471,2024-03-11,CRISIL_GILT,1689.55
7472,2024-03-12,CRISIL_GILT,1685.99
7473,2024-03-13,CRISIL_GILT,1684.0
7474,2024-03-14,CRISIL_GILT,1683.04
7475,2024-03-15,CRISIL_GILT,1679.98
7476,2024-03-18,CRISIL_GILT,1680.63
7477,2024-03-19,CRISIL_GILT,1685.12
7478,2024-03-20,CRISIL_GILT,1682.85
7479,2024-03-21,CRISIL_GILT,1683.69
7480,2024-03-22,CRISIL_GILT,1692.97
7481,2024-03-25,CRISIL_GILT,1694.5
7482,2024-03-26,CRISIL_GILT,1699.65
7483,2024-03-27,CRISIL_GILT,1698.11
7484,2024-03-28,CRISIL_GILT,1703.61
7485,2024-03-29,CRISIL_GILT,1700.65
7486,2024-04-01,CRISIL_GILT,1703.72
7487,2024-04-02,CRISIL_GILT,1708.83
7488,2024-04-03,CRISIL_GILT,1715.98
7489,2024-04-04,CRISIL_GILT,1717.01
7490,2024-04-05,CRISIL_GILT,1716.33
7491,2024-04-08,CRISIL_GILT,1710.85
7492,2024-04-09,CRISIL_GILT,1711.02
7493,2024-04-10,CRISIL_GILT,1714.99
7494,2024-04-11,CRISIL_GILT,1718.5
7495,2024-04-12,CRISIL_GILT,1718.9
7496,2024-04-15,CRISIL_GILT,1721.0
7497,2024-04-16,CRISIL_GILT,1728.76
7498,2024-04-17,CRISIL_GILT,1732.22
7499,2024-04-18,CRISIL_GILT,1731.69
7500,2024-04-19,CRISIL_GILT,1732.18
7501,2024-04-22,CRISIL_GILT,1735.62
7502,2024-04-23,CRISIL_GILT,1738.72
7503,2024-04-24,CRISIL_GILT,1749.14
7504,2024-04-25,CRISIL_GILT,1756.93
7505,2024-04-26,CRISIL_GILT,1752.9
7506,2024-04-29,CRISIL_GILT,1750.53
7507,2024-04-30,CRISIL_GILT,1756.68
7508,2024-05-01,CRISIL_GILT,1753.74
7509,2024-05-02,CRISIL_GILT,1754.99
7510,2024-05-03,CRISIL_GILT,1762.69
7511,2024-05-06,CRISIL_GILT,1764.58
7512,2024-05-07,CRISIL_GILT,1769.46
7513,2024-05-08,CRISIL_GILT,1770.96
7514,2024-05-09,CRISIL_GILT,1771.15
7515,2024-05-10,CRISIL_GILT,1763.45
7516,2024-05-13,CRISIL_GILT,1765.1
7517,2024-05-14,CRISIL_GILT,1763.25
7518,2024-05-15,CRISIL_GILT,1769.73
7519,2024-05-16,CRISIL_GILT,1759.01
7520,2024-05-17,CRISIL_GILT,1757.26
7521,2024-05-20,CRISIL_GILT,1763.92
7522,2024-05-21,CRISIL_GILT,1773.15
7523,2024-05-22,CRISIL_GILT,1778.81
7524,2024-05-23,CRISIL_GILT,1782.32
7525,2024-05-24,CRISIL_GILT,1775.1
7526,2024-05-27,CRISIL_GILT,1770.88
7527,2024-05-28,CRISIL_GILT,1775.53
7528,2024-05-29,CRISIL_GILT,1770.28
7529,2024-05-30,CRISIL_GILT,1769.74
7530,2024-05-31,CRISIL_GILT,1768.86
7531,2024-06-03,CRISIL_GILT,1771.23
7532,2024-06-04,CRISIL_GILT,1774.73
7533,2024-06-05,CRISIL_GILT,1763.92
7534,2024-06-06,CRISIL_GILT,1765.69
7535,2024-06-07,CRISIL_GILT,1763.17
7536,2024-06-10,CRISIL_GILT,1766.15
7537,2024-06-11,CRISIL_GILT,1758.75
7538,2024-06-12,CRISIL_GILT,1763.76
7539,2024-06-13,CRISIL_GILT,1761.09
7540,2024-06-14,CRISIL_GILT,1759.88
7541,2024-06-17,CRISIL_GILT,1767.63
7542,2024-06-18,CRISIL_GILT,1767.53
7543,2024-06-19,CRISIL_GILT,1772.44
7544,2024-06-20,CRISIL_GILT,1772.84
7545,2024-06-21,CRISIL_GILT,1780.8
7546,2024-06-24,CRISIL_GILT,1782.83
7547,2024-06-25,CRISIL_GILT,1785.67
7548,2024-06-26,CRISIL_GILT,1786.99
7549,2024-06-27,CRISIL_GILT,1786.17
7550,2024-06-28,CRISIL_GILT,1790.62
7551,2024-07-01,CRISIL_GILT,1787.76
7552,2024-07-02,CRISIL_GILT,1791.56
7553,2024-07-03,CRISIL_GILT,1796.42
7554,2024-07-04,CRISIL_GILT,1799.36
7555,2024-07-05,CRISIL_GILT,1795.61
7556,2024-07-08,CRISIL_GILT,1798.15
7557,2024-07-09,CRISIL_GILT,1803.42
7558,2024-07-10,CRISIL_GILT,1798.19
7559,2024-07-11,CRISIL_GILT,1791.8
7560,2024-07-12,CRISIL_GILT,1796.13
7561,2024-07-15,CRISIL_GILT,1793.72
7562,2024-07-16,CRISIL_GILT,1797.61
7563,2024-07-17,CRISIL_GILT,1805.9
7564,2024-07-18,CRISIL_GILT,1799.73
7565,2024-07-19,CRISIL_GILT,1793.18
7566,2024-07-22,CRISIL_GILT,1797.33
7567,2024-07-23,CRISIL_GILT,1803.79
7568,2024-07-24,CRISIL_GILT,1812.12
7569,2024-07-25,CRISIL_GILT,1816.33
7570,2024-07-26,CRISIL_GILT,1816.23
7571,2024-07-29,CRISIL_GILT,1817.19
7572,2024-07-30,CRISIL_GILT,1819.25
7573,2024-07-31,CRISIL_GILT,1827.51
7574,2024-08-01,CRISIL_GILT,1829.38
7575,2024-08-02,CRISIL_GILT,1826.72
7576,2024-08-05,CRISIL_GILT,1828.27
7577,2024-08-06,CRISIL_GILT,1821.61
7578,2024-08-07,CRISIL_GILT,1819.58
7579,2024-08-08,CRISIL_GILT,1818.69
7580,2024-08-09,CRISIL_GILT,1817.43
7581,2024-08-12,CRISIL_GILT,1810.69
7582,2024-08-13,CRISIL_GILT,1805.8
7583,2024-08-14,CRISIL_GILT,1806.23
7584,2024-08-15,CRISIL_GILT,1810.56
7585,2024-08-16,CRISIL_GILT,1809.18
7586,2024-08-19,CRISIL_GILT,1810.04
7587,2024-08-20,CRISIL_GILT,1814.56
7588,2024-08-21,CRISIL_GILT,1827.33
7589,2024-08-22,CRISIL_GILT,1826.4
7590,2024-08-23,CRISIL_GILT,1823.05
7591,2024-08-26,CRISIL_GILT,1827.21
7592,2024-08-27,CRISIL_GILT,1831.66
7593,2024-08-28,CRISIL_GILT,1826.15
7594,2024-08-29,CRISIL_GILT,1821.53
7595,2024-08-30,CRISIL_GILT,1815.77
7596,2024-09-02,CRISIL_GILT,1813.02
7597,2024-09-03,CRISIL_GILT,1817.49
7598,2024-09-04,CRISIL_GILT,1819.64
7599,2024-09-05,CRISIL_GILT,1820.94
7600,2024-09-06,CRISIL_GILT,1816.96
7601,2024-09-09,CRISIL_GILT,1812.63
7602,2024-09-10,CRISIL_GILT,1813.48
7603,2024-09-11,CRISIL_GILT,1813.78
7604,2024-09-12,CRISIL_GILT,1816.54
7605,2024-09-13,CRISIL_GILT,1823.42
7606,2024-09-16,CRISIL_GILT,1818.72
7607,2024-09-17,CRISIL_GILT,1818.55
7608,2024-09-18,CRISIL_GILT,1819.59
7609,2024-09-19,CRISIL_GILT,1821.0
7610,2024-09-20,CRISIL_GILT,1821.86
7611,2024-09-23,CRISIL_GILT,1822.21
7612,2024-09-24,CRISIL_GILT,1823.6
7613,2024-09-25,CRISIL_GILT,1826.5
7614,2024-09-26,CRISIL_GILT,1823.78
7615,2024-09-27,CRISIL_GILT,1826.46
7616,2024-09-30,CRISIL_GILT,1829.35
7617,2024-10-01,CRISIL_GILT,1830.96
7618,2024-10-02,CRISIL_GILT,1838.77
7619,2024-10-03,CRISIL_GILT,1840.3
7620,2024-10-04,CRISIL_GILT,1842.52
7621,2024-10-07,CRISIL_GILT,1838.51
7622,2024-10-08,CRISIL_GILT,1843.86
7623,2024-10-09,CRISIL_GILT,1853.31
7624,2024-10-10,CRISIL_GILT,1854.57
7625,2024-10-11,CRISIL_GILT,1845.47
7626,2024-10-14,CRISIL_GILT,1851.01
7627,2024-10-15,CRISIL_GILT,1857.94
7628,2024-10-16,CRISIL_GILT,1859.48
7629,2024-10-17,CRISIL_GILT,1857.59
7630,2024-10-18,CRISIL_GILT,1864.09
7631,2024-10-21,CRISIL_GILT,1870.26
7632,2024-10-22,CRISIL_GILT,1871.98
7633,2024-10-23,CRISIL_GILT,1877.9
7634,2024-10-24,CRISIL_GILT,1875.01
7635,2024-10-25,CRISIL_GILT,1881.66
7636,2024-10-28,CRISIL_GILT,1883.49
7637,2024-10-29,CRISIL_GILT,1882.59
7638,2024-10-30,CRISIL_GILT,1883.67
7639,2024-10-31,CRISIL_GILT,1888.05
7640,2024-11-01,CRISIL_GILT,1890.06
7641,2024-11-04,CRISIL_GILT,1899.36
7642,2024-11-05,CRISIL_GILT,1905.72
7643,2024-11-06,CRISIL_GILT,1900.65
7644,2024-11-07,CRISIL_GILT,1905.63
7645,2024-11-08,CRISIL_GILT,1911.01
7646,2024-11-11,CRISIL_GILT,1914.52
7647,2024-11-12,CRISIL_GILT,1910.49
7648,2024-11-13,CRISIL_GILT,1916.43
7649,2024-11-14,CRISIL_GILT,1918.24
7650,2024-11-15,CRISIL_GILT,1913.9
7651,2024-11-18,CRISIL_GILT,1916.17
7652,2024-11-19,CRISIL_GILT,1922.19
7653,2024-11-20,CRISIL_GILT,1918.66
7654,2024-11-21,CRISIL_GILT,1915.14
7655,2024-11-22,CRISIL_GILT,1919.21
7656,2024-11-25,CRISIL_GILT,1921.54
7657,2024-11-26,CRISIL_GILT,1926.07
7658,2024-11-27,CRISIL_GILT,1926.96
7659,2024-11-28,CRISIL_GILT,1939.74
7660,2024-11-29,CRISIL_GILT,1938.58
7661,2024-12-02,CRISIL_GILT,1942.4
7662,2024-12-03,CRISIL_GILT,1940.73
7663,2024-12-04,CRISIL_GILT,1934.44
7664,2024-12-05,CRISIL_GILT,1934.4
7665,2024-12-06,CRISIL_GILT,1933.61
7666,2024-12-09,CRISIL_GILT,1942.89
7667,2024-12-10,CRISIL_GILT,1945.6
7668,2024-12-11,CRISIL_GILT,1942.39
7669,2024-12-12,CRISIL_GILT,1943.27
7670,2024-12-13,CRISIL_GILT,1939.44
7671,2024-12-16,CRISIL_GILT,1938.81
7672,2024-12-17,CRISIL_GILT,1944.48
7673,2024-12-18,CRISIL_GILT,1947.39
7674,2024-12-19,CRISIL_GILT,1939.89
7675,2024-12-20,CRISIL_GILT,1936.6
7676,2024-12-23,CRISIL_GILT,1933.13
7677,2024-12-24,CRISIL_GILT,1930.34
7678,2024-12-25,CRISIL_GILT,1932.34
7679,2024-12-26,CRISIL_GILT,1938.0
7680,2024-12-27,CRISIL_GILT,1936.92
7681,2024-12-30,CRISIL_GILT,1934.41
7682,2024-12-31,CRISIL_GILT,1939.04
7683,2025-01-01,CRISIL_GILT,1941.13
7684,2025-01-02,CRISIL_GILT,1939.14
7685,2025-01-03,CRISIL_GILT,1937.8
7686,2025-01-06,CRISIL_GILT,1936.94
7687,2025-01-07,CRISIL_GILT,1942.92
7688,2025-01-08,CRISIL_GILT,1945.64
7689,2025-01-09,CRISIL_GILT,1955.22
7690,2025-01-10,CRISIL_GILT,1958.48
7691,2025-01-13,CRISIL_GILT,1954.67
7692,2025-01-14,CRISIL_GILT,1947.03
7693,2025-01-15,CRISIL_GILT,1944.54
7694,2025-01-16,CRISIL_GILT,1937.11
7695,2025-01-17,CRISIL_GILT,1933.87
7696,2025-01-20,CRISIL_GILT,1934.52
7697,2025-01-21,CRISIL_GILT,1928.75
7698,2025-01-22,CRISIL_GILT,1933.13
7699,2025-01-23,CRISIL_GILT,1931.22
7700,2025-01-24,CRISIL_GILT,1935.67
7701,2025-01-27,CRISIL_GILT,1931.62
7702,2025-01-28,CRISIL_GILT,1935.7
7703,2025-01-29,CRISIL_GILT,1933.79
7704,2025-01-30,CRISIL_GILT,1933.19
7705,2025-01-31,CRISIL_GILT,1930.65
7706,2025-02-03,CRISIL_GILT,1930.47
7707,2025-02-04,CRISIL_GILT,1933.83
7708,2025-02-05,CRISIL_GILT,1927.67
7709,2025-02-06,CRISIL_GILT,1939.05
7710,2025-02-07,CRISIL_GILT,1950.55
7711,2025-02-10,CRISIL_GILT,1948.65
7712,2025-02-11,CRISIL_GILT,1954.1
7713,2025-02-12,CRISIL_GILT,1948.78
7714,2025-02-13,CRISIL_GILT,1941.3
7715,2025-02-14,CRISIL_GILT,1951.34
7716,2025-02-17,CRISIL_GILT,1955.8
7717,2025-02-18,CRISIL_GILT,1957.13
7718,2025-02-19,CRISIL_GILT,1961.42
7719,2025-02-20,CRISIL_GILT,1958.69
7720,2025-02-21,CRISIL_GILT,1959.78
7721,2025-02-24,CRISIL_GILT,1961.54
7722,2025-02-25,CRISIL_GILT,1954.99
7723,2025-02-26,CRISIL_GILT,1961.26
7724,2025-02-27,CRISIL_GILT,1959.62
7725,2025-02-28,CRISIL_GILT,1954.41
7726,2025-03-03,CRISIL_GILT,1963.32
7727,2025-03-04,CRISIL_GILT,1970.02
7728,2025-03-05,CRISIL_GILT,1969.56
7729,2025-03-06,CRISIL_GILT,1963.93
7730,2025-03-07,CRISIL_GILT,1967.14
7731,2025-03-10,CRISIL_GILT,1968.09
7732,2025-03-11,CRISIL_GILT,1979.6
7733,2025-03-12,CRISIL_GILT,1986.91
7734,2025-03-13,CRISIL_GILT,1985.23
7735,2025-03-14,CRISIL_GILT,1993.16
7736,2025-03-17,CRISIL_GILT,2000.58
7737,2025-03-18,CRISIL_GILT,1992.4
7738,2025-03-19,CRISIL_GILT,1995.95
7739,2025-03-20,CRISIL_GILT,2002.68
7740,2025-03-21,CRISIL_GILT,2001.24
7741,2025-03-24,CRISIL_GILT,1995.64
7742,2025-03-25,CRISIL_GILT,2011.47
7743,2025-03-26,CRISIL_GILT,2020.18
7744,2025-03-27,CRISIL_GILT,2022.26
7745,2025-03-28,CRISIL_GILT,2012.14
7746,2025-03-31,CRISIL_GILT,2010.83
7747,2025-04-01,CRISIL_GILT,2021.62
7748,2025-04-02,CRISIL_GILT,2029.27
7749,2025-04-03,CRISIL_GILT,2028.71
7750,2025-04-04,CRISIL_GILT,2026.96
7751,2025-04-07,CRISIL_GILT,2035.27
7752,2025-04-08,CRISIL_GILT,2034.86
7753,2025-04-09,CRISIL_GILT,2035.08
7754,2025-04-10,CRISIL_GILT,2038.15
7755,2025-04-11,CRISIL_GILT,2042.04
7756,2025-04-14,CRISIL_GILT,2037.25
7757,2025-04-15,CRISIL_GILT,2041.29
7758,2025-04-16,CRISIL_GILT,2037.03
7759,2025-04-17,CRISIL_GILT,2044.57
7760,2025-04-18,CRISIL_GILT,2043.7
7761,2025-04-21,CRISIL_GILT,2046.07
7762,2025-04-22,CRISIL_GILT,2032.18
7763,2025-04-23,CRISIL_GILT,2037.34
7764,2025-04-24,CRISIL_GILT,2043.24
7765,2025-04-25,CRISIL_GILT,2041.44
7766,2025-04-28,CRISIL_GILT,2035.26
7767,2025-04-29,CRISIL_GILT,2028.94
7768,2025-04-30,CRISIL_GILT,2029.82
7769,2025-05-01,CRISIL_GILT,2024.98
7770,2025-05-02,CRISIL_GILT,2025.52
7771,2025-05-05,CRISIL_GILT,2026.98
7772,2025-05-06,CRISIL_GILT,2029.02
7773,2025-05-07,CRISIL_GILT,2037.27
7774,2025-05-08,CRISIL_GILT,2044.88
7775,2025-05-09,CRISIL_GILT,2046.56
7776,2025-05-12,CRISIL_GILT,2050.91
7777,2025-05-13,CRISIL_GILT,2053.86
7778,2025-05-14,CRISIL_GILT,2062.37
7779,2025-05-15,CRISIL_GILT,2064.04
7780,2025-05-16,CRISIL_GILT,2069.79
7781,2025-05-19,CRISIL_GILT,2082.27
7782,2025-05-20,CRISIL_GILT,2085.45
7783,2025-05-21,CRISIL_GILT,2083.9
7784,2025-05-22,CRISIL_GILT,2082.58
7785,2025-05-23,CRISIL_GILT,2079.69
7786,2025-05-26,CRISIL_GILT,2084.66
7787,2025-05-27,CRISIL_GILT,2087.54
7788,2025-05-28,CRISIL_GILT,2086.64
7789,2025-05-29,CRISIL_GILT,2095.75
7790,2025-05-30,CRISIL_GILT,2094.65
7791,2025-06-02,CRISIL_GILT,2096.15
7792,2025-06-03,CRISIL_GILT,2093.01
7793,2025-06-04,CRISIL_GILT,2093.42
7794,2025-06-05,CRISIL_GILT,2090.17
7795,2025-06-06,CRISIL_GILT,2090.61
7796,2025-06-09,CRISIL_GILT,2086.07
7797,2025-06-10,CRISIL_GILT,2084.36
7798,2025-06-11,CRISIL_GILT,2081.61
7799,2025-06-12,CRISIL_GILT,2079.11
7800,2025-06-13,CRISIL_GILT,2075.34
7801,2025-06-16,CRISIL_GILT,2074.51
7802,2025-06-17,CRISIL_GILT,2062.31
7803,2025-06-18,CRISIL_GILT,2066.71
7804,2025-06-19,CRISIL_GILT,2069.07
7805,2025-06-20,CRISIL_GILT,2071.5
7806,2025-06-23,CRISIL_GILT,2071.46
7807,2025-06-24,CRISIL_GILT,2078.87
7808,2025-06-25,CRISIL_GILT,2075.96
7809,2025-06-26,CRISIL_GILT,2067.92
7810,2025-06-27,CRISIL_GILT,2070.12
7811,2025-06-30,CRISIL_GILT,2080.88
7812,2025-07-01,CRISIL_GILT,2089.27
7813,2025-07-02,CRISIL_GILT,2094.88
7814,2025-07-03,CRISIL_GILT,2107.68
7815,2025-07-04,CRISIL_GILT,2106.29
7816,2025-07-07,CRISIL_GILT,2104.64
7817,2025-07-08,CRISIL_GILT,2104.04
7818,2025-07-09,CRISIL_GILT,2091.61
7819,2025-07-10,CRISIL_GILT,2100.07
7820,2025-07-11,CRISIL_GILT,2100.81
7821,2025-07-14,CRISIL_GILT,2098.21
7822,2025-07-15,CRISIL_GILT,2097.87
7823,2025-07-16,CRISIL_GILT,2093.55
7824,2025-07-17,CRISIL_GILT,2094.49
7825,2025-07-18,CRISIL_GILT,2092.45
7826,2025-07-21,CRISIL_GILT,2090.65
7827,2025-07-22,CRISIL_GILT,2086.65
7828,2025-07-23,CRISIL_GILT,2087.47
7829,2025-07-24,CRISIL_GILT,2085.44
7830,2025-07-25,CRISIL_GILT,2093.2
7831,2025-07-28,CRISIL_GILT,2096.64
7832,2025-07-29,CRISIL_GILT,2090.34
7833,2025-07-30,CRISIL_GILT,2094.17
7834,2025-07-31,CRISIL_GILT,2096.58
7835,2025-08-01,CRISIL_GILT,2097.55
7836,2025-08-04,CRISIL_GILT,2097.32
7837,2025-08-05,CRISIL_GILT,2104.15
7838,2025-08-06,CRISIL_GILT,2098.89
7839,2025-08-07,CRISIL_GILT,2099.13
7840,2025-08-08,CRISIL_GILT,2090.88
7841,2025-08-11,CRISIL_GILT,2094.29
7842,2025-08-12,CRISIL_GILT,2094.55
7843,2025-08-13,CRISIL_GILT,2089.98
7844,2025-08-14,CRISIL_GILT,2091.55
7845,2025-08-15,CRISIL_GILT,2099.35
7846,2025-08-18,CRISIL_GILT,2100.54
7847,2025-08-19,CRISIL_GILT,2092.82
7848,2025-08-20,CRISIL_GILT,2093.32
7849,2025-08-21,CRISIL_GILT,2095.47
7850,2025-08-22,CRISIL_GILT,2092.41
7851,2025-08-25,CRISIL_GILT,2104.75
7852,2025-08-26,CRISIL_GILT,2097.68
7853,2025-08-27,CRISIL_GILT,2084.87
7854,2025-08-28,CRISIL_GILT,2080.55
7855,2025-08-29,CRISIL_GILT,2070.95
7856,2025-09-01,CRISIL_GILT,2076.48
7857,2025-09-02,CRISIL_GILT,2082.63
7858,2025-09-03,CRISIL_GILT,2074.79
7859,2025-09-04,CRISIL_GILT,2069.7
7860,2025-09-05,CRISIL_GILT,2063.96
7861,2025-09-08,CRISIL_GILT,2064.44
7862,2025-09-09,CRISIL_GILT,2067.47
7863,2025-09-10,CRISIL_GILT,2075.87
7864,2025-09-11,CRISIL_GILT,2078.69
7865,2025-09-12,CRISIL_GILT,2077.52
7866,2025-09-15,CRISIL_GILT,2076.11
7867,2025-09-16,CRISIL_GILT,2077.22
7868,2025-09-17,CRISIL_GILT,2078.64
7869,2025-09-18,CRISIL_GILT,2078.59
7870,2025-09-19,CRISIL_GILT,2079.69
7871,2025-09-22,CRISIL_GILT,2080.16
7872,2025-09-23,CRISIL_GILT,2073.16
7873,2025-09-24,CRISIL_GILT,2074.52
7874,2025-09-25,CRISIL_GILT,2070.55
7875,2025-09-26,CRISIL_GILT,2072.22
7876,2025-09-29,CRISIL_GILT,2075.37
7877,2025-09-30,CRISIL_GILT,2082.13
7878,2025-10-01,CRISIL_GILT,2082.55
7879,2025-10-02,CRISIL_GILT,2079.8
7880,2025-10-03,CRISIL_GILT,2084.82
7881,2025-10-06,CRISIL_GILT,2085.75
7882,2025-10-07,CRISIL_GILT,2096.7
7883,2025-10-08,CRISIL_GILT,2089.81
7884,2025-10-09,CRISIL_GILT,2087.36
7885,2025-10-10,CRISIL_GILT,2084.21
7886,2025-10-13,CRISIL_GILT,2094.51
7887,2025-10-14,CRISIL_GILT,2097.51
7888,2025-10-15,CRISIL_GILT,2088.24
7889,2025-10-16,CRISIL_GILT,2079.42
7890,2025-10-17,CRISIL_GILT,2084.52
7891,2025-10-20,CRISIL_GILT,2079.57
7892,2025-10-21,CRISIL_GILT,2080.19
7893,2025-10-22,CRISIL_GILT,2079.7
7894,2025-10-23,CRISIL_GILT,2090.69
7895,2025-10-24,CRISIL_GILT,2090.04
7896,2025-10-27,CRISIL_GILT,2088.42
7897,2025-10-28,CRISIL_GILT,2091.98
7898,2025-10-29,CRISIL_GILT,2098.45
7899,2025-10-30,CRISIL_GILT,2099.7
7900,2025-10-31,CRISIL_GILT,2088.19
7901,2025-11-03,CRISIL_GILT,2093.05
7902,2025-11-04,CRISIL_GILT,2086.5
7903,2025-11-05,CRISIL_GILT,2079.03
7904,2025-11-06,CRISIL_GILT,2077.05
7905,2025-11-07,CRISIL_GILT,2078.3
7906,2025-11-10,CRISIL_GILT,2086.55
7907,2025-11-11,CRISIL_GILT,2076.46
7908,2025-11-12,CRISIL_GILT,2077.86
7909,2025-11-13,CRISIL_GILT,2086.21
7910,2025-11-14,CRISIL_GILT,2086.27
7911,2025-11-17,CRISIL_GILT,2090.92
7912,2025-11-18,CRISIL_GILT,2095.14
7913,2025-11-19,CRISIL_GILT,2092.74
7914,2025-11-20,CRISIL_GILT,2096.54
7915,2025-11-21,CRISIL_GILT,2097.76
7916,2025-11-24,CRISIL_GILT,2096.68
7917,2025-11-25,CRISIL_GILT,2105.73
7918,2025-11-26,CRISIL_GILT,2105.41
7919,2025-11-27,CRISIL_GILT,2114.04
7920,2025-11-28,CRISIL_GILT,2112.82
7921,2025-12-01,CRISIL_GILT,2112.75
7922,2025-12-02,CRISIL_GILT,2112.11
7923,2025-12-03,CRISIL_GILT,2118.31
7924,2025-12-04,CRISIL_GILT,2114.31
7925,2025-12-05,CRISIL_GILT,2117.37
7926,2025-12-08,CRISIL_GILT,2120.09
7927,2025-12-09,CRISIL_GILT,2122.84
7928,2025-12-10,CRISIL_GILT,2134.44
7929,2025-12-11,CRISIL_GILT,2133.9
7930,2025-12-12,CRISIL_GILT,2149.26
7931,2025-12-15,CRISIL_GILT,2155.96
7932,2025-12-16,CRISIL_GILT,2148.72
7933,2025-12-17,CRISIL_GILT,2143.18
7934,2025-12-18,CRISIL_GILT,2149.35
7935,2025-12-19,CRISIL_GILT,2145.93
7936,2025-12-22,CRISIL_GILT,2147.88
7937,2025-12-23,CRISIL_GILT,2144.74
7938,2025-12-24,CRISIL_GILT,2142.85
7939,2025-12-25,CRISIL_GILT,2142.09
7940,2025-12-26,CRISIL_GILT,2148.03
7941,2025-12-29,CRISIL_GILT,2147.42
7942,2025-12-30,CRISIL_GILT,2155.78
7943,2025-12-31,CRISIL_GILT,2151.1
7944,2026-01-01,CRISIL_GILT,2156.03
7945,2026-01-02,CRISIL_GILT,2157.8
7946,2026-01-05,CRISIL_GILT,2151.71
7947,2026-01-06,CRISIL_GILT,2149.13
7948,2026-01-07,CRISIL_GILT,2149.11
7949,2026-01-08,CRISIL_GILT,2156.45
7950,2026-01-09,CRISIL_GILT,2156.38
7951,2026-01-12,CRISIL_GILT,2168.27
7952,2026-01-13,CRISIL_GILT,2167.14
7953,2026-01-14,CRISIL_GILT,2168.3
7954,2026-01-15,CRISIL_GILT,2176.16
7955,2026-01-16,CRISIL_GILT,2169.88
7956,2026-01-19,CRISIL_GILT,2177.09
7957,2026-01-20,CRISIL_GILT,2174.14
7958,2026-01-21,CRISIL_GILT,2173.49
7959,2026-01-22,CRISIL_GILT,2175.48
7960,2026-01-23,CRISIL_GILT,2171.68
7961,2026-01-26,CRISIL_GILT,2186.92
7962,2026-01-27,CRISIL_GILT,2188.77
7963,2026-01-28,CRISIL_GILT,2190.16
7964,2026-01-29,CRISIL_GILT,2187.53
7965,2026-01-30,CRISIL_GILT,2180.77
7966,2026-02-02,CRISIL_GILT,2187.65
7967,2026-02-03,CRISIL_GILT,2186.78
7968,2026-02-04,CRISIL_GILT,2189.23
7969,2026-02-05,CRISIL_GILT,2184.47
7970,2026-02-06,CRISIL_GILT,2189.58
7971,2026-02-09,CRISIL_GILT,2188.47
7972,2026-02-10,CRISIL_GILT,2180.0
7973,2026-02-11,CRISIL_GILT,2179.03
7974,2026-02-12,CRISIL_GILT,2183.94
7975,2026-02-13,CRISIL_GILT,2187.8
7976,2026-02-16,CRISIL_GILT,2190.54
7977,2026-02-17,CRISIL_GILT,2190.98
7978,2026-02-18,CRISIL_GILT,2191.81
7979,2026-02-19,CRISIL_GILT,2189.37
7980,2026-02-20,CRISIL_GILT,2196.42
7981,2026-02-23,CRISIL_GILT,2196.76
7982,2026-02-24,CRISIL_GILT,2194.48
7983,2026-02-25,CRISIL_GILT,2205.04
7984,2026-02-26,CRISIL_GILT,2212.56
7985,2026-02-27,CRISIL_GILT,2213.73
7986,2026-03-02,CRISIL_GILT,2212.41
7987,2026-03-03,CRISIL_GILT,2211.25
7988,2026-03-04,CRISIL_GILT,2206.52
7989,2026-03-05,CRISIL_GILT,2212.46
7990,2026-03-06,CRISIL_GILT,2223.37
7991,2026-03-09,CRISIL_GILT,2227.22
7992,2026-03-10,CRISIL_GILT,2236.58
7993,2026-03-11,CRISIL_GILT,2242.08
7994,2026-03-12,CRISIL_GILT,2234.43
7995,2026-03-13,CRISIL_GILT,2243.33
7996,2026-03-16,CRISIL_GILT,2242.7
7997,2026-03-17,CRISIL_GILT,2244.58
7998,2026-03-18,CRISIL_GILT,2240.08
7999,2026-03-19,CRISIL_GILT,2230.84
8000,2026-03-20,CRISIL_GILT,2227.98
8001,2026-03-23,CRISIL_GILT,2230.15
8002,2026-03-24,CRISIL_GILT,2231.52
8003,2026-03-25,CRISIL_GILT,2236.64
8004,2026-03-26,CRISIL_GILT,2238.92
8005,2026-03-27,CRISIL_GILT,2240.42
8006,2026-03-30,CRISIL_GILT,2237.99
8007,2026-03-31,CRISIL_GILT,2250.08
8008,2026-04-01,CRISIL_GILT,2261.92
8009,2026-04-02,CRISIL_GILT,2264.09
8010,2026-04-03,CRISIL_GILT,2256.85
8011,2026-04-06,CRISIL_GILT,2259.59
8012,2026-04-07,CRISIL_GILT,2253.08
8013,2026-04-08,CRISIL_GILT,2245.8
8014,2026-04-09,CRISIL_GILT,2252.11
8015,2026-04-10,CRISIL_GILT,2247.91
8016,2026-04-13,CRISIL_GILT,2245.76
8017,2026-04-14,CRISIL_GILT,2251.61
8018,2026-04-15,CRISIL_GILT,2254.94
8019,2026-04-16,CRISIL_GILT,2259.57
8020,2026-04-17,CRISIL_GILT,2270.49
8021,2026-04-20,CRISIL_GILT,2268.09
8022,2026-04-21,CRISIL_GILT,2270.69
8023,2026-04-22,CRISIL_GILT,2279.95
8024,2026-04-23,CRISIL_GILT,2275.31
8025,2026-04-24,CRISIL_GILT,2275.2
8026,2026-04-27,CRISIL_GILT,2280.81
8027,2026-04-28,CRISIL_GILT,2274.39
8028,2026-04-29,CRISIL_GILT,2276.36
8029,2026-04-30,CRISIL_GILT,2275.36
8030,2026-05-01,CRISIL_GILT,2270.81
8031,2026-05-04,CRISIL_GILT,2278.36
8032,2026-05-05,CRISIL_GILT,2284.29
8033,2026-05-06,CRISIL_GILT,2288.02
8034,2026-05-07,CRISIL_GILT,2292.76
8035,2026-05-08,CRISIL_GILT,2291.11
8036,2026-05-11,CRISIL_GILT,2292.07
8037,2026-05-12,CRISIL_GILT,2287.98
8038,2026-05-13,CRISIL_GILT,2293.1
8039,2026-05-14,CRISIL_GILT,2288.53
8040,2026-05-15,CRISIL_GILT,2286.31
8041,2026-05-18,CRISIL_GILT,2281.08
8042,2026-05-19,CRISIL_GILT,2282.98
8043,2026-05-20,CRISIL_GILT,2282.14
8044,2026-05-21,CRISIL_GILT,2285.11
8045,2026-05-22,CRISIL_GILT,2281.95
8046,2026-05-25,CRISIL_GILT,2278.26
8047,2026-05-26,CRISIL_GILT,2281.42
8048,2026-05-27,CRISIL_GILT,2281.3
8049,2026-05-28,CRISIL_GILT,2298.35
8050,2026-05-29,CRISIL_GILT,2302.79
